total_spend,spend_shopping,spend_travel,spend_fuel,spend_dining,spend_groceries,best_card_logic,most_used_card_sim
27015.82,5045.52,2350.33,10141.98,1128.6,8349.39,Tata Neu Infinity Credit Card,Tata Neu Infinity Credit Card
11806.45,1613.78,2661.15,1846.11,2412.39,3273.03,Tata Neu Infinity Credit Card,Millennia Credit Card
35798.73,297.19,20474.82,4492.2,6945.64,3588.88,Diners Club Black,BPCL Octane Credit Card
43883.51,11135.19,8307.82,3301.91,15318.01,5820.59,Tata Neu Infinity Credit Card,BPCL Octane Credit Card
38985.25,456.8,9796.48,7716.21,10875.03,10140.73,Cashback Credit Card,Millennia Credit Card
34288.76,5854.43,7920.77,9510.09,4619.6,6383.86,Tata Neu Infinity Credit Card,Cashback Credit Card
55764.5,9438.19,12706.41,7255.34,23593.35,2771.21,Cashback Credit Card,Diners Club Black
17851.74,206.78,2851.21,174.71,8345.68,6273.36,Cashback Credit Card,Diners Club Black
28774.58,5432.26,13642.42,133.81,7140.17,2425.93,Tata Neu Infinity Credit Card,Tata Neu Infinity Credit Card
11990.47,3081.94,940.08,2647.99,1875.55,3444.92,Tata Neu Infinity Credit Card,BPCL Octane Credit Card
25885.93,66.93,9165.38,8402.32,5628.47,2622.83,BPCL Octane Credit Card,BPCL Octane Credit Card
11908.87,1319.71,2671.79,3698.6,662.12,3556.65,Tata Neu Infinity Credit Card,Tata Neu Infinity Credit Card
44452.19,4359.44,2962.16,18931.52,2121.09,16077.98,Tata Neu Infinity Credit Card,BPCL Octane Credit Card
47824.57,7349.58,21264.13,1696.61,12471.8,5042.45,Cashback Credit Card,Diners Club Black
29361.7,11230.29,2357.5,4448.72,10955.33,369.85,Tata Neu Infinity Credit Card,BPCL Octane Credit Card
29895.13,8874.69,2189.19,1501.43,12995.17,4334.65,Tata Neu Infinity Credit Card,BPCL Octane Credit Card
8591.75,915.92,1144.64,2691.6,2926.08,913.52,Cashback Credit Card,Cashback Credit Card
16932.84,6692.72,5321.45,1239.23,2511.46,1167.98,Tata Neu Infinity Credit Card,Diners Club Black
40165.91,3451.19,67.73,19038.25,8982.51,8626.23,BPCL Octane Credit Card,Millennia Credit Card
41088.57,14747.03,2779.1,12926.42,1895.29,8740.73,Tata Neu Infinity Credit Card,BPCL Octane Credit Card
12981.84,3179.29,902.09,6270.13,1630.73,999.6,BPCL Octane Credit Card,Millennia Credit Card
45007.58,655.71,5667.54,12663.16,11741.79,14279.38,Tata Neu Infinity Credit Card,Cashback Credit Card
12548.43,894.15,149.03,4177.84,4009.98,3317.43,Tata Neu Infinity Credit Card,Millennia Credit Card
37185.24,1838.8,10411.31,8504.74,5437.86,10992.53,Tata Neu Infinity Credit Card,Millennia Credit Card
9764.44,1247.34,4056.14,679.45,1312.52,2468.99,Tata Neu Infinity Credit Card,Tata Neu Infinity Credit Card
29338.13,6536.62,4667.52,5825.5,7554.42,4754.07,Tata Neu Infinity Credit Card,BPCL Octane Credit Card
52431.16,7448.54,11078.26,11460.05,6300.18,16144.13,Tata Neu Infinity Credit Card,Diners Club Black
30142.34,4245.59,9212.94,6587.89,3929.61,6166.3,Tata Neu Infinity Credit Card,BPCL Octane Credit Card
39651.65,1342.7,8115.9,167.79,5131.51,24893.75,Tata Neu Infinity Credit Card,Cashback Credit Card
46698.78,3000.06,11677.39,6809.81,14067.05,11144.48,Tata Neu Infinity Credit Card,Millennia Credit Card
48720.69,6444.5,5372.12,3152.45,18451.96,15299.67,Tata Neu Infinity Credit Card,BPCL Octane Credit Card
38508.97,9982.54,1546.94,3364.75,14317.21,9297.53,Tata Neu Infinity Credit Card,Millennia Credit Card
49992.81,9491.37,9960.21,9575.51,9694.58,11271.14,Tata Neu Infinity Credit Card,Millennia Credit Card
21599.19,5797.22,827.22,5238.99,6737.08,2998.68,Tata Neu Infinity Credit Card,Cashback Credit Card
51244.39,17204.27,9008.63,16482.2,5032.65,3516.63,Tata Neu Infinity Credit Card,Tata Neu Infinity Credit Card
38774.23,13436.77,7503.12,3274.63,10884.82,3674.9,Tata Neu Infinity Credit Card,Cashback Credit Card
20305.92,15188.85,673.96,1893.2,2292.46,257.45,Tata Neu Infinity Credit Card,BPCL Octane Credit Card
34883.77,347.88,8800.63,9675.63,5556.92,10502.7,Tata Neu Infinity Credit Card,BPCL Octane Credit Card
51583.95,10881.78,1645.22,17216.82,6059.76,15780.37,Tata Neu Infinity Credit Card,Cashback Credit Card
10200.31,1998.09,1912.56,1119.97,3151.25,2018.43,Tata Neu Infinity Credit Card,Tata Neu Infinity Credit Card
20391.21,3034.65,5461.08,10536.98,605.74,752.76,BPCL Octane Credit Card,Cashback Credit Card
36333.04,657.06,20916.3,6283.68,3374.82,5101.18,Diners Club Black,Cashback Credit Card
26506.71,8243.45,1008.64,3309.78,9368.76,4576.08,Tata Neu Infinity Credit Card,BPCL Octane Credit Card
34159.89,6904.76,4570.27,12434.17,5794.82,4455.86,Tata Neu Infinity Credit Card,Diners Club Black
22605.92,2509.92,6343.74,7903.49,4526.01,1322.77,BPCL Octane Credit Card,BPCL Octane Credit Card
13576.28,839.41,5662.33,5158.15,1561.01,355.37,BPCL Octane Credit Card,Millennia Credit Card
23564.22,2373.46,4563.52,7613.34,3841.25,5172.65,Tata Neu Infinity Credit Card,Cashback Credit Card
57692.71,19679.57,12859.98,1501.83,1327.42,22323.91,Tata Neu Infinity Credit Card,BPCL Octane Credit Card
44031.79,7432.4,7723.09,7187.36,10098.32,11590.62,Tata Neu Infinity Credit Card,Tata Neu Infinity Credit Card
36638.49,9330.5,9039.58,6220.56,7764.41,4283.44,Tata Neu Infinity Credit Card,Millennia Credit Card
17785.2,629.1,6420.97,6944.87,2706.19,1084.07,BPCL Octane Credit Card,Tata Neu Infinity Credit Card
22469.66,5302.36,2113.13,5279.23,6678.49,3096.46,Tata Neu Infinity Credit Card,BPCL Octane Credit Card
41420.91,5749.38,9507.62,5071.25,4453.72,16638.94,Tata Neu Infinity Credit Card,Diners Club Black
13738.09,3942.38,4112.17,272.74,5046.39,364.4,Cashback Credit Card,Cashback Credit Card
18317.87,7041.68,1935.99,4644.17,2865.74,1830.29,Tata Neu Infinity Credit Card,BPCL Octane Credit Card
26811.67,6887.73,6222.01,4740.99,6620.13,2340.81,Tata Neu Infinity Credit Card,Cashback Credit Card
23352.83,4478.55,529.06,5333.13,4424.99,8587.1,Tata Neu Infinity Credit Card,Diners Club Black
29732.05,7726.02,8067.25,5477.46,621.48,7839.84,Tata Neu Infinity Credit Card,Diners Club Black
14472.1,4846.86,1357.61,1353.31,1199.61,5714.7,Tata Neu Infinity Credit Card,BPCL Octane Credit Card
14350.62,3759.41,2219.07,3504.74,590.43,4276.96,Tata Neu Infinity Credit Card,BPCL Octane Credit Card
56960.37,11656.64,12378.15,21906.13,5413.71,5605.74,Tata Neu Infinity Credit Card,Diners Club Black
25539.35,6594.04,4364.64,6970.08,6988.99,621.61,Tata Neu Infinity Credit Card,Cashback Credit Card
52068.69,10845.46,1166.51,13428.34,13756.28,12872.11,Tata Neu Infinity Credit Card,Cashback Credit Card
53861.96,9853.69,4469.9,4959.0,10413.19,24166.19,Tata Neu Infinity Credit Card,BPCL Octane Credit Card
29876.54,7604.59,3329.58,9038.46,3451.68,6452.23,Tata Neu Infinity Credit Card,Cashback Credit Card
28568.09,9908.51,4810.25,893.33,4575.63,8380.37,Tata Neu Infinity Credit Card,BPCL Octane Credit Card
46636.46,8411.35,9445.5,6269.79,11251.92,11257.91,Tata Neu Infinity Credit Card,Tata Neu Infinity Credit Card
34628.5,908.8,9080.07,10442.37,8430.21,5767.04,Cashback Credit Card,Millennia Credit Card
52198.38,1653.2,6746.16,6364.27,17928.5,19506.24,Tata Neu Infinity Credit Card,Diners Club Black
20407.25,4407.02,1324.55,8492.64,5596.87,586.17,Cashback Credit Card,Millennia Credit Card
18771.03,5423.68,5305.28,2993.95,798.54,4249.57,Tata Neu Infinity Credit Card,BPCL Octane Credit Card
20000.57,8803.8,3207.1,2921.14,4823.77,244.75,Tata Neu Infinity Credit Card,BPCL Octane Credit Card
15396.07,5770.74,1214.18,1270.58,276.05,6864.52,Tata Neu Infinity Credit Card,Diners Club Black
55280.44,14505.01,7289.74,3270.81,13049.04,17165.84,Tata Neu Infinity Credit Card,Millennia Credit Card
11870.62,400.13,1277.75,4450.6,2219.94,3522.2,Tata Neu Infinity Credit Card,Cashback Credit Card
55112.41,7215.95,16475.62,14335.16,12986.97,4098.7,Cashback Credit Card,Cashback Credit Card
49966.46,13288.55,11963.09,5773.48,7275.6,11665.73,Tata Neu Infinity Credit Card,BPCL Octane Credit Card
47437.84,10390.86,10048.96,7347.41,12014.03,7636.58,Tata Neu Infinity Credit Card,BPCL Octane Credit Card
12752.57,5878.8,3173.84,675.0,1030.39,1994.54,Tata Neu Infinity Credit Card,BPCL Octane Credit Card
43422.43,3353.56,1584.94,11830.24,8660.32,17993.36,Tata Neu Infinity Credit Card,BPCL Octane Credit Card
28480.79,923.82,10118.13,10388.8,5894.91,1155.12,BPCL Octane Credit Card,Diners Club Black
26349.8,8361.53,8070.01,2621.08,3605.18,3692.0,Tata Neu Infinity Credit Card,BPCL Octane Credit Card
24563.31,3959.24,3140.75,5304.74,7368.09,4790.48,Tata Neu Infinity Credit Card,Tata Neu Infinity Credit Card
26809.04,1501.79,7455.55,4516.52,6221.4,7113.79,Tata Neu Infinity Credit Card,Diners Club Black
30671.02,6978.74,9636.58,2201.69,8406.11,3447.89,Tata Neu Infinity Credit Card,Cashback Credit Card
49654.94,15338.71,9023.88,7390.9,12930.5,4970.96,Tata Neu Infinity Credit Card,Cashback Credit Card
44861.87,771.26,9612.57,14129.67,8168.52,12179.85,Tata Neu Infinity Credit Card,Millennia Credit Card
49707.16,5072.52,6232.35,13647.6,24590.86,163.83,Cashback Credit Card,Cashback Credit Card
47443.56,11937.91,12631.86,5402.08,7237.54,10234.18,Tata Neu Infinity Credit Card,Diners Club Black
49891.01,9351.36,14999.03,7782.47,1725.4,16032.75,Tata Neu Infinity Credit Card,Millennia Credit Card
36764.33,15763.1,3971.77,15822.4,1047.01,160.05,Tata Neu Infinity Credit Card,Millennia Credit Card
38603.72,21657.76,6137.46,3408.7,3805.77,3594.03,Tata Neu Infinity Credit Card,Cashback Credit Card
29030.31,743.27,896.08,9771.02,14032.39,3587.55,Cashback Credit Card,Cashback Credit Card
44164.67,7007.06,1169.67,12685.14,15731.44,7571.36,Cashback Credit Card,Diners Club Black
20946.05,1895.28,5291.93,4835.83,5367.38,3555.63,Tata Neu Infinity Credit Card,Cashback Credit Card
10802.72,550.51,6122.12,2226.62,333.03,1570.44,Diners Club Black,Tata Neu Infinity Credit Card
50143.89,5980.1,14417.78,9261.05,932.05,19552.9,Tata Neu Infinity Credit Card,Cashback Credit Card
29705.33,6663.42,4102.83,4113.76,10584.01,4241.32,Tata Neu Infinity Credit Card,Tata Neu Infinity Credit Card
40483.19,12437.73,3713.15,1343.49,21161.31,1827.51,Cashback Credit Card,Diners Club Black
31997.87,5832.18,870.29,1812.43,8392.84,15090.13,Tata Neu Infinity Credit Card,Diners Club Black
51720.76,15304.72,10307.94,6592.78,2369.35,17145.98,Tata Neu Infinity Credit Card,Diners Club Black
25122.84,10667.19,9777.38,1543.35,3023.14,111.77,Tata Neu Infinity Credit Card,Millennia Credit Card
23355.93,11504.61,3373.74,2411.99,3925.69,2139.89,Tata Neu Infinity Credit Card,BPCL Octane Credit Card
9005.32,268.68,3937.07,465.16,1284.65,3049.76,Tata Neu Infinity Credit Card,Millennia Credit Card
20866.58,3634.25,3120.43,8205.05,2870.63,3036.22,Tata Neu Infinity Credit Card,Tata Neu Infinity Credit Card
26689.17,1385.62,11598.9,1292.36,9483.68,2928.63,Cashback Credit Card,Cashback Credit Card
54542.93,12792.26,19285.39,10579.54,3193.97,8691.76,Tata Neu Infinity Credit Card,Diners Club Black
40780.87,8081.78,4816.93,1744.49,14314.2,11823.47,Tata Neu Infinity Credit Card,Cashback Credit Card
25254.4,5541.19,3638.82,2842.46,7310.94,5921.0,Tata Neu Infinity Credit Card,Tata Neu Infinity Credit Card
16101.23,2821.28,3891.25,6591.71,456.39,2340.59,BPCL Octane Credit Card,BPCL Octane Credit Card
28864.06,2322.27,2677.48,12042.74,86.5,11735.07,Tata Neu Infinity Credit Card,Cashback Credit Card
28404.47,4147.05,7754.69,6736.38,8747.19,1019.16,Cashback Credit Card,Cashback Credit Card
28046.71,2497.25,6525.88,5281.08,10311.97,3430.53,Cashback Credit Card,Diners Club Black
42953.26,10131.1,6083.31,8702.24,2953.03,15083.57,Tata Neu Infinity Credit Card,Millennia Credit Card
29524.5,420.73,5565.13,17165.11,3621.77,2751.76,BPCL Octane Credit Card,BPCL Octane Credit Card
13128.75,2566.03,1778.34,723.63,4778.28,3282.47,Tata Neu Infinity Credit Card,Diners Club Black
36123.08,11564.61,13295.11,7487.07,1618.2,2158.09,Tata Neu Infinity Credit Card,Millennia Credit Card
21839.12,4080.1,6388.38,1047.13,6978.54,3344.98,Tata Neu Infinity Credit Card,Diners Club Black
28338.87,5480.26,5421.93,5562.79,7219.13,4654.75,Tata Neu Infinity Credit Card,Cashback Credit Card
25816.08,2851.97,10612.04,8344.85,1391.15,2616.07,BPCL Octane Credit Card,BPCL Octane Credit Card
41488.27,13516.69,11085.2,6942.02,8084.68,1859.67,Tata Neu Infinity Credit Card,Millennia Credit Card
16559.56,2693.72,1437.27,3356.38,7165.02,1907.17,Cashback Credit Card,BPCL Octane Credit Card
40640.5,7131.5,11656.81,1477.7,11726.36,8648.12,Tata Neu Infinity Credit Card,Diners Club Black
13351.17,2861.91,2176.25,2956.28,477.38,4879.36,Tata Neu Infinity Credit Card,Cashback Credit Card
35576.14,4736.28,5740.8,8998.34,9923.23,6177.49,Tata Neu Infinity Credit Card,BPCL Octane Credit Card
23877.77,1059.23,7957.68,3187.9,8568.02,3104.94,Cashback Credit Card,BPCL Octane Credit Card
29263.12,4054.08,7672.65,5709.41,5236.6,6590.38,Tata Neu Infinity Credit Card,Millennia Credit Card
12365.83,2486.98,368.87,1210.31,4006.31,4293.35,Tata Neu Infinity Credit Card,Cashback Credit Card
11011.85,2264.41,2361.78,2397.73,1867.02,2120.91,Tata Neu Infinity Credit Card,Millennia Credit Card
25759.6,10573.9,901.0,8238.48,2483.44,3562.78,Tata Neu Infinity Credit Card,Millennia Credit Card
41150.84,4424.5,7906.02,7052.66,13315.37,8452.29,Cashback Credit Card,Tata Neu Infinity Credit Card
52718.55,2562.37,25937.13,5792.86,11673.29,6752.91,Diners Club Black,BPCL Octane Credit Card
37561.9,6762.72,10165.79,10285.96,8053.89,2293.54,Tata Neu Infinity Credit Card,Cashback Credit Card
30839.48,2733.83,4891.98,5296.98,5110.44,12806.25,Tata Neu Infinity Credit Card,Tata Neu Infinity Credit Card
22782.54,3092.12,5619.75,5650.35,1823.52,6596.79,Tata Neu Infinity Credit Card,Millennia Credit Card
13089.34,1309.27,2641.21,3125.98,3904.83,2108.06,Cashback Credit Card,Millennia Credit Card
26558.03,1186.2,1594.0,3742.93,11881.4,8153.5,Cashback Credit Card,Millennia Credit Card
31924.92,6678.37,7564.28,9592.98,5826.25,2263.04,Tata Neu Infinity Credit Card,Millennia Credit Card
21970.09,3935.45,4682.95,4278.37,4510.13,4563.19,Tata Neu Infinity Credit Card,BPCL Octane Credit Card
49654.4,13403.82,4308.08,13424.12,12763.32,5755.06,Tata Neu Infinity Credit Card,Tata Neu Infinity Credit Card
25730.81,6299.29,5859.55,3048.21,2627.24,7896.52,Tata Neu Infinity Credit Card,Diners Club Black
17112.98,3901.48,381.05,3355.81,5281.55,4193.09,Tata Neu Infinity Credit Card,BPCL Octane Credit Card
23381.29,4627.88,2806.24,4882.43,7720.96,3343.78,Tata Neu Infinity Credit Card,Tata Neu Infinity Credit Card
47903.92,11889.43,4878.07,6774.29,10331.52,14030.61,Tata Neu Infinity Credit Card,Tata Neu Infinity Credit Card
30670.37,9479.45,2533.28,10998.23,1281.37,6378.04,Tata Neu Infinity Credit Card,Cashback Credit Card
29340.29,9684.38,2470.44,1471.25,8275.01,7439.21,Tata Neu Infinity Credit Card,Cashback Credit Card
24848.01,8386.76,818.65,1300.41,6029.27,8312.92,Tata Neu Infinity Credit Card,Millennia Credit Card
13796.0,1827.35,2697.11,4343.01,1116.12,3812.42,Tata Neu Infinity Credit Card,BPCL Octane Credit Card
40808.61,12004.75,4389.37,9043.77,142.39,15228.34,Tata Neu Infinity Credit Card,Cashback Credit Card
29495.76,13468.9,4742.02,147.22,1198.57,9939.05,Tata Neu Infinity Credit Card,BPCL Octane Credit Card
31705.04,1093.36,8358.46,4696.07,10622.35,6934.79,Cashback Credit Card,Millennia Credit Card
38706.82,8403.57,823.33,11980.3,10537.04,6962.58,Tata Neu Infinity Credit Card,Tata Neu Infinity Credit Card
41957.68,6347.6,10765.43,5608.03,15066.01,4170.62,Cashback Credit Card,Millennia Credit Card
44564.35,14772.05,3845.07,5401.57,4091.18,16454.48,Tata Neu Infinity Credit Card,BPCL Octane Credit Card
42665.72,11035.6,3503.76,1683.01,13027.81,13415.54,Tata Neu Infinity Credit Card,Millennia Credit Card
34807.19,11389.85,10661.23,518.9,7589.88,4647.35,Tata Neu Infinity Credit Card,BPCL Octane Credit Card
33159.66,5717.96,7841.18,9293.52,4793.0,5514.0,Tata Neu Infinity Credit Card,Tata Neu Infinity Credit Card
51973.14,7184.23,10688.34,6851.18,20302.19,6947.19,Cashback Credit Card,Millennia Credit Card
15904.1,806.47,4344.88,5743.06,4861.5,148.18,BPCL Octane Credit Card,BPCL Octane Credit Card
8409.46,2267.4,2575.55,867.85,2071.51,627.16,Tata Neu Infinity Credit Card,Tata Neu Infinity Credit Card
52734.36,6039.24,17244.9,8741.72,19809.74,898.76,Cashback Credit Card,Cashback Credit Card
27364.69,67.66,10128.05,5476.9,5582.11,6109.97,Tata Neu Infinity Credit Card,Diners Club Black
24744.49,743.51,6832.05,252.67,8138.54,8777.71,Tata Neu Infinity Credit Card,BPCL Octane Credit Card
46675.19,4061.53,13143.63,15938.24,110.89,13420.89,Tata Neu Infinity Credit Card,Cashback Credit Card
49226.53,5879.26,7821.94,25491.17,6984.79,3049.36,BPCL Octane Credit Card,Tata Neu Infinity Credit Card
41281.4,9482.78,16847.91,3082.27,5181.25,6687.19,Tata Neu Infinity Credit Card,Diners Club Black
44161.73,8659.7,6786.56,10812.52,7309.04,10593.91,Tata Neu Infinity Credit Card,SimplyCLICK Credit Card
32157.36,681.99,3283.85,4202.41,13017.34,10971.77,Cashback Credit Card,Millennia Credit Card
56387.87,12547.44,6455.35,14794.5,8394.12,14196.46,Tata Neu Infinity Credit Card,Cashback Credit Card
12021.9,4917.11,805.62,64.91,2020.78,4213.48,Tata Neu Infinity Credit Card,Millennia Credit Card
45087.16,9636.38,10564.56,9935.37,6617.08,8333.77,Tata Neu Infinity Credit Card,BPCL Octane Credit Card
44442.71,11979.77,11330.74,6594.04,2411.23,12126.93,Tata Neu Infinity Credit Card,Diners Club Black
29104.27,8812.59,6629.59,5864.26,4024.59,3773.23,Tata Neu Infinity Credit Card,BPCL Octane Credit Card
18492.43,1441.68,4968.79,5884.62,1196.26,5001.07,Tata Neu Infinity Credit Card,BPCL Octane Credit Card
30939.53,7984.12,4660.25,6714.52,7620.14,3960.5,Tata Neu Infinity Credit Card,BPCL Octane Credit Card
27635.28,4268.6,9527.79,7379.95,4877.48,1581.46,Tata Neu Infinity Credit Card,Cashback Credit Card
46673.3,14000.05,9054.67,12990.82,1092.75,9535.01,Tata Neu Infinity Credit Card,Millennia Credit Card
54581.54,19019.26,8796.26,9373.4,14353.63,3038.99,Tata Neu Infinity Credit Card,Cashback Credit Card
23243.76,3069.87,8324.16,2761.06,5903.6,3185.07,Tata Neu Infinity Credit Card,BPCL Octane Credit Card
24461.36,5118.01,4828.34,6604.89,4038.27,3871.84,Tata Neu Infinity Credit Card,Diners Club Black
18952.37,5446.08,1560.34,4935.68,4740.46,2269.81,Tata Neu Infinity Credit Card,Cashback Credit Card
16843.61,267.61,5296.61,4444.74,538.67,6295.99,Tata Neu Infinity Credit Card,BPCL Octane Credit Card
23355.58,6605.1,7329.55,3530.58,1094.42,4795.92,Tata Neu Infinity Credit Card,Cashback Credit Card
53934.07,4180.58,7464.98,7239.4,12309.56,22739.54,Tata Neu Infinity Credit Card,Millennia Credit Card
19113.24,4776.17,4518.45,1371.94,3858.24,4588.44,Tata Neu Infinity Credit Card,Millennia Credit Card
27124.94,5022.89,5825.14,4874.4,5582.57,5819.95,Tata Neu Infinity Credit Card,Tata Neu Infinity Credit Card
44174.34,8521.4,11688.48,11537.8,10732.78,1693.88,Cashback Credit Card,Millennia Credit Card
8122.22,797.95,2262.91,212.8,1845.77,3002.79,Tata Neu Infinity Credit Card,Diners Club Black
19649.79,4166.73,5472.86,4728.81,2651.75,2629.65,Tata Neu Infinity Credit Card,Diners Club Black
34551.6,6827.3,10778.12,1689.85,3781.3,11475.03,Tata Neu Infinity Credit Card,Diners Club Black
55201.86,11556.44,13315.82,8142.5,9973.91,12213.19,Tata Neu Infinity Credit Card,Cashback Credit Card
53454.17,11077.15,12118.83,8645.14,13222.6,8390.45,Tata Neu Infinity Credit Card,Tata Neu Infinity Credit Card
8649.14,2871.98,1386.04,1835.1,1214.73,1341.29,Tata Neu Infinity Credit Card,Cashback Credit Card
50185.03,6016.78,4166.79,19275.53,8359.74,12366.19,Tata Neu Infinity Credit Card,Cashback Credit Card
24823.47,7617.0,5027.75,2398.24,2566.21,7214.27,Tata Neu Infinity Credit Card,Cashback Credit Card
13311.37,919.64,2939.72,3658.07,291.79,5502.14,Tata Neu Infinity Credit Card,Diners Club Black
33121.02,4098.42,8377.53,15125.89,1511.88,4007.3,BPCL Octane Credit Card,Diners Club Black
44181.54,10522.02,13892.15,8622.84,5051.3,6093.22,Tata Neu Infinity Credit Card,Diners Club Black
11083.99,2942.08,2052.47,2539.12,3193.14,357.17,Tata Neu Infinity Credit Card,Millennia Credit Card
49894.49,17892.85,11593.62,14643.54,5518.28,246.19,Tata Neu Infinity Credit Card,BPCL Octane Credit Card
54307.86,18968.85,1536.8,18968.65,9713.8,5119.77,Tata Neu Infinity Credit Card,Diners Club Black
58529.94,2627.44,14956.94,8612.85,14916.89,17415.83,Tata Neu Infinity Credit Card,BPCL Octane Credit Card
18268.48,1767.49,5879.2,5482.33,1262.71,3876.74,Tata Neu Infinity Credit Card,Cashback Credit Card
23768.51,3287.91,6999.35,5352.11,5214.43,2914.7,Tata Neu Infinity Credit Card,Diners Club Black
18766.98,8681.19,1408.22,1886.15,3749.95,3041.46,Tata Neu Infinity Credit Card,Tata Neu Infinity Credit Card
28736.18,1569.22,8521.02,6705.86,10914.08,1026.0,Cashback Credit Card,Cashback Credit Card
15112.65,266.95,855.18,6400.28,7578.72,11.53,Cashback Credit Card,Cashback Credit Card
16616.54,1206.59,3471.14,2745.23,2588.8,6604.78,Tata Neu Infinity Credit Card,Cashback Credit Card
19649.55,1505.14,3901.65,6214.72,6174.06,1853.98,Cashback Credit Card,Cashback Credit Card
48908.11,8247.49,14378.67,12167.6,13587.36,526.99,Cashback Credit Card,BPCL Octane Credit Card
56510.3,2372.06,796.45,22886.94,15822.51,14632.35,BPCL Octane Credit Card,Diners Club Black
13216.61,107.37,4872.06,4359.18,1527.49,2350.51,BPCL Octane Credit Card,Diners Club Black
33993.04,375.06,14254.28,14228.52,442.47,4692.71,BPCL Octane Credit Card,Millennia Credit Card
49581.89,9541.34,959.46,20392.2,6637.69,12051.19,Tata Neu Infinity Credit Card,BPCL Octane Credit Card
38965.98,10315.73,5393.21,10613.85,12164.14,479.04,Cashback Credit Card,Diners Club Black
16938.52,5827.78,2868.11,2114.53,2756.66,3371.44,Tata Neu Infinity Credit Card,Cashback Credit Card
38013.26,14113.43,3220.71,13035.76,4852.74,2790.61,Tata Neu Infinity Credit Card,BPCL Octane Credit Card
56433.65,4490.34,15520.95,3969.94,26178.52,6273.9,Cashback Credit Card,Cashback Credit Card
8997.88,2076.13,2369.76,1107.89,1432.84,2011.26,Tata Neu Infinity Credit Card,Cashback Credit Card
42353.47,5875.41,5973.22,11352.82,8276.78,10875.23,Tata Neu Infinity Credit Card,Tata Neu Infinity Credit Card
50790.17,10970.95,9800.48,4305.34,12480.74,13232.67,Tata Neu Infinity Credit Card,Diners Club Black
15427.43,1524.61,1324.59,3825.38,440.07,8312.78,Tata Neu Infinity Credit Card,Millennia Credit Card
50820.32,14742.1,11118.19,3175.59,11027.52,10756.93,Tata Neu Infinity Credit Card,BPCL Octane Credit Card
32713.01,9957.94,205.34,7421.26,5759.22,9369.25,Tata Neu Infinity Credit Card,Millennia Credit Card
53761.52,13957.33,2888.64,16438.44,5608.03,14869.09,Tata Neu Infinity Credit Card,BPCL Octane Credit Card
40233.95,2803.75,7476.7,5883.94,11248.8,12820.76,Tata Neu Infinity Credit Card,Cashback Credit Card
16441.87,924.15,1660.47,6610.44,6520.83,725.97,Cashback Credit Card,Millennia Credit Card
42002.55,4272.86,18142.18,2325.47,14067.95,3194.09,Cashback Credit Card,Millennia Credit Card
28983.15,6727.7,8018.45,2720.91,3045.82,8470.27,Tata Neu Infinity Credit Card,Millennia Credit Card
23536.48,3283.84,6482.23,6712.44,1784.16,5273.8,Tata Neu Infinity Credit Card,BPCL Octane Credit Card
42214.85,5683.74,3533.52,9904.51,12964.76,10128.32,Tata Neu Infinity Credit Card,Millennia Credit Card
45298.57,7484.56,9573.82,5327.1,16774.54,6138.55,Cashback Credit Card,BPCL Octane Credit Card
55527.85,16994.53,9010.82,11176.4,4285.82,14060.28,Tata Neu Infinity Credit Card,Cashback Credit Card
41023.43,10985.92,9810.52,1251.11,11857.6,7118.28,Tata Neu Infinity Credit Card,BPCL Octane Credit Card
46217.2,3864.36,12527.43,7173.72,13586.66,9065.03,Cashback Credit Card,Diners Club Black
11007.25,676.96,5500.98,375.33,2605.03,1848.95,Diners Club Black,Cashback Credit Card
50694.98,1759.27,16705.16,13038.39,8651.45,10540.71,Tata Neu Infinity Credit Card,Cashback Credit Card
21960.81,4356.46,857.73,5772.09,5204.67,5769.85,Tata Neu Infinity Credit Card,Cashback Credit Card
11394.02,893.55,1807.17,4497.53,881.93,3313.84,Tata Neu Infinity Credit Card,Diners Club Black
38818.74,1398.02,13288.23,11204.23,7203.06,5725.21,Cashback Credit Card,Cashback Credit Card
15332.28,2850.36,5920.72,3778.39,1025.36,1757.45,Tata Neu Infinity Credit Card,BPCL Octane Credit Card
39774.83,13514.67,469.61,10087.23,9339.53,6363.78,Tata Neu Infinity Credit Card,BPCL Octane Credit Card
28957.52,160.98,2175.26,5641.25,13643.06,7336.97,Cashback Credit Card,Diners Club Black
35191.36,10051.31,3861.96,13960.6,2644.31,4673.18,Tata Neu Infinity Credit Card,Diners Club Black
45651.63,16513.7,9688.32,9125.26,8682.25,1642.09,Tata Neu Infinity Credit Card,Millennia Credit Card
18298.98,7840.46,1894.48,1628.29,3186.77,3748.99,Tata Neu Infinity Credit Card,Cashback Credit Card
35095.53,3600.08,4929.92,13630.82,11803.87,1130.84,Cashback Credit Card,Tata Neu Infinity Credit Card
26284.57,3653.81,6693.62,8148.09,1720.16,6068.89,Tata Neu Infinity Credit Card,Diners Club Black
17570.47,2539.34,5533.88,2359.15,3603.07,3535.04,Tata Neu Infinity Credit Card,Tata Neu Infinity Credit Card
49254.48,13075.33,20700.45,2305.25,2765.54,10407.92,Tata Neu Infinity Credit Card,BPCL Octane Credit Card
8373.39,2971.14,335.06,254.79,3331.83,1480.56,Tata Neu Infinity Credit Card,BPCL Octane Credit Card
21576.92,5114.23,5400.06,6577.21,598.97,3886.44,Tata Neu Infinity Credit Card,Cashback Credit Card
58300.38,8398.47,12126.2,9907.18,12701.49,15167.03,Tata Neu Infinity Credit Card,Tata Neu Infinity Credit Card
37938.78,13183.34,8266.92,7141.61,4302.8,5044.11,Tata Neu Infinity Credit Card,BPCL Octane Credit Card
32328.59,9031.7,5440.61,6639.08,8985.58,2231.62,Tata Neu Infinity Credit Card,Cashback Credit Card
15560.98,25.23,359.66,5160.25,5360.84,4654.99,Cashback Credit Card,Diners Club Black
57972.97,12600.12,3387.56,16903.78,13322.95,11758.56,Tata Neu Infinity Credit Card,Millennia Credit Card
55719.22,14362.24,16352.45,4301.69,3265.1,17437.74,Tata Neu Infinity Credit Card,BPCL Octane Credit Card
59395.57,11471.22,1278.87,17380.51,14939.84,14325.14,Tata Neu Infinity Credit Card,BPCL Octane Credit Card
51290.48,6406.03,9507.59,4220.04,14811.01,16345.81,Tata Neu Infinity Credit Card,Tata Neu Infinity Credit Card
16047.32,4402.27,4642.52,2048.74,557.71,4396.08,Tata Neu Infinity Credit Card,Millennia Credit Card
37057.68,10024.84,8394.13,9236.18,4245.21,5157.32,Tata Neu Infinity Credit Card,Diners Club Black
26946.47,7141.37,7344.2,1179.61,4061.48,7219.81,Tata Neu Infinity Credit Card,Cashback Credit Card
10145.0,1575.5,1706.98,83.1,3287.06,3492.35,Tata Neu Infinity Credit Card,Millennia Credit Card
48171.2,8817.13,2247.22,12083.54,13314.71,11708.61,Tata Neu Infinity Credit Card,Millennia Credit Card
28379.09,12995.64,5833.08,5424.51,4010.17,115.7,Tata Neu Infinity Credit Card,Tata Neu Infinity Credit Card
46551.14,830.67,20498.37,64.85,16353.4,8803.84,Cashback Credit Card,BPCL Octane Credit Card
32180.63,6071.34,13670.5,5371.44,3250.2,3817.14,Tata Neu Infinity Credit Card,BPCL Octane Credit Card
9840.0,2331.5,2444.12,90.59,2769.23,2204.57,Tata Neu Infinity Credit Card,BPCL Octane Credit Card
25821.38,6042.68,5699.38,5832.64,2862.99,5383.68,Tata Neu Infinity Credit Card,Millennia Credit Card
50990.22,2971.58,21767.33,12814.79,5618.96,7817.57,Tata Neu Infinity Credit Card,Cashback Credit Card
29323.86,5207.81,9011.54,8377.75,3186.86,3539.9,Tata Neu Infinity Credit Card,BPCL Octane Credit Card
19444.77,298.35,2841.08,8454.08,3213.08,4638.18,BPCL Octane Credit Card,Cashback Credit Card
57175.38,1240.97,16806.28,16276.43,17105.93,5745.76,Cashback Credit Card,Millennia Credit Card
24385.72,972.06,4201.05,8831.81,6284.97,4095.83,BPCL Octane Credit Card,Diners Club Black
29214.81,5470.15,916.7,8996.91,2220.76,11610.3,Tata Neu Infinity Credit Card,Cashback Credit Card
55994.96,6220.75,9240.91,19739.6,4503.01,16290.69,Tata Neu Infinity Credit Card,Diners Club Black
24968.48,4127.43,6814.94,724.92,7286.88,6014.32,Tata Neu Infinity Credit Card,Tata Neu Infinity Credit Card
47645.4,5231.44,7189.21,10676.34,12070.65,12477.76,Tata Neu Infinity Credit Card,BPCL Octane Credit Card
38857.8,10133.52,7847.64,9255.4,3865.66,7755.57,Tata Neu Infinity Credit Card,Cashback Credit Card
22831.51,5772.08,7226.3,6484.4,29.91,3318.82,Tata Neu Infinity Credit Card,BPCL Octane Credit Card
19204.79,113.12,7375.92,5369.39,6299.74,46.62,Cashback Credit Card,Millennia Credit Card
39515.1,10937.56,8358.84,6871.98,6889.46,6457.26,Tata Neu Infinity Credit Card,Tata Neu Infinity Credit Card
17055.73,8867.55,1429.67,1227.78,5125.34,405.39,Tata Neu Infinity Credit Card,Diners Club Black
57331.39,11063.13,6583.8,24270.57,15011.85,402.04,BPCL Octane Credit Card,Cashback Credit Card
32193.04,3205.39,10687.48,3570.24,7816.21,6913.71,Tata Neu Infinity Credit Card,Diners Club Black
30074.21,5767.04,1369.1,5489.32,11110.48,6338.28,Tata Neu Infinity Credit Card,Diners Club Black
35062.48,9555.56,8686.95,1766.33,7039.83,8013.81,Tata Neu Infinity Credit Card,Cashback Credit Card
44520.73,3376.28,10539.28,10249.94,9980.05,10375.18,Tata Neu Infinity Credit Card,Diners Club Black
40533.23,17777.03,5337.78,1707.98,11044.84,4665.59,Tata Neu Infinity Credit Card,BPCL Octane Credit Card
28813.94,3370.43,9330.83,1723.37,6825.08,7564.23,Tata Neu Infinity Credit Card,Cashback Credit Card
21716.58,8964.39,608.89,3245.81,4932.56,3964.92,Tata Neu Infinity Credit Card,BPCL Octane Credit Card
54033.97,23214.21,5654.22,13799.73,3306.36,8059.46,Tata Neu Infinity Credit Card,BPCL Octane Credit Card
55956.94,5065.7,17421.91,14202.38,3072.09,16194.85,Tata Neu Infinity Credit Card,Cashback Credit Card
12618.64,2684.72,3003.77,505.73,336.98,6087.44,Tata Neu Infinity Credit Card,Cashback Credit Card
54601.21,425.6,8470.22,15500.9,16204.04,14000.45,Cashback Credit Card,Millennia Credit Card
46794.53,2750.78,5818.14,11021.83,13337.23,13866.55,Tata Neu Infinity Credit Card,Tata Neu Infinity Credit Card
29758.04,6276.78,947.79,910.28,10089.1,11534.09,Tata Neu Infinity Credit Card,BPCL Octane Credit Card
39859.45,7895.44,10503.96,8357.21,6716.58,6386.26,Tata Neu Infinity Credit Card,Tata Neu Infinity Credit Card
16635.69,5908.17,1008.85,2814.57,5059.89,1844.21,Tata Neu Infinity Credit Card,Tata Neu Infinity Credit Card
49750.08,1880.81,14516.57,14207.06,15099.36,4046.28,Cashback Credit Card,Cashback Credit Card
27075.6,5843.52,4611.15,5064.41,6519.98,5036.54,Tata Neu Infinity Credit Card,BPCL Octane Credit Card
19471.18,1103.94,1471.83,5613.85,3830.92,7450.64,Tata Neu Infinity Credit Card,Diners Club Black
59127.27,14506.32,5226.08,11564.31,14449.6,13380.96,Tata Neu Infinity Credit Card,Diners Club Black
49063.19,11082.65,14472.23,6982.2,2987.9,13538.22,Tata Neu Infinity Credit Card,BPCL Octane Credit Card
48261.79,9814.21,13841.49,2125.46,12449.95,10030.69,Tata Neu Infinity Credit Card,BPCL Octane Credit Card
18946.57,9961.97,3231.71,3724.8,146.89,1881.19,Tata Neu Infinity Credit Card,BPCL Octane Credit Card
56457.62,15772.19,9161.44,7712.59,4121.89,19689.51,Tata Neu Infinity Credit Card,Millennia Credit Card
57521.21,16895.27,10092.46,6775.08,20827.5,2930.91,Cashback Credit Card,Tata Neu Infinity Credit Card
28738.48,605.65,7399.27,6157.69,2277.82,12298.05,Tata Neu Infinity Credit Card,Cashback Credit Card
30644.23,4180.73,1209.34,13519.96,11027.29,706.92,Cashback Credit Card,Millennia Credit Card
53769.19,10721.45,7468.56,3709.49,18321.27,13548.42,Tata Neu Infinity Credit Card,Cashback Credit Card
16298.12,5246.1,522.26,2275.41,6202.02,2052.32,Tata Neu Infinity Credit Card,Tata Neu Infinity Credit Card
47727.76,11635.96,18030.21,13214.67,4812.28,34.65,Tata Neu Infinity Credit Card,Cashback Credit Card
43313.7,9220.28,13885.82,5531.04,907.29,13769.26,Tata Neu Infinity Credit Card,Millennia Credit Card
39998.53,932.62,13053.33,6954.73,16961.56,2096.3,Cashback Credit Card,Tata Neu Infinity Credit Card
26451.38,5633.11,6152.69,7283.86,6193.35,1188.37,Tata Neu Infinity Credit Card,Cashback Credit Card
46039.43,3296.9,7909.32,8136.21,10987.75,15709.24,Tata Neu Infinity Credit Card,Diners Club Black
27008.02,5708.22,6122.33,5988.9,7726.42,1462.15,Cashback Credit Card,BPCL Octane Credit Card
39179.43,4322.98,13216.35,9357.88,3264.14,9018.08,Tata Neu Infinity Credit Card,Diners Club Black
12681.58,5513.37,3405.76,1601.19,1514.97,646.3,Tata Neu Infinity Credit Card,Cashback Credit Card
36754.49,2182.75,8969.52,7676.99,9799.89,8125.33,Tata Neu Infinity Credit Card,Cashback Credit Card
28432.1,3911.21,8253.8,7039.36,4786.3,4441.43,Tata Neu Infinity Credit Card,Tata Neu Infinity Credit Card
14707.53,2628.72,1055.69,4003.87,4251.46,2767.79,Tata Neu Infinity Credit Card,Millennia Credit Card
42155.61,8162.39,3353.64,13700.27,13374.55,3564.75,Cashback Credit Card,Millennia Credit Card
13447.03,3618.51,2865.61,2100.85,2334.4,2527.66,Tata Neu Infinity Credit Card,Cashback Credit Card
32083.6,7138.46,648.54,7726.7,8856.1,7713.8,Tata Neu Infinity Credit Card,Diners Club Black
21796.52,1054.72,4333.46,6652.18,3396.15,6360.0,Tata Neu Infinity Credit Card,Millennia Credit Card
39595.71,16806.41,585.25,1690.13,17371.39,3142.52,Tata Neu Infinity Credit Card,Tata Neu Infinity Credit Card
8900.57,3059.54,1677.74,837.41,2542.29,783.6,Tata Neu Infinity Credit Card,Cashback Credit Card
54437.91,305.58,91.55,18733.3,13192.47,22115.01,Tata Neu Infinity Credit Card,BPCL Octane Credit Card
16345.67,5298.96,628.88,2538.4,5401.27,2478.15,Tata Neu Infinity Credit Card,Millennia Credit Card
10695.49,1810.18,834.77,560.93,3781.5,3708.11,Tata Neu Infinity Credit Card,Tata Neu Infinity Credit Card
22681.5,4610.0,2861.19,7646.6,193.87,7369.84,Tata Neu Infinity Credit Card,BPCL Octane Credit Card
55245.14,11019.03,15612.03,12504.98,7894.58,8214.52,Tata Neu Infinity Credit Card,BPCL Octane Credit Card
19864.47,1723.84,6972.87,5664.35,3215.93,2287.48,Tata Neu Infinity Credit Card,Millennia Credit Card
44863.71,16132.81,9889.23,4553.83,11402.68,2885.15,Tata Neu Infinity Credit Card,Tata Neu Infinity Credit Card
28027.85,4566.97,7223.49,827.39,6838.02,8571.98,Tata Neu Infinity Credit Card,Cashback Credit Card
58787.21,8187.18,18875.97,12599.98,2586.58,16537.51,Tata Neu Infinity Credit Card,Millennia Credit Card
46824.05,9987.94,11331.77,13043.69,5027.86,7432.79,Tata Neu Infinity Credit Card,BPCL Octane Credit Card
40484.03,16477.12,9271.82,3035.15,8984.7,2715.25,Tata Neu Infinity Credit Card,Diners Club Black
9953.03,3119.75,3309.43,758.53,672.75,2092.57,Tata Neu Infinity Credit Card,Cashback Credit Card
29688.65,6677.74,4868.81,3881.04,6499.75,7761.3,Tata Neu Infinity Credit Card,Millennia Credit Card
43024.86,8929.58,5845.8,18870.86,6288.01,3090.6,BPCL Octane Credit Card,Diners Club Black
33474.55,5388.92,3352.27,2932.35,10316.99,11484.02,Tata Neu Infinity Credit Card,Millennia Credit Card
48761.46,4731.58,7392.68,22823.09,6693.06,7121.05,BPCL Octane Credit Card,BPCL Octane Credit Card
11876.31,3004.16,3429.81,2220.4,2345.24,876.71,Tata Neu Infinity Credit Card,Cashback Credit Card
44102.13,3256.32,816.9,13453.25,20582.25,5993.41,Cashback Credit Card,Millennia Credit Card
9733.65,3474.02,2382.72,636.73,2259.1,981.08,Tata Neu Infinity Credit Card,Millennia Credit Card
56988.76,17975.7,18320.35,203.22,14699.91,5789.57,Tata Neu Infinity Credit Card,Millennia Credit Card
34927.73,6070.74,5626.11,5639.03,8174.54,9417.3,Tata Neu Infinity Credit Card,Millennia Credit Card
20077.06,7880.49,5317.4,4227.52,1156.31,1495.34,Tata Neu Infinity Credit Card,Cashback Credit Card
33407.98,2248.02,11695.71,2236.63,7494.89,9732.73,Tata Neu Infinity Credit Card,Millennia Credit Card
20038.67,5789.69,1686.22,5595.23,3760.45,3207.09,Tata Neu Infinity Credit Card,BPCL Octane Credit Card
24812.96,7057.01,8361.9,5572.85,539.65,3281.54,Tata Neu Infinity Credit Card,Tata Neu Infinity Credit Card
53916.46,1755.75,5298.99,19124.26,25818.67,1918.78,Cashback Credit Card,Cashback Credit Card
21503.05,6543.3,3136.17,2442.16,5836.02,3545.39,Tata Neu Infinity Credit Card,Diners Club Black
19520.88,3868.96,9985.35,389.09,1473.98,3803.5,Tata Neu Infinity Credit Card,Millennia Credit Card
52653.4,11539.98,8315.7,11377.97,8852.41,12567.34,Tata Neu Infinity Credit Card,BPCL Octane Credit Card
30250.25,6996.7,14046.13,6877.19,2034.17,296.07,Tata Neu Infinity Credit Card,Tata Neu Infinity Credit Card
31208.53,6213.61,9345.97,7219.64,3065.07,5364.24,Tata Neu Infinity Credit Card,Diners Club Black
20668.41,6992.2,138.23,4820.71,2674.9,6042.37,Tata Neu Infinity Credit Card,BPCL Octane Credit Card
47203.47,7970.81,13311.45,8993.38,6808.12,10119.7,Tata Neu Infinity Credit Card,Cashback Credit Card
39202.6,11839.86,3602.29,12864.9,468.54,10427.01,Tata Neu Infinity Credit Card,BPCL Octane Credit Card
22682.04,2613.51,8754.07,3012.56,3695.99,4605.93,Tata Neu Infinity Credit Card,Millennia Credit Card
45856.91,4048.38,9671.0,19404.03,8364.41,4369.09,BPCL Octane Credit Card,Tata Neu Infinity Credit Card
18554.72,5509.26,4421.42,1296.87,6259.18,1067.99,Tata Neu Infinity Credit Card,Cashback Credit Card
43251.25,1596.66,14780.27,15885.73,8091.43,2897.17,BPCL Octane Credit Card,Diners Club Black
56173.22,5307.25,19487.42,3795.83,16484.09,11098.64,Cashback Credit Card,BPCL Octane Credit Card
30630.51,10368.38,3462.66,6482.04,906.19,9411.24,Tata Neu Infinity Credit Card,Tata Neu Infinity Credit Card
59770.0,221.98,16385.11,16975.22,15771.22,10416.48,Cashback Credit Card,Millennia Credit Card
35366.71,1084.75,15549.63,985.97,11031.94,6714.42,Cashback Credit Card,BPCL Octane Credit Card
38426.78,812.69,13089.52,7919.92,7372.22,9232.44,Tata Neu Infinity Credit Card,BPCL Octane Credit Card
14970.17,2375.58,1269.64,4853.91,5068.74,1402.3,Cashback Credit Card,BPCL Octane Credit Card
38666.67,2532.65,13745.79,10928.13,10155.62,1304.48,Cashback Credit Card,Cashback Credit Card
41946.97,5734.71,6176.84,4065.37,15663.07,10306.97,Tata Neu Infinity Credit Card,Cashback Credit Card
57058.26,14856.47,10545.26,1723.12,2578.34,27355.06,Tata Neu Infinity Credit Card,Cashback Credit Card
44272.7,2941.22,9775.58,12315.48,9837.61,9402.8,Tata Neu Infinity Credit Card,Millennia Credit Card
34441.98,13168.65,8044.02,5103.05,1583.93,6542.34,Tata Neu Infinity Credit Card,BPCL Octane Credit Card
25912.33,5437.13,6283.86,5820.77,6652.17,1718.4,Tata Neu Infinity Credit Card,Cashback Credit Card
47431.07,5001.85,19055.1,5661.76,645.65,17066.71,Tata Neu Infinity Credit Card,Tata Neu Infinity Credit Card
24202.9,2801.34,7542.76,5388.68,5555.88,2914.25,Tata Neu Infinity Credit Card,Cashback Credit Card
42669.03,15622.36,3881.24,1333.27,20113.27,1718.89,Cashback Credit Card,Diners Club Black
26434.68,4703.83,4640.78,10714.27,925.77,5450.03,Tata Neu Infinity Credit Card,Diners Club Black
18632.68,5201.57,5873.55,5666.1,1606.39,285.06,Tata Neu Infinity Credit Card,Cashback Credit Card
41848.13,3396.69,6814.95,13452.95,3589.67,14593.88,Tata Neu Infinity Credit Card,Millennia Credit Card
31324.63,7608.96,5616.27,7686.61,5329.22,5083.57,Tata Neu Infinity Credit Card,BPCL Octane Credit Card
34887.33,3523.99,4074.63,14153.51,6435.46,6699.74,BPCL Octane Credit Card,Millennia Credit Card
9391.81,814.91,1999.08,1549.96,3782.22,1245.65,Cashback Credit Card,Millennia Credit Card
47237.12,6336.24,6229.55,11794.61,19061.47,3815.25,Cashback Credit Card,Cashback Credit Card
48132.54,8120.02,5707.34,12362.87,11857.14,10085.17,Tata Neu Infinity Credit Card,BPCL Octane Credit Card
56647.95,8605.84,7038.8,9586.4,15372.09,16044.82,Tata Neu Infinity Credit Card,Millennia Credit Card
18490.91,4298.51,6762.52,3846.89,611.66,2971.33,Tata Neu Infinity Credit Card,BPCL Octane Credit Card
11734.13,3210.14,1341.93,3355.59,3484.69,341.79,Tata Neu Infinity Credit Card,Millennia Credit Card
47463.6,7422.13,12120.44,12852.07,5850.6,9218.36,Tata Neu Infinity Credit Card,Diners Club Black
17772.29,5242.8,659.66,8478.95,500.62,2890.25,Tata Neu Infinity Credit Card,BPCL Octane Credit Card
38585.2,10679.75,7415.52,99.72,4264.03,16126.18,Tata Neu Infinity Credit Card,Cashback Credit Card
59784.65,16101.67,15561.44,5604.68,7281.41,15235.44,Tata Neu Infinity Credit Card,Cashback Credit Card
27045.88,6179.84,2415.88,6971.08,6854.79,4624.3,Tata Neu Infinity Credit Card,BPCL Octane Credit Card
32620.81,6538.78,8637.64,7366.46,8479.47,1598.47,Cashback Credit Card,Tata Neu Infinity Credit Card
17721.93,3458.46,1083.68,5774.64,1445.39,5959.78,Tata Neu Infinity Credit Card,Tata Neu Infinity Credit Card
15107.1,4030.6,2680.28,6086.73,389.03,1920.45,Tata Neu Infinity Credit Card,Diners Club Black
29713.5,6379.37,11054.96,2224.83,3531.55,6522.78,Tata Neu Infinity Credit Card,Cashback Credit Card
27343.61,676.94,5211.97,6494.02,9926.07,5034.61,Cashback Credit Card,BPCL Octane Credit Card
25994.29,1297.54,5580.2,5445.57,6460.1,7210.88,Tata Neu Infinity Credit Card,Diners Club Black
24281.83,626.58,5288.32,8412.57,6527.05,3427.3,BPCL Octane Credit Card,BPCL Octane Credit Card
41299.4,11406.42,2270.21,10873.84,3467.58,13281.35,Tata Neu Infinity Credit Card,Cashback Credit Card
29046.73,8469.05,6455.91,3513.77,2452.55,8155.44,Tata Neu Infinity Credit Card,Diners Club Black
41725.86,6856.95,1200.97,14114.43,18171.62,1381.9,Cashback Credit Card,Millennia Credit Card
54575.69,9902.04,10842.68,15325.83,14038.74,4466.4,Tata Neu Infinity Credit Card,BPCL Octane Credit Card
39922.57,8413.28,10603.35,6557.67,5233.47,9114.8,Tata Neu Infinity Credit Card,Cashback Credit Card
32543.68,4200.06,4975.56,9937.55,6242.87,7187.64,Tata Neu Infinity Credit Card,Tata Neu Infinity Credit Card
39308.3,12348.98,13029.65,7981.09,1386.15,4562.42,Tata Neu Infinity Credit Card,Cashback Credit Card
49087.89,9772.4,5052.21,11033.99,7111.02,16118.26,Tata Neu Infinity Credit Card,Diners Club Black
56964.81,9259.84,19371.84,11896.23,15317.46,1119.44,Cashback Credit Card,BPCL Octane Credit Card
30385.23,1674.99,9514.09,4452.77,5773.61,8969.77,Tata Neu Infinity Credit Card,Cashback Credit Card
11617.78,1403.03,1491.32,2827.93,3140.18,2755.33,Tata Neu Infinity Credit Card,Cashback Credit Card
13399.54,4598.87,2630.71,1169.91,3308.3,1691.74,Tata Neu Infinity Credit Card,Tata Neu Infinity Credit Card
47663.11,3552.8,3053.44,11798.56,15376.02,13882.28,Tata Neu Infinity Credit Card,Tata Neu Infinity Credit Card
47364.46,3836.49,12463.65,12618.84,11530.36,6915.12,Cashback Credit Card,BPCL Octane Credit Card
30206.92,3199.39,1891.83,9568.93,6498.27,9048.51,Tata Neu Infinity Credit Card,Cashback Credit Card
58206.27,13026.27,4309.61,4094.53,10018.32,26757.53,Tata Neu Infinity Credit Card,Millennia Credit Card
25695.51,9556.77,279.76,9096.41,5892.24,870.33,Tata Neu Infinity Credit Card,Cashback Credit Card
55770.17,17149.98,16685.73,6544.08,2443.68,12946.69,Tata Neu Infinity Credit Card,BPCL Octane Credit Card
59146.14,3818.7,9907.84,11797.17,3786.78,29835.64,Tata Neu Infinity Credit Card,Tata Neu Infinity Credit Card
12085.98,938.76,4075.35,1645.51,4274.23,1152.13,Cashback Credit Card,Millennia Credit Card
21116.19,6557.6,3202.06,3245.95,6417.7,1692.88,Tata Neu Infinity Credit Card,Millennia Credit Card
48984.58,14144.05,14836.02,3102.55,48.04,16853.92,Tata Neu Infinity Credit Card,Tata Neu Infinity Credit Card
48412.31,14180.47,101.71,8900.09,11132.88,14097.16,Tata Neu Infinity Credit Card,Cashback Credit Card
51213.19,11009.42,12065.99,11410.76,10069.42,6657.6,Tata Neu Infinity Credit Card,Cashback Credit Card
11073.99,1691.07,2905.12,2280.95,182.82,4014.02,Tata Neu Infinity Credit Card,Cashback Credit Card
40683.46,11872.02,9069.75,11321.16,2194.22,6226.3,Tata Neu Infinity Credit Card,BPCL Octane Credit Card
50648.72,8052.83,19401.43,3424.83,4500.54,15269.09,Tata Neu Infinity Credit Card,Millennia Credit Card
28737.08,430.89,699.51,6381.11,7322.4,13903.17,Tata Neu Infinity Credit Card,Cashback Credit Card
37507.31,5559.09,7158.44,7469.14,9687.5,7633.14,Tata Neu Infinity Credit Card,Cashback Credit Card
53571.05,20642.99,1698.87,7865.2,2593.07,20770.91,Tata Neu Infinity Credit Card,Millennia Credit Card
12124.08,2223.41,4601.11,797.21,2156.66,2345.68,Tata Neu Infinity Credit Card,Cashback Credit Card
39209.59,12981.28,4900.2,6923.24,2096.36,12308.51,Tata Neu Infinity Credit Card,Tata Neu Infinity Credit Card
58641.25,11292.1,19252.69,5133.73,13085.4,9877.34,Tata Neu Infinity Credit Card,Tata Neu Infinity Credit Card
12725.4,942.7,3284.51,1874.2,2930.03,3693.95,Tata Neu Infinity Credit Card,Tata Neu Infinity Credit Card
15440.82,4197.85,6295.09,36.13,7.2,4904.55,Tata Neu Infinity Credit Card,Millennia Credit Card
28292.58,769.48,12210.6,4615.37,8625.81,2071.32,Cashback Credit Card,Cashback Credit Card
41487.58,13259.41,4141.77,13062.56,2471.31,8552.53,Tata Neu Infinity Credit Card,Millennia Credit Card
24333.56,13925.49,1073.58,4317.69,1233.93,3782.87,Tata Neu Infinity Credit Card,BPCL Octane Credit Card
35595.71,3237.11,1576.53,8093.25,14538.93,8149.9,Cashback Credit Card,Diners Club Black
53313.43,6868.81,13226.58,7326.83,14489.71,11401.5,Tata Neu Infinity Credit Card,Diners Club Black
25063.62,6654.05,2474.87,4635.96,6850.92,4447.82,Tata Neu Infinity Credit Card,BPCL Octane Credit Card
15056.38,4182.92,3547.46,4618.19,1615.51,1092.29,Tata Neu Infinity Credit Card,Millennia Credit Card
33168.11,5351.07,6523.24,9602.0,6678.5,5013.3,Tata Neu Infinity Credit Card,Cashback Credit Card
46622.6,3385.74,15311.44,12317.94,5902.75,9704.74,Tata Neu Infinity Credit Card,Millennia Credit Card
34648.22,5290.09,9199.01,271.95,10264.92,9622.25,Tata Neu Infinity Credit Card,Millennia Credit Card
41906.21,3786.34,1043.7,10111.95,17197.05,9767.16,Cashback Credit Card,BPCL Octane Credit Card
33145.98,10116.03,4836.72,434.12,9097.29,8661.81,Tata Neu Infinity Credit Card,Cashback Credit Card
38962.7,14912.09,4353.98,16646.49,231.39,2818.76,Tata Neu Infinity Credit Card,Cashback Credit Card
32825.59,1006.44,8889.86,9781.21,1722.86,11425.21,Tata Neu Infinity Credit Card,BPCL Octane Credit Card
49958.06,3181.73,12272.51,17445.34,15680.21,1378.27,Cashback Credit Card,BPCL Octane Credit Card
41444.16,9222.99,11166.09,693.68,5815.14,14546.26,Tata Neu Infinity Credit Card,Millennia Credit Card
23913.72,2012.57,7930.15,8481.91,5325.13,163.96,BPCL Octane Credit Card,Millennia Credit Card
30806.94,5969.28,3312.89,966.47,8995.98,11562.33,Tata Neu Infinity Credit Card,Cashback Credit Card
22301.31,2926.14,3831.08,3084.11,7980.88,4479.1,Cashback Credit Card,Millennia Credit Card
23477.1,1397.65,1584.43,9331.17,11130.39,33.47,Cashback Credit Card,BPCL Octane Credit Card
53074.38,7646.95,6585.66,16327.67,10168.04,12346.06,Tata Neu Infinity Credit Card,Diners Club Black
23285.77,6240.43,4734.26,5313.85,6072.98,924.24,Tata Neu Infinity Credit Card,Cashback Credit Card
28227.24,4299.12,5353.74,4753.08,7596.28,6225.01,Tata Neu Infinity Credit Card,Tata Neu Infinity Credit Card
48588.51,17195.36,3658.51,10315.03,12675.66,4743.94,Tata Neu Infinity Credit Card,BPCL Octane Credit Card
21574.96,5636.99,547.31,5810.63,3568.44,6011.59,Tata Neu Infinity Credit Card,BPCL Octane Credit Card
49403.06,7223.53,559.42,19475.24,4472.96,17671.91,Tata Neu Infinity Credit Card,Cashback Credit Card
26485.85,7533.4,2471.16,8860.96,3569.27,4051.06,Tata Neu Infinity Credit Card,Cashback Credit Card
33435.82,2957.26,10780.39,3158.36,12183.77,4356.05,Cashback Credit Card,Cashback Credit Card
8254.84,803.49,2119.34,1841.83,1548.54,1941.62,Tata Neu Infinity Credit Card,Millennia Credit Card
33379.85,12509.49,11271.33,2476.53,3813.06,3309.44,Tata Neu Infinity Credit Card,Cashback Credit Card
36174.98,4269.45,9616.15,1039.06,13985.11,7265.21,Cashback Credit Card,Millennia Credit Card
28350.39,9254.75,6177.07,615.47,2850.99,9452.11,Tata Neu Infinity Credit Card,Cashback Credit Card
31488.7,8098.38,5332.08,6700.3,3498.57,7859.38,Tata Neu Infinity Credit Card,Millennia Credit Card
49768.95,7347.7,3254.61,13961.13,17498.66,7706.86,Cashback Credit Card,Cashback Credit Card
26103.9,982.66,9545.75,7747.14,3442.62,4385.74,BPCL Octane Credit Card,Cashback Credit Card
27335.76,11434.0,82.84,6039.83,5318.55,4460.55,Tata Neu Infinity Credit Card,Cashback Credit Card
59806.22,20748.46,8462.8,8344.42,5755.95,16494.59,Tata Neu Infinity Credit Card,Millennia Credit Card
56445.03,6553.35,3624.23,15554.95,10986.76,19725.74,Tata Neu Infinity Credit Card,BPCL Octane Credit Card
50685.7,4195.79,7688.19,17078.95,12141.69,9581.08,Tata Neu Infinity Credit Card,Tata Neu Infinity Credit Card
21809.69,1872.33,5978.74,1427.6,7364.08,5166.95,Cashback Credit Card,BPCL Octane Credit Card
18598.37,4465.98,1399.74,5888.85,4051.41,2792.38,Tata Neu Infinity Credit Card,Diners Club Black
45544.42,5052.32,23048.94,7650.53,4354.28,5438.35,Tata Neu Infinity Credit Card,BPCL Octane Credit Card
16654.97,1517.13,1512.18,5538.12,5321.7,2765.84,Cashback Credit Card,Tata Neu Infinity Credit Card
33845.57,2114.04,8985.68,7709.49,9277.77,5758.58,Cashback Credit Card,Diners Club Black
16753.71,3613.93,1543.5,3988.8,4895.61,2711.88,Tata Neu Infinity Credit Card,Millennia Credit Card
11279.03,1442.14,1318.87,737.75,2495.5,5284.77,Tata Neu Infinity Credit Card,Diners Club Black
38588.19,9975.17,1724.48,10837.57,13429.63,2621.34,Cashback Credit Card,Cashback Credit Card
11996.52,2444.97,2944.75,2637.05,2378.53,1591.22,Tata Neu Infinity Credit Card,Cashback Credit Card
43393.07,14273.41,708.13,8563.68,17174.57,2673.28,Cashback Credit Card,BPCL Octane Credit Card
32044.6,3703.77,4638.74,13293.38,631.72,9776.99,Tata Neu Infinity Credit Card,BPCL Octane Credit Card
51315.73,4254.7,19387.25,8043.56,16343.82,3286.4,Cashback Credit Card,Millennia Credit Card
57721.19,13175.2,10246.03,14755.96,19331.05,212.95,Cashback Credit Card,Millennia Credit Card
12459.96,4406.12,2136.59,2398.88,3488.32,30.04,Tata Neu Infinity Credit Card,Tata Neu Infinity Credit Card
48596.49,15719.43,7030.11,9272.36,6664.85,9909.74,Tata Neu Infinity Credit Card,BPCL Octane Credit Card
56781.06,12777.91,29994.33,820.1,9713.38,3475.33,Tata Neu Infinity Credit Card,BPCL Octane Credit Card
39165.68,12961.99,2404.05,10597.14,2731.23,10471.27,Tata Neu Infinity Credit Card,Cashback Credit Card
50765.28,11068.52,6086.88,10888.37,6124.26,16597.24,Tata Neu Infinity Credit Card,Millennia Credit Card
45312.98,5204.52,5096.94,6590.79,9578.44,18842.3,Tata Neu Infinity Credit Card,Diners Club Black
15184.03,6214.09,386.22,1959.39,86.7,6537.63,Tata Neu Infinity Credit Card,Millennia Credit Card
20772.08,7229.58,1872.69,4814.23,4709.31,2146.27,Tata Neu Infinity Credit Card,Tata Neu Infinity Credit Card
41132.4,5762.09,9178.09,12127.22,7370.65,6694.35,Tata Neu Infinity Credit Card,Diners Club Black
25059.85,7796.17,73.36,5067.39,5027.79,7095.15,Tata Neu Infinity Credit Card,BPCL Octane Credit Card
54386.83,30693.33,7621.74,6475.31,1197.81,8398.63,Tata Neu Infinity Credit Card,Diners Club Black
36628.14,5514.83,5760.99,4677.75,7695.65,12978.92,Tata Neu Infinity Credit Card,Tata Neu Infinity Credit Card
54826.08,18643.25,8290.51,7492.66,8452.83,11946.84,Tata Neu Infinity Credit Card,Millennia Credit Card
54646.37,13353.79,15959.47,4958.17,12380.79,7994.15,Tata Neu Infinity Credit Card,Millennia Credit Card
36294.9,13046.98,611.86,5175.02,2237.09,15223.95,Tata Neu Infinity Credit Card,Tata Neu Infinity Credit Card
52988.76,10410.32,5088.09,10631.1,15976.87,10882.38,Tata Neu Infinity Credit Card,BPCL Octane Credit Card
49679.27,511.7,11227.51,16298.46,15130.38,6511.22,Cashback Credit Card,Millennia Credit Card
50821.71,16677.62,9492.27,2842.14,8869.08,12940.6,Tata Neu Infinity Credit Card,Millennia Credit Card
39796.8,8232.16,10330.92,8030.33,6877.2,6326.19,Tata Neu Infinity Credit Card,Cashback Credit Card
36870.59,9553.81,4400.57,4510.98,6648.42,11756.81,Tata Neu Infinity Credit Card,BPCL Octane Credit Card
51806.2,17344.98,21531.44,213.6,1127.7,11588.48,Tata Neu Infinity Credit Card,BPCL Octane Credit Card
55591.18,17470.82,18172.28,8654.07,2561.18,8732.82,Tata Neu Infinity Credit Card,BPCL Octane Credit Card
27628.64,2306.24,9257.13,9349.27,2217.15,4498.85,BPCL Octane Credit Card,Millennia Credit Card
34940.18,9479.96,6532.16,4852.87,4886.59,9188.6,Tata Neu Infinity Credit Card,Millennia Credit Card
21336.85,6095.13,6914.35,3203.43,1217.43,3906.52,Tata Neu Infinity Credit Card,Cashback Credit Card
49486.4,5215.16,13300.86,15205.57,2293.01,13471.8,Tata Neu Infinity Credit Card,BPCL Octane Credit Card
14254.65,179.12,3104.52,3265.6,4132.12,3573.29,Cashback Credit Card,Diners Club Black
23312.55,8331.5,4265.76,550.62,6322.0,3842.67,Tata Neu Infinity Credit Card,Cashback Credit Card
57192.44,23892.33,6393.48,3143.46,18780.74,4982.44,Tata Neu Infinity Credit Card,BPCL Octane Credit Card
42419.86,7630.64,11355.13,11323.18,10584.65,1526.26,Cashback Credit Card,Tata Neu Infinity Credit Card
53159.59,14879.25,9324.32,1213.06,12434.28,15308.67,Tata Neu Infinity Credit Card,Diners Club Black
52644.39,14931.33,847.33,13176.78,331.79,23357.16,Tata Neu Infinity Credit Card,Cashback Credit Card
9433.6,2542.48,2499.99,599.16,2123.87,1668.09,Tata Neu Infinity Credit Card,BPCL Octane Credit Card
42258.78,13407.13,6464.65,2057.26,6257.74,14072.01,Tata Neu Infinity Credit Card,BPCL Octane Credit Card
38756.83,5010.38,9749.41,8498.26,10402.42,5096.36,Cashback Credit Card,Cashback Credit Card
56008.7,10156.66,6338.72,4455.02,15209.11,19849.19,Tata Neu Infinity Credit Card,BPCL Octane Credit Card
56833.52,5363.27,676.02,15673.4,11991.34,23129.48,Tata Neu Infinity Credit Card,Cashback Credit Card
13882.74,1106.05,3240.71,2650.1,3535.8,3350.08,Tata Neu Infinity Credit Card,Cashback Credit Card
26930.71,1881.7,7245.3,7549.01,2577.93,7676.77,Tata Neu Infinity Credit Card,BPCL Octane Credit Card
49328.35,12080.44,15061.69,3425.79,2185.15,16575.28,Tata Neu Infinity Credit Card,BPCL Octane Credit Card
45208.6,13397.96,14582.19,9212.88,4875.67,3139.9,Tata Neu Infinity Credit Card,Tata Neu Infinity Credit Card
17356.12,346.99,989.88,3711.95,8165.4,4141.91,Cashback Credit Card,Cashback Credit Card
16366.27,2071.71,8040.57,2377.62,1038.43,2837.94,Tata Neu Infinity Credit Card,Millennia Credit Card
48279.23,19322.77,15911.38,8331.83,3562.2,1151.05,Tata Neu Infinity Credit Card,Cashback Credit Card
17048.27,1265.05,2692.06,4601.9,2744.7,5744.55,Tata Neu Infinity Credit Card,Cashback Credit Card
47095.03,414.25,5961.8,6993.45,29335.99,4389.54,Cashback Credit Card,Millennia Credit Card
13908.46,6621.37,1089.56,1230.17,213.01,4754.35,Tata Neu Infinity Credit Card,Cashback Credit Card
21468.38,5637.74,5406.32,5282.43,3802.77,1339.12,Tata Neu Infinity Credit Card,Tata Neu Infinity Credit Card
47708.67,858.97,8630.51,10705.87,13711.23,13802.1,Tata Neu Infinity Credit Card,Diners Club Black
35101.05,9071.46,15442.91,2171.93,3561.68,4853.07,Tata Neu Infinity Credit Card,Diners Club Black
48156.56,6792.68,8112.19,11795.06,7502.62,13954.01,Tata Neu Infinity Credit Card,Cashback Credit Card
54201.38,17488.97,7054.39,13338.85,5643.27,10675.9,Tata Neu Infinity Credit Card,BPCL Octane Credit Card
27758.1,9334.24,9660.88,1549.63,2297.03,4916.32,Tata Neu Infinity Credit Card,Cashback Credit Card
8586.23,2939.6,1964.75,1158.63,2446.61,76.64,Tata Neu Infinity Credit Card,Super Value Titanium Credit Card
38393.82,14035.16,1710.78,6833.71,3675.56,12138.62,Tata Neu Infinity Credit Card,Tata Neu Infinity Credit Card
11064.65,2697.57,1937.5,2321.71,408.22,3699.64,Tata Neu Infinity Credit Card,Diners Club Black
33917.95,2833.08,8952.69,2861.63,4215.67,15054.89,Tata Neu Infinity Credit Card,Millennia Credit Card
24514.78,1759.68,1838.29,6279.1,6564.06,8073.66,Tata Neu Infinity Credit Card,Millennia Credit Card
52780.96,14288.45,398.61,14475.88,5533.13,18084.9,Tata Neu Infinity Credit Card,Diners Club Black
26701.18,2300.18,8061.27,14374.9,640.43,1324.4,BPCL Octane Credit Card,Cashback Credit Card
23293.74,1438.89,6219.02,8686.44,6442.39,507.0,BPCL Octane Credit Card,Cashback Credit Card
17313.48,1591.59,824.72,5753.31,4358.25,4785.62,Tata Neu Infinity Credit Card,Millennia Credit Card
15967.95,1175.58,4592.21,3220.39,1675.54,5304.22,Tata Neu Infinity Credit Card,Cashback Credit Card
52964.78,13175.58,10534.65,14271.63,3968.26,11014.67,Tata Neu Infinity Credit Card,Millennia Credit Card
56636.93,3985.55,21796.89,5214.38,24968.25,671.85,Cashback Credit Card,Cashback Credit Card
41538.97,9887.34,10355.39,9339.9,2496.11,9460.23,Tata Neu Infinity Credit Card,Tata Neu Infinity Credit Card
43584.97,9912.86,8540.04,6401.72,7651.58,11078.77,Tata Neu Infinity Credit Card,Cashback Credit Card
21475.93,4905.79,2266.02,4112.13,3429.7,6762.29,Tata Neu Infinity Credit Card,Cashback Credit Card
42195.33,5772.36,8116.02,9672.8,17585.32,1048.83,Cashback Credit Card,BPCL Octane Credit Card
10748.91,1966.38,1837.9,4091.12,185.23,2668.28,Tata Neu Infinity Credit Card,Cashback Credit Card
15331.74,7435.54,3494.59,3375.97,297.75,727.88,Tata Neu Infinity Credit Card,Cashback Credit Card
39034.06,505.2,591.42,9221.0,17019.41,11697.04,Cashback Credit Card,Diners Club Black
50549.63,4272.95,13320.21,11763.53,1324.56,19868.37,Tata Neu Infinity Credit Card,Cashback Credit Card
42709.78,8855.77,6012.35,13177.86,14194.04,469.77,Cashback Credit Card,Millennia Credit Card
42381.82,4756.67,16713.42,2408.34,52.79,18450.59,Tata Neu Infinity Credit Card,Millennia Credit Card
51405.65,13003.93,2231.91,12065.61,12543.18,11561.02,Tata Neu Infinity Credit Card,Cashback Credit Card
22884.42,9497.38,3752.74,5481.61,645.31,3507.37,Tata Neu Infinity Credit Card,Diners Club Black
48790.46,19155.56,3804.65,1500.17,19560.68,4769.4,Tata Neu Infinity Credit Card,Tata Neu Infinity Credit Card
40135.81,11199.54,2141.96,12930.38,11280.34,2583.59,Tata Neu Infinity Credit Card,Diners Club Black
14413.94,3196.78,4039.49,1376.87,848.32,4952.48,Tata Neu Infinity Credit Card,Diners Club Black
11087.47,1052.25,4124.62,3934.53,994.17,981.89,BPCL Octane Credit Card,Cashback Credit Card
33529.01,5414.22,12455.47,1487.92,2944.03,11227.36,Tata Neu Infinity Credit Card,BPCL Octane Credit Card
30084.26,11054.44,2009.05,13153.9,1228.95,2637.92,Tata Neu Infinity Credit Card,Diners Club Black
24360.65,3019.64,8185.33,3633.37,6757.57,2764.73,Cashback Credit Card,BPCL Octane Credit Card
27789.05,2505.06,13987.0,7466.4,308.64,3521.94,Tata Neu Infinity Credit Card,Tata Neu Infinity Credit Card
52935.39,10606.35,11003.26,14866.33,14860.4,1599.05,Cashback Credit Card,Diners Club Black
37836.71,11804.21,9667.44,10717.4,2692.72,2954.93,Tata Neu Infinity Credit Card,Cashback Credit Card
11250.15,2234.4,400.9,3685.48,1233.9,3695.47,Tata Neu Infinity Credit Card,Diners Club Black
31331.48,9737.66,8201.78,8141.33,2037.95,3212.76,Tata Neu Infinity Credit Card,Cashback Credit Card
48652.29,10023.96,13728.68,7840.29,4523.87,12535.49,Tata Neu Infinity Credit Card,Cashback Credit Card
30732.34,11201.27,3261.31,3204.86,304.31,12760.59,Tata Neu Infinity Credit Card,Cashback Credit Card
55351.78,17734.71,15923.57,6456.14,2284.4,12952.96,Tata Neu Infinity Credit Card,Millennia Credit Card
57700.66,12797.51,15920.29,17423.73,1368.54,10190.58,Tata Neu Infinity Credit Card,Millennia Credit Card
29217.56,6182.02,2465.78,13317.31,1584.48,5667.97,Tata Neu Infinity Credit Card,Diners Club Black
54583.11,9277.55,2174.14,16669.63,10524.09,15937.69,Tata Neu Infinity Credit Card,Cashback Credit Card
28433.49,2447.61,3439.46,2772.55,9212.61,10561.26,Tata Neu Infinity Credit Card,Diners Club Black
38958.72,12879.8,15206.71,10234.04,9.21,628.96,Tata Neu Infinity Credit Card,Cashback Credit Card
11544.06,3112.08,2656.94,1834.45,952.56,2988.03,Tata Neu Infinity Credit Card,Cashback Credit Card
41733.89,3252.44,18120.32,13514.18,4953.49,1893.47,BPCL Octane Credit Card,Cashback Credit Card
36915.3,12674.12,10196.79,1588.43,5341.57,7114.39,Tata Neu Infinity Credit Card,Cashback Credit Card
34406.18,913.47,10880.96,12277.52,1208.43,9125.8,BPCL Octane Credit Card,Millennia Credit Card
57889.04,4649.86,25231.04,313.8,9517.82,18176.52,Tata Neu Infinity Credit Card,Millennia Credit Card
18543.16,977.12,6466.8,3682.74,5690.87,1725.63,Cashback Credit Card,BPCL Octane Credit Card
38323.53,2899.69,2990.61,7752.31,10528.55,14152.38,Tata Neu Infinity Credit Card,BPCL Octane Credit Card
49748.08,11414.38,14427.03,7470.96,12490.59,3945.12,Tata Neu Infinity Credit Card,Cashback Credit Card
40265.58,1078.58,10046.8,12060.41,5461.86,11617.93,Tata Neu Infinity Credit Card,Cashback Credit Card
10088.99,2265.68,2350.2,2338.69,1879.4,1255.01,Tata Neu Infinity Credit Card,Diners Club Black
23342.76,7372.61,6795.92,497.37,4722.76,3954.1,Tata Neu Infinity Credit Card,Cashback Credit Card
45688.15,9634.8,5913.47,20037.18,9399.44,703.26,BPCL Octane Credit Card,Cashback Credit Card
55349.13,13367.36,9561.94,14635.01,4149.1,13635.72,Tata Neu Infinity Credit Card,Cashback Credit Card
29767.35,9363.72,4145.76,6031.25,8266.56,1960.06,Tata Neu Infinity Credit Card,Millennia Credit Card
10877.05,2474.17,423.19,3681.17,2687.97,1610.54,Tata Neu Infinity Credit Card,Cashback Credit Card
44207.68,6604.09,9747.03,11436.85,4348.32,12071.4,Tata Neu Infinity Credit Card,Tata Neu Infinity Credit Card
58550.99,13194.17,27404.06,5378.18,6109.06,6465.52,Tata Neu Infinity Credit Card,Tata Neu Infinity Credit Card
20751.17,90.33,7631.13,3265.09,8163.27,1601.36,Cashback Credit Card,BPCL Octane Credit Card
45284.89,10563.54,8703.97,10660.82,8528.15,6828.4,Tata Neu Infinity Credit Card,BPCL Octane Credit Card
14382.15,4736.98,143.6,3372.21,3708.54,2420.81,Tata Neu Infinity Credit Card,Cashback Credit Card
18428.55,5293.94,6937.31,414.77,190.76,5591.77,Tata Neu Infinity Credit Card,Millennia Credit Card
46247.06,8306.28,4914.36,12235.42,10933.38,9857.62,Tata Neu Infinity Credit Card,Millennia Credit Card
43256.63,715.66,12884.94,3814.73,7946.14,17895.16,Tata Neu Infinity Credit Card,Cashback Credit Card
55361.92,325.38,7209.42,15177.14,16249.97,16400.02,Tata Neu Infinity Credit Card,Millennia Credit Card
37256.94,2688.75,3071.85,17601.92,1553.35,12341.06,BPCL Octane Credit Card,Millennia Credit Card
46576.25,12380.37,16589.21,1017.74,14875.83,1713.1,Cashback Credit Card,Cashback Credit Card
33115.99,11797.06,6286.16,1695.97,12193.0,1143.8,Tata Neu Infinity Credit Card,Cashback Credit Card
43951.41,14787.85,13679.17,3490.87,1898.37,10095.16,Tata Neu Infinity Credit Card,Tata Neu Infinity Credit Card
46692.06,2847.23,14974.43,16902.18,7037.8,4930.42,BPCL Octane Credit Card,Cashback Credit Card
9787.71,1414.62,2022.65,1768.25,2748.5,1833.69,Tata Neu Infinity Credit Card,BPCL Octane Credit Card
59095.0,1913.85,18451.13,3018.46,21525.01,14186.55,Cashback Credit Card,Diners Club Black
11449.85,1431.8,1556.4,3075.43,2699.44,2686.77,Tata Neu Infinity Credit Card,Millennia Credit Card
52070.28,1327.85,18534.69,2453.32,20482.69,9271.73,Cashback Credit Card,Cashback Credit Card
57039.77,13289.62,18110.12,8103.12,14275.89,3261.02,Tata Neu Infinity Credit Card,Tata Neu Infinity Credit Card
20421.4,1922.77,6295.11,4335.18,4101.11,3767.24,Tata Neu Infinity Credit Card,Tata Neu Infinity Credit Card
45295.93,12037.25,13906.79,2319.37,6224.33,10808.2,Tata Neu Infinity Credit Card,Tata Neu Infinity Credit Card
9056.19,1212.09,1841.6,2724.99,3214.26,63.26,Cashback Credit Card,Millennia Credit Card
20706.67,4873.06,5074.85,2803.22,6006.49,1949.07,Tata Neu Infinity Credit Card,Millennia Credit Card
29493.24,4585.22,12687.03,3439.78,449.11,8332.1,Tata Neu Infinity Credit Card,BPCL Octane Credit Card
8261.03,971.22,1317.45,486.35,2614.09,2871.91,Tata Neu Infinity Credit Card,Diners Club Black
54641.87,10575.02,10195.87,15353.08,14245.14,4272.76,Tata Neu Infinity Credit Card,Millennia Credit Card
14250.18,281.21,3772.62,5161.47,219.5,4815.38,BPCL Octane Credit Card,Cashback Credit Card
48429.49,7668.73,9543.24,11327.38,9292.34,10597.8,Tata Neu Infinity Credit Card,Cashback Credit Card
19685.66,3565.65,3353.18,3499.05,5479.41,3788.36,Tata Neu Infinity Credit Card,Cashback Credit Card
47474.18,5913.03,5168.06,14988.23,3652.84,17752.01,Tata Neu Infinity Credit Card,BPCL Octane Credit Card
46939.51,10331.25,1761.1,9335.1,12458.42,13053.64,Tata Neu Infinity Credit Card,Tata Neu Infinity Credit Card
30479.84,7306.58,3206.12,4061.84,12088.82,3816.47,Cashback Credit Card,BPCL Octane Credit Card
14812.31,4569.85,3467.58,1251.1,846.16,4677.61,Tata Neu Infinity Credit Card,Cashback Credit Card
25496.69,7097.29,1962.06,4777.15,3737.23,7922.97,Tata Neu Infinity Credit Card,Millennia Credit Card
28539.27,8242.66,65.77,7986.15,6464.54,5780.15,Tata Neu Infinity Credit Card,BPCL Octane Credit Card
43152.38,7062.72,1464.42,4573.29,9989.65,20062.29,Tata Neu Infinity Credit Card,Tata Neu Infinity Credit Card
8114.58,1717.63,1720.47,715.43,2139.82,1821.23,Tata Neu Infinity Credit Card,Millennia Credit Card
32833.23,1873.63,3441.46,9377.39,16692.22,1448.53,Cashback Credit Card,Diners Club Black
14635.95,4426.03,4388.03,3722.05,1676.08,423.77,Tata Neu Infinity Credit Card,Tata Neu Infinity Credit Card
52930.04,10348.3,16163.49,1722.15,10784.56,13911.54,Tata Neu Infinity Credit Card,Tata Neu Infinity Credit Card
58631.62,2323.26,6373.51,16956.43,29834.68,3143.73,Cashback Credit Card,Cashback Credit Card
55385.23,6159.3,6331.91,6478.8,26505.3,9909.91,Cashback Credit Card,Tata Neu Infinity Credit Card
50615.15,16262.32,4425.57,8008.34,6815.81,15103.1,Tata Neu Infinity Credit Card,Tata Neu Infinity Credit Card
57458.88,8518.04,17892.19,9698.23,3095.92,18254.49,Tata Neu Infinity Credit Card,Cashback Credit Card
37333.29,17259.97,6705.16,4127.98,1356.25,7883.94,Tata Neu Infinity Credit Card,BPCL Octane Credit Card
37144.01,3314.35,3628.33,12027.14,10985.73,7188.46,Cashback Credit Card,Tata Neu Infinity Credit Card
16381.45,2300.98,915.14,7137.14,4684.99,1343.21,BPCL Octane Credit Card,Cashback Credit Card
48203.15,11267.62,7041.56,11984.4,12878.0,5031.57,Tata Neu Infinity Credit Card,Millennia Credit Card
48954.55,1381.63,12090.81,2929.51,20580.88,11971.72,Cashback Credit Card,Cashback Credit Card
56717.58,6923.66,12352.4,15396.41,13083.74,8961.37,Tata Neu Infinity Credit Card,Tata Neu Infinity Credit Card
25755.12,9272.92,830.12,4387.5,7361.42,3903.15,Tata Neu Infinity Credit Card,Cashback Credit Card
30214.24,576.3,9958.67,10277.69,1989.62,7411.97,BPCL Octane Credit Card,Millennia Credit Card
42198.04,13104.85,3900.56,3360.52,7638.84,14193.27,Tata Neu Infinity Credit Card,BPCL Octane Credit Card
48220.81,11769.04,4547.49,15096.53,13184.68,3623.07,Tata Neu Infinity Credit Card,BPCL Octane Credit Card
48145.69,7626.13,19363.48,14484.8,4090.01,2581.27,Tata Neu Infinity Credit Card,Millennia Credit Card
33782.89,6263.64,7431.68,8012.22,6355.72,5719.62,Tata Neu Infinity Credit Card,Cashback Credit Card
24473.8,4085.46,11589.77,3769.29,107.81,4921.47,Tata Neu Infinity Credit Card,Millennia Credit Card
52725.63,2942.95,19676.46,6604.98,9944.82,13556.42,Tata Neu Infinity Credit Card,Millennia Credit Card
22454.02,7220.45,7487.09,2601.04,3257.35,1888.08,Tata Neu Infinity Credit Card,BPCL Octane Credit Card
28722.53,7118.15,7611.45,8299.66,5283.12,410.16,Tata Neu Infinity Credit Card,BPCL Octane Credit Card
38514.57,2110.52,4546.91,13499.52,15371.41,2986.21,Cashback Credit Card,Millennia Credit Card
26715.12,7088.19,434.31,7658.9,9288.4,2245.32,Tata Neu Infinity Credit Card,Diners Club Black
58718.5,11808.63,11698.76,11359.72,9689.8,14161.6,Tata Neu Infinity Credit Card,Millennia Credit Card
53060.32,11193.17,19179.47,1327.5,15820.4,5539.78,Tata Neu Infinity Credit Card,Cashback Credit Card
37545.51,4163.51,9325.05,10410.64,8881.08,4765.23,Tata Neu Infinity Credit Card,Diners Club Black
15108.03,1308.27,1064.83,7717.27,2183.57,2834.08,BPCL Octane Credit Card,Diners Club Black
36038.09,9091.72,2028.68,12257.64,8922.88,3737.17,Tata Neu Infinity Credit Card,Cashback Credit Card
48369.8,11105.12,11005.79,9132.22,5107.81,12018.86,Tata Neu Infinity Credit Card,Diners Club Black
32485.08,3777.66,8331.93,4833.09,9151.51,6390.9,Tata Neu Infinity Credit Card,BPCL Octane Credit Card
42137.13,8842.67,10720.56,251.84,8447.65,13874.4,Tata Neu Infinity Credit Card,Diners Club Black
34184.8,714.22,11636.93,5193.82,7295.53,9344.3,Tata Neu Infinity Credit Card,Cashback Credit Card
25061.68,9462.86,586.59,9491.42,248.59,5272.22,Tata Neu Infinity Credit Card,Millennia Credit Card
48681.88,2986.19,25331.98,11881.04,6368.53,2114.14,Diners Club Black,Diners Club Black
21641.49,5052.6,6628.73,1312.04,6701.68,1946.43,Tata Neu Infinity Credit Card,BPCL Octane Credit Card
58751.88,5290.13,23023.18,15620.64,6958.26,7859.67,Tata Neu Infinity Credit Card,Diners Club Black
23589.59,5296.67,7108.67,6137.45,1421.91,3624.9,Tata Neu Infinity Credit Card,Cashback Credit Card
28807.2,6595.41,8478.04,4756.65,1009.57,7967.52,Tata Neu Infinity Credit Card,Millennia Credit Card
23993.04,6121.96,441.55,7422.92,5279.32,4727.29,Tata Neu Infinity Credit Card,Tata Neu Infinity Credit Card
25731.5,5629.41,5656.7,509.55,6669.37,7266.48,Tata Neu Infinity Credit Card,BPCL Octane Credit Card
50222.09,12815.83,14776.7,4266.81,9120.03,9242.73,Tata Neu Infinity Credit Card,BPCL Octane Credit Card
10064.18,562.24,2625.75,2243.27,2917.33,1715.6,Cashback Credit Card,Cashback Credit Card
35160.76,6766.88,10432.96,3653.7,4731.04,9576.18,Tata Neu Infinity Credit Card,Cashback Credit Card
48704.13,7831.56,6989.03,22330.13,4723.37,6830.03,BPCL Octane Credit Card,BPCL Octane Credit Card
38076.17,8653.21,10645.71,7138.88,10041.72,1596.65,Tata Neu Infinity Credit Card,BPCL Octane Credit Card
52301.17,34656.0,2490.22,3269.91,5728.73,6156.3,Tata Neu Infinity Credit Card,Diners Club Black
41210.91,2784.22,11913.76,9020.76,2939.15,14553.03,Tata Neu Infinity Credit Card,Millennia Credit Card
49836.44,12760.11,6863.74,13144.04,11119.75,5948.81,Tata Neu Infinity Credit Card,Millennia Credit Card
12416.99,4613.4,2030.77,1358.44,3319.74,1094.65,Tata Neu Infinity Credit Card,Diners Club Black
37261.63,10906.66,3890.14,11035.32,9239.94,2189.57,Tata Neu Infinity Credit Card,Millennia Credit Card
18999.08,4727.15,3972.92,2778.65,444.25,7076.11,Tata Neu Infinity Credit Card,BPCL Octane Credit Card
25659.09,11656.5,10962.16,156.89,2205.85,677.68,Tata Neu Infinity Credit Card,Diners Club Black
33784.76,11813.8,9218.58,4139.69,7000.63,1612.05,Tata Neu Infinity Credit Card,Millennia Credit Card
51314.79,8816.08,8366.96,11371.95,6438.77,16321.03,Tata Neu Infinity Credit Card,BPCL Octane Credit Card
39686.23,4002.52,12732.71,17730.58,4356.89,863.54,BPCL Octane Credit Card,Diners Club Black
28665.16,2716.76,6661.41,9105.3,4995.48,5186.21,Tata Neu Infinity Credit Card,Millennia Credit Card
8408.75,2657.07,1385.91,1824.97,1702.8,837.99,Tata Neu Infinity Credit Card,Millennia Credit Card
48432.85,10602.97,93.09,18261.93,10515.54,8959.33,Tata Neu Infinity Credit Card,Millennia Credit Card
9301.13,1843.21,2206.71,1578.79,1773.59,1898.83,Tata Neu Infinity Credit Card,Diners Club Black
43289.9,16218.59,6871.27,11900.11,6991.05,1308.88,Tata Neu Infinity Credit Card,Millennia Credit Card
39984.54,1561.65,8697.8,8993.65,10427.64,10303.81,Tata Neu Infinity Credit Card,Tata Neu Infinity Credit Card
52890.86,12715.65,4461.07,21968.75,6321.1,7424.29,Tata Neu Infinity Credit Card,Cashback Credit Card
13478.43,1697.55,3102.58,4313.38,832.02,3532.91,Tata Neu Infinity Credit Card,Cashback Credit Card
22664.73,5527.63,5687.89,5106.45,6212.11,130.64,Cashback Credit Card,Cashback Credit Card
15084.21,1714.6,1654.22,3703.78,3467.32,4544.3,Tata Neu Infinity Credit Card,BPCL Octane Credit Card
24190.45,6171.63,3439.38,4354.3,3788.66,6436.49,Tata Neu Infinity Credit Card,Diners Club Black
21658.98,8186.63,7110.39,2088.97,2399.37,1873.61,Tata Neu Infinity Credit Card,Cashback Credit Card
46147.89,14730.52,9295.84,7000.27,14348.12,773.14,Tata Neu Infinity Credit Card,BPCL Octane Credit Card
18937.62,1476.59,3285.86,2063.75,6623.13,5488.29,Tata Neu Infinity Credit Card,Millennia Credit Card
41562.11,11655.09,5625.4,13055.25,5752.95,5473.42,Tata Neu Infinity Credit Card,Cashback Credit Card
29460.64,7987.07,3711.67,7088.5,4004.94,6668.46,Tata Neu Infinity Credit Card,Millennia Credit Card
30499.02,6865.09,6819.39,1333.1,7294.85,8186.59,Tata Neu Infinity Credit Card,BPCL Octane Credit Card
34506.51,10119.27,651.47,5490.73,7551.92,10693.12,Tata Neu Infinity Credit Card,BPCL Octane Credit Card
18074.66,1856.68,6957.27,1036.51,863.29,7360.91,Tata Neu Infinity Credit Card,Cashback Credit Card
47727.06,2558.49,12979.31,14674.59,9011.84,8502.83,Tata Neu Infinity Credit Card,Cashback Credit Card
32395.87,1901.43,9298.9,3603.07,7936.83,9655.64,Tata Neu Infinity Credit Card,Diners Club Black
57969.62,12289.67,2299.37,34950.09,6943.85,1486.63,BPCL Octane Credit Card,Diners Club Black
12023.12,3355.52,2024.39,2571.58,1847.11,2224.52,Tata Neu Infinity Credit Card,Cashback Credit Card
18469.55,2584.04,3767.64,3556.89,5738.41,2822.57,Cashback Credit Card,BPCL Octane Credit Card
39918.03,8228.95,10618.03,8467.67,9804.78,2798.6,Tata Neu Infinity Credit Card,Diners Club Black
14255.12,1460.46,2477.27,8574.31,623.45,1119.61,BPCL Octane Credit Card,Cashback Credit Card
56116.59,17975.18,13166.2,1566.92,7367.14,16041.15,Tata Neu Infinity Credit Card,Diners Club Black
42463.85,1086.36,3842.51,3672.65,23981.92,9880.4,Cashback Credit Card,BPCL Octane Credit Card
22668.28,1316.47,2559.35,7678.74,7202.67,3911.04,Cashback Credit Card,Tata Neu Infinity Credit Card
10852.98,1026.02,646.99,2194.06,3762.87,3223.04,Tata Neu Infinity Credit Card,Cashback Credit Card
32274.81,6239.26,4572.09,3026.82,5405.62,13031.02,Tata Neu Infinity Credit Card,Diners Club Black
45264.66,1127.56,15628.17,6342.86,8505.75,13660.32,Tata Neu Infinity Credit Card,Cashback Credit Card
38356.36,10816.81,9397.14,7982.38,857.92,9302.1,Tata Neu Infinity Credit Card,Tata Neu Infinity Credit Card
40920.99,11985.66,10092.62,13152.17,1562.35,4128.18,Tata Neu Infinity Credit Card,Millennia Credit Card
11456.75,3556.81,904.87,1979.81,1225.18,3790.07,Tata Neu Infinity Credit Card,Cashback Credit Card
22529.06,3471.13,8811.13,3762.32,1699.75,4784.71,Tata Neu Infinity Credit Card,Cashback Credit Card
21941.67,2285.46,1756.96,2697.14,8240.4,6961.72,Tata Neu Infinity Credit Card,Diners Club Black
57757.3,10452.61,20012.22,10383.29,208.3,16700.88,Tata Neu Infinity Credit Card,BPCL Octane Credit Card
41330.9,3976.1,10488.5,8490.08,6926.28,11449.94,Tata Neu Infinity Credit Card,Diners Club Black
50861.66,9018.77,25278.41,3275.82,10828.58,2460.07,Tata Neu Infinity Credit Card,Cashback Credit Card
25951.62,3052.2,5458.84,5077.85,7249.53,5113.2,Tata Neu Infinity Credit Card,BPCL Octane Credit Card
23270.13,8932.75,812.87,4364.13,2883.43,6276.94,Tata Neu Infinity Credit Card,Tata Neu Infinity Credit Card
32288.46,12700.59,2545.22,856.91,3448.96,12736.77,Tata Neu Infinity Credit Card,Diners Club Black
51874.52,1787.66,9889.65,13977.88,5708.74,20510.57,Tata Neu Infinity Credit Card,Tata Neu Infinity Credit Card
28098.35,5763.07,7023.04,31.97,8823.21,6457.06,Tata Neu Infinity Credit Card,BPCL Octane Credit Card
15654.37,3213.23,3034.35,1137.09,7240.23,1029.47,Cashback Credit Card,Cashback Credit Card
8047.08,1182.15,1611.14,1489.2,905.86,2858.74,Tata Neu Infinity Credit Card,Millennia Credit Card
23441.37,4221.07,4166.89,7608.9,6599.74,844.77,Cashback Credit Card,Diners Club Black
33451.75,4924.54,10336.62,7912.36,3436.12,6842.11,Tata Neu Infinity Credit Card,Diners Club Black
17162.15,3593.7,6114.5,2121.8,83.91,5248.23,Tata Neu Infinity Credit Card,BPCL Octane Credit Card
26842.08,3574.76,4596.14,7032.54,8469.62,3169.02,Cashback Credit Card,BPCL Octane Credit Card
14123.49,150.29,4188.69,4177.1,4478.55,1128.87,Cashback Credit Card,Diners Club Black
38132.21,8665.6,11708.41,6579.9,6641.59,4536.71,Tata Neu Infinity Credit Card,Cashback Credit Card
12361.94,1528.79,1107.63,3100.12,2038.71,4586.69,Tata Neu Infinity Credit Card,Diners Club Black
8940.35,1689.77,2036.81,802.39,2225.38,2185.99,Tata Neu Infinity Credit Card,BPCL Octane Credit Card
41162.75,7642.57,6628.44,5753.59,13401.93,7736.22,Tata Neu Infinity Credit Card,BPCL Octane Credit Card
26387.75,7389.19,1894.86,8322.99,139.56,8641.14,Tata Neu Infinity Credit Card,Diners Club Black
24707.69,6782.38,1254.32,5637.49,3680.86,7352.64,Tata Neu Infinity Credit Card,Diners Club Black
55847.89,7277.61,8511.2,17836.67,4709.5,17512.92,Tata Neu Infinity Credit Card,Tata Neu Infinity Credit Card
36638.91,11597.12,8062.84,2878.95,4823.54,9276.46,Tata Neu Infinity Credit Card,Diners Club Black
27975.81,78.45,11267.2,7914.28,4434.71,4281.17,BPCL Octane Credit Card,BPCL Octane Credit Card
18439.19,3521.72,6183.01,972.19,4468.61,3293.66,Tata Neu Infinity Credit Card,Tata Neu Infinity Credit Card
29769.39,15689.08,5786.54,2186.49,3654.03,2453.25,Tata Neu Infinity Credit Card,Diners Club Black
43883.73,9496.09,6774.8,13844.66,10582.36,3185.82,Tata Neu Infinity Credit Card,Millennia Credit Card
51112.01,14973.0,9310.57,976.72,9401.51,16450.21,Tata Neu Infinity Credit Card,Cashback Credit Card
12126.27,2780.41,2900.4,2348.0,1108.8,2988.67,Tata Neu Infinity Credit Card,Millennia Credit Card
59236.8,15907.67,3463.35,2019.89,17974.2,19871.68,Tata Neu Infinity Credit Card,Tata Neu Infinity Credit Card
56598.98,670.42,15411.05,20373.44,8214.26,11929.81,BPCL Octane Credit Card,Cashback Credit Card
43746.57,17530.03,2174.34,11246.37,6572.55,6223.28,Tata Neu Infinity Credit Card,Millennia Credit Card
52268.25,6383.74,14730.79,2657.3,13894.83,14601.6,Tata Neu Infinity Credit Card,Tata Neu Infinity Credit Card
31919.48,330.82,2253.03,6611.99,14895.29,7828.34,Cashback Credit Card,Diners Club Black
32899.11,16463.04,1891.11,3343.21,4432.08,6769.67,Tata Neu Infinity Credit Card,Tata Neu Infinity Credit Card
41414.38,896.32,9606.28,11925.68,18970.25,15.85,Cashback Credit Card,Cashback Credit Card
30938.47,2874.07,1752.1,1400.83,15594.13,9317.34,Cashback Credit Card,Millennia Credit Card
36588.99,13509.78,3650.27,1115.2,4899.76,13413.99,Tata Neu Infinity Credit Card,BPCL Octane Credit Card
56832.68,10390.33,17917.55,6596.35,17227.66,4700.79,Cashback Credit Card,Cashback Credit Card
44609.01,10905.2,7597.35,16775.56,187.07,9143.83,Tata Neu Infinity Credit Card,Cashback Credit Card
34446.39,151.57,111.26,15719.81,13417.87,5045.89,BPCL Octane Credit Card,BPCL Octane Credit Card
17043.88,2819.34,1290.69,6786.59,2888.54,3258.73,Tata Neu Infinity Credit Card,Cashback Credit Card
45189.45,556.65,6168.57,2798.91,13921.36,21743.97,Tata Neu Infinity Credit Card,Diners Club Black
35540.73,5272.21,3111.83,11151.45,8568.22,7437.03,Tata Neu Infinity Credit Card,Tata Neu Infinity Credit Card
41213.18,5412.14,10928.96,7648.28,10613.99,6609.82,Tata Neu Infinity Credit Card,Millennia Credit Card
43428.93,1.77,10402.06,6499.52,12724.23,13801.34,Tata Neu Infinity Credit Card,Cashback Credit Card
53694.51,13299.25,12960.33,12351.98,4647.3,10435.64,Tata Neu Infinity Credit Card,Millennia Credit Card
51686.96,3380.06,15110.86,12841.79,727.21,19627.03,Tata Neu Infinity Credit Card,BPCL Octane Credit Card
37202.14,1954.33,4575.85,14817.04,2090.56,13764.36,Tata Neu Infinity Credit Card,Millennia Credit Card
47905.63,7073.15,10505.4,13950.68,6102.5,10273.9,Tata Neu Infinity Credit Card,Tata Neu Infinity Credit Card
44523.25,4028.08,4228.72,11480.38,9015.23,15770.85,Tata Neu Infinity Credit Card,BPCL Octane Credit Card
15606.9,2056.01,5921.19,3944.95,3343.42,341.33,Cashback Credit Card,Cashback Credit Card
39168.25,5225.43,10009.37,10556.29,7785.72,5591.44,Tata Neu Infinity Credit Card,Cashback Credit Card
39232.78,9085.43,9667.58,7973.49,7612.81,4893.47,Tata Neu Infinity Credit Card,Millennia Credit Card
54777.28,12356.04,9405.2,13761.7,14226.13,5028.21,Tata Neu Infinity Credit Card,BPCL Octane Credit Card
38703.61,3400.96,16142.98,924.37,6238.67,11996.63,Tata Neu Infinity Credit Card,Cashback Credit Card
46570.22,14149.1,13792.93,71.09,5885.64,12671.47,Tata Neu Infinity Credit Card,BPCL Octane Credit Card
58722.23,19649.42,24739.58,7725.48,5518.5,1089.25,Tata Neu Infinity Credit Card,Cashback Credit Card
39835.7,5263.06,5200.74,10730.39,9847.58,8793.92,Tata Neu Infinity Credit Card,First Classic Credit Card
8843.09,2876.65,2426.6,617.11,2485.31,437.43,Tata Neu Infinity Credit Card,Tata Neu Infinity Credit Card
56231.04,3880.88,23759.12,2508.08,3672.84,22410.13,Tata Neu Infinity Credit Card,Cashback Credit Card
19402.52,3829.38,4406.55,1760.52,4485.67,4920.4,Tata Neu Infinity Credit Card,Diners Club Black
37883.95,6010.6,18390.76,2283.46,4560.75,6638.38,Tata Neu Infinity Credit Card,BPCL Octane Credit Card
8487.13,1007.54,781.45,3588.56,1095.07,2014.5,Tata Neu Infinity Credit Card,Tata Neu Infinity Credit Card
28145.28,5935.79,11829.8,2150.81,7023.08,1205.79,Tata Neu Infinity Credit Card,Tata Neu Infinity Credit Card
38573.45,11229.11,4792.1,3116.24,12899.94,6536.06,Tata Neu Infinity Credit Card,Cashback Credit Card
37972.57,9641.44,8537.66,6637.36,2784.26,10371.86,Tata Neu Infinity Credit Card,Cashback Credit Card
59165.39,11721.16,9778.01,8815.33,22904.38,5946.51,Cashback Credit Card,Cashback Credit Card
15741.15,3339.98,3668.91,1262.09,2823.36,4646.8,Tata Neu Infinity Credit Card,Diners Club Black
51537.28,6308.15,15875.78,14019.29,14607.95,726.1,Cashback Credit Card,Diners Club Black
50825.4,3716.84,19148.68,15962.91,8243.97,3753.01,BPCL Octane Credit Card,Cashback Credit Card
38507.18,4987.18,5449.8,4266.42,11237.01,12566.77,Tata Neu Infinity Credit Card,Cashback Credit Card
8557.33,861.0,2665.5,4016.06,17.84,996.93,BPCL Octane Credit Card,BPCL Octane Credit Card
16648.42,1717.12,2063.77,6597.3,3756.71,2513.51,BPCL Octane Credit Card,Diners Club Black
51793.25,11486.42,9315.24,2592.27,17909.91,10489.41,Tata Neu Infinity Credit Card,Diners Club Black
45434.62,9426.99,9820.03,333.76,15589.17,10264.67,Tata Neu Infinity Credit Card,BPCL Octane Credit Card
46031.01,10356.2,2299.83,17663.19,2735.71,12976.09,Tata Neu Infinity Credit Card,Millennia Credit Card
39144.36,302.11,14356.69,13302.55,6562.34,4620.67,BPCL Octane Credit Card,Cashback Credit Card
11002.37,134.26,941.72,3833.21,2373.7,3719.48,Tata Neu Infinity Credit Card,BPCL Octane Credit Card
16049.74,2687.77,2699.67,4473.78,1532.45,4656.07,Tata Neu Infinity Credit Card,Tata Neu Infinity Credit Card
13140.21,4269.33,2975.45,1513.76,3793.03,588.65,Tata Neu Infinity Credit Card,BPCL Octane Credit Card
57784.09,12539.2,16392.83,7250.67,4958.86,16642.53,Tata Neu Infinity Credit Card,Cashback Credit Card
21306.23,3188.69,6617.35,6759.54,361.15,4379.49,Tata Neu Infinity Credit Card,Diners Club Black
47470.2,11025.54,12903.04,9645.0,6210.94,7685.68,Tata Neu Infinity Credit Card,Cashback Credit Card
15006.21,3680.38,2482.85,4790.55,3611.35,441.08,Tata Neu Infinity Credit Card,Cashback Credit Card
23397.69,1930.44,5122.92,5569.55,5508.9,5265.88,Tata Neu Infinity Credit Card,Millennia Credit Card
46025.45,9348.32,6190.45,3343.7,16543.14,10599.84,Tata Neu Infinity Credit Card,Diners Club Black
47131.0,15271.6,5999.07,16693.78,505.26,8661.29,Tata Neu Infinity Credit Card,Diners Club Black
31583.58,5222.29,7662.25,9502.2,6992.14,2204.69,Tata Neu Infinity Credit Card,Cashback Credit Card
37302.15,7015.81,11246.65,4355.01,7175.43,7509.25,Tata Neu Infinity Credit Card,Tata Neu Infinity Credit Card
38617.74,3546.84,10498.86,6577.5,11767.04,6227.49,Cashback Credit Card,BPCL Octane Credit Card
32254.69,8469.98,8416.86,5288.97,1106.37,8972.52,Tata Neu Infinity Credit Card,Tata Neu Infinity Credit Card
57238.14,8092.03,17850.76,18560.0,10501.54,2233.82,Cashback Credit Card,Millennia Credit Card
56555.01,13131.09,5606.43,10084.8,12392.97,15339.72,Tata Neu Infinity Credit Card,BPCL Octane Credit Card
18827.93,2660.97,3972.66,6111.93,1585.3,4497.08,Tata Neu Infinity Credit Card,BPCL Octane Credit Card
32444.07,5149.76,7232.68,9825.77,10175.68,60.17,Cashback Credit Card,Millennia Credit Card
53291.25,1008.25,14496.09,13828.55,17955.08,6003.28,Cashback Credit Card,Tata Neu Infinity Credit Card
44164.93,3685.94,24225.76,808.81,12172.9,3271.52,Diners Club Black,Cashback Credit Card
45093.29,16044.53,11244.51,10462.65,3789.92,3551.69,Tata Neu Infinity Credit Card,Diners Club Black
23466.68,6706.54,7309.66,6360.28,374.69,2715.5,Tata Neu Infinity Credit Card,Tata Neu Infinity Credit Card
47017.68,10651.37,8921.08,11142.53,12544.42,3758.27,Tata Neu Infinity Credit Card,Millennia Credit Card
43033.76,10104.52,8790.39,8689.38,8429.13,7020.35,Tata Neu Infinity Credit Card,BPCL Octane Credit Card
58655.74,2087.12,23567.2,8502.89,12399.53,12099.0,Tata Neu Infinity Credit Card,Millennia Credit Card
21285.52,7316.99,7175.27,195.72,5119.03,1478.52,Tata Neu Infinity Credit Card,BPCL Octane Credit Card
40375.47,10648.83,4355.88,298.94,2754.49,22317.33,Tata Neu Infinity Credit Card,Diners Club Black
16995.05,5019.21,2585.46,2872.19,201.02,6317.17,Tata Neu Infinity Credit Card,Vistara Infinite Credit Card
58873.68,9702.86,17126.47,8911.13,10216.08,12917.15,Tata Neu Infinity Credit Card,Diners Club Black
38839.71,10507.32,84.96,11716.03,9998.21,6533.19,Tata Neu Infinity Credit Card,Diners Club Black
15376.46,6408.47,2489.3,2681.87,702.65,3094.16,Tata Neu Infinity Credit Card,Cashback Credit Card
18502.77,943.71,4051.63,4619.04,3663.14,5225.24,Tata Neu Infinity Credit Card,Tata Neu Infinity Credit Card
30194.0,5117.0,5867.62,8518.03,1301.94,9389.4,Tata Neu Infinity Credit Card,Millennia Credit Card
38494.77,9550.73,4994.82,10692.37,6635.58,6621.27,Tata Neu Infinity Credit Card,BPCL Octane Credit Card
31468.74,95.3,321.25,13104.19,5616.56,12331.44,BPCL Octane Credit Card,BPCL Octane Credit Card
15669.24,4812.11,2205.16,1951.08,2831.6,3869.29,Tata Neu Infinity Credit Card,BPCL Octane Credit Card
10085.2,2086.72,706.42,2592.73,2648.21,2051.12,Tata Neu Infinity Credit Card,BPCL Octane Credit Card
18912.07,6358.93,3666.19,1519.52,6798.05,569.38,Tata Neu Infinity Credit Card,Cashback Credit Card
33441.65,8063.0,8309.95,4886.91,11876.06,305.72,Cashback Credit Card,Cashback Credit Card
44222.01,13600.58,891.01,9022.37,12881.94,7826.12,Tata Neu Infinity Credit Card,Tata Neu Infinity Credit Card
43238.49,10810.85,10022.02,4525.13,13185.42,4695.06,Tata Neu Infinity Credit Card,Cashback Credit Card
47284.57,15992.38,9721.89,13042.26,1753.68,6774.36,Tata Neu Infinity Credit Card,Cashback Credit Card
52488.86,3438.91,10551.82,8345.54,747.36,29405.24,Tata Neu Infinity Credit Card,Millennia Credit Card
15991.03,1705.97,2954.5,1592.47,4610.85,5127.24,Tata Neu Infinity Credit Card,Diners Club Black
25982.65,4819.96,8062.93,267.77,3809.33,9022.66,Tata Neu Infinity Credit Card,Cashback Credit Card
45808.92,11635.84,11460.34,10452.64,8821.42,3438.69,Tata Neu Infinity Credit Card,Millennia Credit Card
32384.55,10908.69,4736.97,8466.72,7215.08,1057.09,Tata Neu Infinity Credit Card,Diners Club Black
53537.26,17557.44,4717.99,19647.23,7162.64,4451.97,Tata Neu Infinity Credit Card,Millennia Credit Card
8463.59,1383.34,1838.06,2558.52,1047.31,1636.36,Tata Neu Infinity Credit Card,BPCL Octane Credit Card
29607.01,8044.36,3497.42,8334.2,2568.32,7162.71,Tata Neu Infinity Credit Card,Millennia Credit Card
11430.68,353.24,819.89,7708.96,303.59,2245.01,BPCL Octane Credit Card,Millennia Credit Card
38884.98,2572.47,8895.71,6351.79,7993.89,13071.14,Tata Neu Infinity Credit Card,BPCL Octane Credit Card
13874.51,2956.65,4122.76,2576.53,3759.34,459.23,Cashback Credit Card,BPCL Octane Credit Card
47425.64,20866.09,5422.11,9545.73,1193.17,10398.54,Tata Neu Infinity Credit Card,Millennia Credit Card
52801.13,10082.43,1572.62,7567.07,16659.0,16920.0,Tata Neu Infinity Credit Card,Cashback Credit Card
32027.12,7766.71,11198.32,3478.01,7946.61,1637.47,Tata Neu Infinity Credit Card,Millennia Credit Card
15431.11,2951.81,4167.6,5208.53,210.12,2893.05,Tata Neu Infinity Credit Card,Diners Club Black
30126.38,1143.86,9363.15,4718.84,5367.38,9533.14,Tata Neu Infinity Credit Card,Cashback Credit Card
51865.44,3842.17,11916.72,13362.16,17841.99,4902.4,Cashback Credit Card,BPCL Octane Credit Card
33171.92,6348.78,858.14,7473.41,11149.72,7341.87,Tata Neu Infinity Credit Card,Diners Club Black
44051.13,3267.47,2681.18,2224.83,16815.38,19062.26,Tata Neu Infinity Credit Card,BPCL Octane Credit Card
38459.29,1856.57,12996.12,11463.19,1167.78,10975.63,Tata Neu Infinity Credit Card,Diners Club Black
48241.1,21453.41,9731.94,988.34,10104.91,5962.49,Tata Neu Infinity Credit Card,Cashback Credit Card
31864.16,5290.61,2415.49,986.78,10359.9,12811.38,Tata Neu Infinity Credit Card,Millennia Credit Card
20243.09,2383.72,7375.78,6009.27,3842.08,632.25,Cashback Credit Card,Tata Neu Infinity Credit Card
30974.0,3313.25,3934.9,9575.02,9890.8,4260.04,Cashback Credit Card,Cashback Credit Card
18370.04,3237.3,4482.71,1497.78,3046.75,6105.5,Tata Neu Infinity Credit Card,Cashback Credit Card
28470.36,963.98,7515.41,3605.3,7451.87,8933.79,Tata Neu Infinity Credit Card,Cashback Credit Card
33426.5,8304.96,3590.61,9518.55,9613.13,2399.25,Tata Neu Infinity Credit Card,BPCL Octane Credit Card
29611.86,3494.6,7636.86,5912.45,10768.27,1799.68,Cashback Credit Card,Millennia Credit Card
13571.62,2233.75,2441.41,1320.27,2587.57,4988.61,Tata Neu Infinity Credit Card,Diners Club Black
39074.86,10100.05,13926.18,6996.08,792.48,7260.08,Tata Neu Infinity Credit Card,Cashback Credit Card
29931.01,4884.88,3034.47,10243.77,8201.4,3566.5,Tata Neu Infinity Credit Card,Millennia Credit Card
45289.53,8365.26,4297.91,13314.58,4970.85,14340.93,Tata Neu Infinity Credit Card,Cashback Credit Card
38795.43,11573.3,9813.65,6757.46,4223.63,6427.39,Tata Neu Infinity Credit Card,Cashback Credit Card
42337.71,923.21,9507.14,13509.63,7017.04,11380.69,Tata Neu Infinity Credit Card,Tata Neu Infinity Credit Card
14524.89,6126.1,351.71,3862.3,1404.86,2779.92,Tata Neu Infinity Credit Card,Cashback Credit Card
25500.93,2681.81,6877.79,6302.86,3212.76,6425.71,Tata Neu Infinity Credit Card,Tata Neu Infinity Credit Card
23024.74,23.15,5192.69,9113.08,5799.96,2895.86,BPCL Octane Credit Card,Tata Neu Infinity Credit Card
46464.42,6074.13,6980.6,14289.03,7063.73,12056.93,Tata Neu Infinity Credit Card,Cashback Credit Card
42048.02,5339.91,5926.69,7340.78,8922.2,14518.45,Tata Neu Infinity Credit Card,Diners Club Black
16471.54,1699.05,6869.39,6445.35,110.95,1346.81,BPCL Octane Credit Card,Cashback Credit Card
40916.78,11387.07,13663.0,4141.06,10275.55,1450.11,Tata Neu Infinity Credit Card,Cashback Credit Card
57157.59,29493.14,12368.82,11761.23,874.37,2660.03,Tata Neu Infinity Credit Card,Cashback Credit Card
57511.74,29200.48,10406.82,4783.41,13107.08,13.94,Tata Neu Infinity Credit Card,Diners Club Black
20696.37,2579.07,3842.8,6886.27,2325.6,5062.64,Tata Neu Infinity Credit Card,Tata Neu Infinity Credit Card
59688.38,7884.77,15439.14,14729.47,18234.93,3400.05,Cashback Credit Card,Millennia Credit Card
24438.73,3347.51,16001.88,1295.21,336.82,3457.31,Diners Club Black,Tata Neu Infinity Credit Card
40675.37,9926.42,8618.88,7161.32,7179.88,7788.86,Tata Neu Infinity Credit Card,Millennia Credit Card
41370.83,16808.63,9684.93,1479.3,78.24,13319.72,Tata Neu Infinity Credit Card,BPCL Octane Credit Card
43466.67,14619.07,652.0,11034.91,5010.58,12150.1,Tata Neu Infinity Credit Card,Diners Club Black
43807.13,9489.05,6282.08,13060.78,2561.96,12413.25,Tata Neu Infinity Credit Card,Cashback Credit Card
21804.55,3930.6,4871.74,5706.44,5031.4,2264.36,Tata Neu Infinity Credit Card,BPCL Octane Credit Card
21399.41,6654.53,5841.0,3965.98,1792.25,3145.65,Tata Neu Infinity Credit Card,Diners Club Black
33158.1,4348.95,11340.78,5247.83,11740.98,479.57,Cashback Credit Card,Diners Club Black
48904.01,15031.23,13558.2,8669.55,9847.25,1797.78,Tata Neu Infinity Credit Card,Diners Club Black
11155.12,1022.69,2472.72,2387.78,2594.15,2677.79,Tata Neu Infinity Credit Card,Cashback Credit Card
13312.62,3802.02,4169.38,3681.91,731.15,928.16,Tata Neu Infinity Credit Card,Tata Neu Infinity Credit Card
41616.09,5984.64,10110.71,1165.35,13227.74,11127.64,Tata Neu Infinity Credit Card,Millennia Credit Card
58593.14,6510.35,12216.36,9563.66,14353.73,15949.04,Tata Neu Infinity Credit Card,Tata Neu Infinity Credit Card
57213.13,13715.77,16378.92,16025.03,4650.51,6442.9,Tata Neu Infinity Credit Card,Tata Neu Infinity Credit Card
18289.07,2417.06,4832.44,4374.72,3671.75,2993.1,Tata Neu Infinity Credit Card,Millennia Credit Card
43325.6,6450.95,9873.8,12548.83,12356.02,2096.0,Cashback Credit Card,BPCL Octane Credit Card
58970.79,4935.53,79.33,19027.94,22352.86,12575.12,Cashback Credit Card,Tata Neu Infinity Credit Card
31384.02,3543.23,6204.59,6688.33,6280.68,8667.19,Tata Neu Infinity Credit Card,Cashback Credit Card
42076.64,2853.0,8342.64,3373.66,11922.13,15585.21,Tata Neu Infinity Credit Card,Cashback Credit Card
58647.14,17373.21,10744.98,13806.64,14899.85,1822.46,Tata Neu Infinity Credit Card,Cashback Credit Card
45166.76,11636.85,3232.26,12107.14,10548.75,7641.75,Tata Neu Infinity Credit Card,Tata Neu Infinity Credit Card
30722.21,9639.34,9305.08,1233.26,7628.9,2915.64,Tata Neu Infinity Credit Card,Millennia Credit Card
48107.36,7993.11,10915.71,13795.47,3100.33,12302.76,Tata Neu Infinity Credit Card,Cashback Credit Card
46422.67,454.02,19538.6,19207.57,3039.2,4183.27,BPCL Octane Credit Card,Millennia Credit Card
26382.88,5269.03,3163.89,6618.8,4956.09,6375.07,Tata Neu Infinity Credit Card,Tata Neu Infinity Credit Card
9203.78,1453.29,2212.98,1562.41,1998.92,1976.18,Tata Neu Infinity Credit Card,Millennia Credit Card
12201.88,6400.72,3029.24,457.49,1920.03,394.4,Tata Neu Infinity Credit Card,BPCL Octane Credit Card
42816.48,15552.6,11181.95,3064.19,2204.32,10813.42,Tata Neu Infinity Credit Card,BPCL Octane Credit Card
25838.17,2353.74,1610.48,6735.79,8447.79,6690.37,Tata Neu Infinity Credit Card,Millennia Credit Card
42974.94,6872.24,12101.62,4873.52,13405.74,5721.82,Cashback Credit Card,Cashback Credit Card
57048.09,6861.83,1439.54,27055.54,870.72,20820.46,Tata Neu Infinity Credit Card,Cashback Credit Card
12518.09,4541.33,1986.76,2862.3,2764.23,363.46,Tata Neu Infinity Credit Card,Millennia Credit Card
14056.76,4191.34,4037.01,1665.09,1413.53,2749.78,Tata Neu Infinity Credit Card,Tata Neu Infinity Credit Card
38460.17,3025.45,4700.67,24602.27,1589.2,4542.57,BPCL Octane Credit Card,BPCL Octane Credit Card
59077.19,8290.6,16570.66,17138.44,15215.89,1861.6,Cashback Credit Card,Cashback Credit Card
45538.04,1196.12,7747.18,14655.92,10604.0,11334.82,Tata Neu Infinity Credit Card,Cashback Credit Card
34881.11,4819.67,8185.47,10254.1,10480.85,1141.01,Cashback Credit Card,BPCL Octane Credit Card
19577.4,1357.73,5750.97,7188.08,4592.35,688.26,BPCL Octane Credit Card,BPCL Octane Credit Card
14245.18,2755.0,4420.85,1325.65,498.83,5244.85,Tata Neu Infinity Credit Card,Cashback Credit Card
12709.9,3288.62,1468.12,2912.48,3804.04,1236.65,Tata Neu Infinity Credit Card,Cashback Credit Card
12699.28,3069.24,1979.76,2756.97,4474.87,418.44,Cashback Credit Card,BPCL Octane Credit Card
18132.77,1236.8,4860.64,4360.99,4763.48,2910.86,Cashback Credit Card,BPCL Octane Credit Card
19380.11,3261.25,4285.8,3883.99,3459.43,4489.64,Tata Neu Infinity Credit Card,BPCL Octane Credit Card
31070.26,8710.74,7226.41,9419.36,79.44,5634.32,Tata Neu Infinity Credit Card,Tata Neu Infinity Credit Card
56156.89,16922.97,21146.48,15491.56,522.75,2073.12,Tata Neu Infinity Credit Card,Diners Club Black
30451.41,8482.23,8886.84,73.44,8375.4,4633.5,Tata Neu Infinity Credit Card,BPCL Octane Credit Card
44651.63,13702.87,3180.55,5148.13,8739.26,13880.81,Tata Neu Infinity Credit Card,BPCL Octane Credit Card
28053.35,6317.23,163.62,6335.02,7988.61,7248.86,Tata Neu Infinity Credit Card,Tata Neu Infinity Credit Card
11188.94,2007.45,3657.43,1416.67,59.98,4047.41,Tata Neu Infinity Credit Card,Cashback Credit Card
59856.51,9158.59,11150.66,2940.99,26598.41,10007.86,Cashback Credit Card,Millennia Credit Card
11321.1,997.98,2925.67,3143.55,1614.2,2639.7,Tata Neu Infinity Credit Card,Tata Neu Infinity Credit Card
33854.51,12536.85,5493.66,11579.12,346.4,3898.48,Tata Neu Infinity Credit Card,Diners Club Black
54314.56,9842.92,3203.83,16346.23,4178.36,20743.21,Tata Neu Infinity Credit Card,BPCL Octane Credit Card
23548.79,81.17,1175.28,8845.03,5329.61,8117.71,Tata Neu Infinity Credit Card,Diners Club Black
13636.35,4903.7,2725.95,3370.24,1897.08,739.38,Tata Neu Infinity Credit Card,Cashback Credit Card
34437.99,2502.12,9776.59,7990.4,937.47,13231.41,Tata Neu Infinity Credit Card,BPCL Octane Credit Card
24316.45,4504.64,6370.28,525.86,4402.81,8512.86,Tata Neu Infinity Credit Card,Diners Club Black
14844.04,323.42,3774.41,4505.59,317.13,5923.48,Tata Neu Infinity Credit Card,Tata Neu Infinity Credit Card
52500.46,8361.8,16260.3,7297.86,14858.02,5722.47,Cashback Credit Card,Cashback Credit Card
54367.35,5218.28,13480.19,8425.11,17048.84,10194.92,Cashback Credit Card,Millennia Credit Card
55378.22,5932.07,8556.62,15919.32,14338.18,10632.03,Tata Neu Infinity Credit Card,Millennia Credit Card
40083.48,2962.89,10552.9,9519.63,5475.85,11572.22,Tata Neu Infinity Credit Card,Millennia Credit Card
22148.74,910.53,7262.96,5309.23,6645.85,2020.17,Cashback Credit Card,Cashback Credit Card
21964.91,3963.83,2083.49,1006.05,12322.15,2589.38,Cashback Credit Card,Millennia Credit Card
14026.38,3148.97,3273.08,1320.62,3909.89,2373.81,Tata Neu Infinity Credit Card,Tata Neu Infinity Credit Card
29340.75,4606.52,5344.08,9935.09,1272.08,8182.98,Tata Neu Infinity Credit Card,Millennia Credit Card
35666.31,6206.09,2909.12,10090.44,5598.57,10862.1,Tata Neu Infinity Credit Card,Millennia Credit Card
50246.68,7016.35,7351.4,17894.53,15878.25,2106.15,Cashback Credit Card,BPCL Octane Credit Card
18587.03,6378.98,3834.81,1360.98,4653.82,2358.44,Tata Neu Infinity Credit Card,Cashback Credit Card
38908.0,764.92,13536.87,637.02,8606.46,15362.74,Tata Neu Infinity Credit Card,BPCL Octane Credit Card
38875.14,777.87,12264.41,8746.78,14389.69,2696.39,Cashback Credit Card,Millennia Credit Card
48062.6,7481.78,8473.67,11644.22,8292.83,12170.1,Tata Neu Infinity Credit Card,BPCL Octane Credit Card
48753.97,3579.53,6011.12,5129.05,13000.82,21033.47,Tata Neu Infinity Credit Card,BPCL Octane Credit Card
25932.36,8707.27,1234.5,7449.39,7699.9,841.29,Tata Neu Infinity Credit Card,Millennia Credit Card
41775.88,3879.93,15461.75,14327.71,6230.37,1876.13,BPCL Octane Credit Card,Cashback Credit Card
43163.45,11915.56,8542.69,13337.69,3649.75,5717.77,Tata Neu Infinity Credit Card,Tata Neu Infinity Credit Card
27531.95,6907.18,7059.16,1585.68,4462.53,7517.39,Tata Neu Infinity Credit Card,Cashback Credit Card
29398.65,5891.43,1652.81,7650.5,10434.75,3769.17,Cashback Credit Card,BPCL Octane Credit Card
20184.77,3525.19,4934.91,5978.95,3128.11,2617.61,Tata Neu Infinity Credit Card,BPCL Octane Credit Card
10269.29,3931.61,2042.69,3788.21,492.59,14.2,Tata Neu Infinity Credit Card,Tata Neu Infinity Credit Card
26555.82,3556.84,7666.08,5100.66,8036.09,2196.16,Cashback Credit Card,Millennia Credit Card
11732.66,439.48,1928.56,3254.65,3996.93,2113.04,Cashback Credit Card,Cashback Credit Card
13579.84,4440.96,579.39,2787.65,4943.67,828.17,Tata Neu Infinity Credit Card,BPCL Octane Credit Card
58290.04,2429.31,16127.08,21775.81,15651.6,2306.23,BPCL Octane Credit Card,Cashback Credit Card
39354.34,4807.5,16373.7,3217.42,4924.74,10030.98,Tata Neu Infinity Credit Card,Tata Neu Infinity Credit Card
34337.17,2125.56,2475.66,10660.91,1846.9,17228.14,Tata Neu Infinity Credit Card,Cashback Credit Card
46412.03,20391.22,6915.24,14481.42,1710.41,2913.74,Tata Neu Infinity Credit Card,Cashback Credit Card
23390.61,5579.81,4421.31,3914.62,5757.66,3717.21,Tata Neu Infinity Credit Card,Cashback Credit Card
54809.2,14310.0,2946.51,6056.42,29161.51,2334.77,Cashback Credit Card,Cashback Credit Card
12040.88,75.67,2930.83,2312.11,3294.77,3427.5,Tata Neu Infinity Credit Card,Diners Club Black
8965.58,1388.14,2229.71,1754.33,2252.35,1341.05,Tata Neu Infinity Credit Card,Millennia Credit Card
9615.2,1743.72,1784.74,804.4,3912.78,1369.55,Cashback Credit Card,Cashback Credit Card
12378.21,2310.88,2676.02,609.34,3183.11,3598.85,Tata Neu Infinity Credit Card,Millennia Credit Card
45575.79,9743.91,8506.61,15425.95,5002.23,6897.1,Tata Neu Infinity Credit Card,Tata Neu Infinity Credit Card
24599.99,7415.32,2128.09,5046.75,5469.91,4539.91,Tata Neu Infinity Credit Card,Diners Club Black
45327.55,5470.66,8879.23,10288.33,19371.47,1317.87,Cashback Credit Card,Millennia Credit Card
26026.32,1403.18,3730.05,5922.63,7190.18,7780.28,Tata Neu Infinity Credit Card,BPCL Octane Credit Card
11588.26,4499.25,2325.61,1002.91,3385.76,374.72,Tata Neu Infinity Credit Card,BPCL Octane Credit Card
23952.39,8379.47,4485.6,2753.61,4106.86,4226.84,Tata Neu Infinity Credit Card,Millennia Credit Card
37421.84,3626.25,7294.67,9377.18,6500.1,10623.63,Tata Neu Infinity Credit Card,Millennia Credit Card
40400.5,7411.36,5882.67,8241.24,7195.26,11669.96,Tata Neu Infinity Credit Card,BPCL Octane Credit Card
26389.51,8883.68,8244.36,5782.63,2462.58,1016.25,Tata Neu Infinity Credit Card,BPCL Octane Credit Card
43461.34,3678.65,19874.46,4838.23,1189.98,13880.03,Tata Neu Infinity Credit Card,Diners Club Black
15332.28,744.16,815.41,433.92,8054.52,5284.27,Cashback Credit Card,Cashback Credit Card
18698.59,2630.69,4940.22,3847.46,7202.38,77.84,Cashback Credit Card,Cashback Credit Card
29600.17,704.14,12242.91,6153.34,7033.88,3465.9,Diners Club Black,Diners Club Black
40232.34,2255.44,17728.86,6046.03,2817.08,11384.94,Tata Neu Infinity Credit Card,Diners Club Black
34464.57,451.01,5819.06,16363.98,8891.13,2939.38,BPCL Octane Credit Card,BPCL Octane Credit Card
12328.6,4348.35,1705.26,3560.33,700.05,2014.61,Tata Neu Infinity Credit Card,Millennia Credit Card
22499.95,2438.62,4391.17,6974.43,6523.16,2172.57,Cashback Credit Card,BPCL Octane Credit Card
52856.48,10507.89,2275.08,11040.97,18046.47,10986.06,Tata Neu Infinity Credit Card,Millennia Credit Card
28347.74,5263.78,11120.85,7088.52,863.55,4011.04,Tata Neu Infinity Credit Card,Tata Neu Infinity Credit Card
50704.31,2935.15,1163.15,8226.09,18487.85,19892.06,Tata Neu Infinity Credit Card,Tata Neu Infinity Credit Card
17822.17,2094.81,6477.82,1896.21,4830.98,2522.36,Cashback Credit Card,Millennia Credit Card
44415.14,10892.07,10096.18,14183.34,8015.7,1227.86,Tata Neu Infinity Credit Card,BPCL Octane Credit Card
35117.89,7617.71,1912.55,11523.87,8491.17,5572.59,Tata Neu Infinity Credit Card,Cashback Credit Card
50784.06,15300.67,6695.28,1919.46,10636.21,16232.44,Tata Neu Infinity Credit Card,Cashback Credit Card
25308.65,7564.6,1528.87,8538.05,7569.29,107.84,Tata Neu Infinity Credit Card,Diners Club Black
40624.51,16104.16,905.52,15543.96,4868.52,3202.35,Tata Neu Infinity Credit Card,Cashback Credit Card
50212.18,11352.15,12081.57,6679.86,5544.85,14553.74,Tata Neu Infinity Credit Card,Millennia Credit Card
8580.73,1912.34,2109.47,265.61,439.27,3854.05,Tata Neu Infinity Credit Card,Tata Neu Infinity Credit Card
13417.84,3387.65,3067.27,241.27,4355.78,2365.87,Tata Neu Infinity Credit Card,BPCL Octane Credit Card
26396.47,3580.05,8572.86,8546.51,838.65,4858.4,Tata Neu Infinity Credit Card,Cashback Credit Card
43860.91,12060.27,2033.05,6977.07,6157.61,16632.92,Tata Neu Infinity Credit Card,Tata Neu Infinity Credit Card
11196.91,2908.08,3028.07,1934.46,568.95,2757.35,Tata Neu Infinity Credit Card,Cashback Credit Card
8337.42,2634.05,1062.55,187.62,2427.77,2025.43,Tata Neu Infinity Credit Card,Millennia Credit Card
54737.98,16514.18,8185.76,16889.2,7003.45,6145.38,Tata Neu Infinity Credit Card,BPCL Octane Credit Card
17399.47,2375.13,3615.88,5050.23,1909.25,4448.97,Tata Neu Infinity Credit Card,Cashback Credit Card
26215.94,3138.45,11336.65,905.13,8934.41,1901.29,Cashback Credit Card,Cashback Credit Card
36638.46,10168.26,9703.67,11008.33,2941.14,2817.07,Tata Neu Infinity Credit Card,Tata Neu Infinity Credit Card
57695.63,931.99,9891.95,10695.08,18061.53,18115.08,Tata Neu Infinity Credit Card,Tata Neu Infinity Credit Card
47687.34,4377.91,11790.29,13673.59,9072.32,8773.23,Tata Neu Infinity Credit Card,Tata Neu Infinity Credit Card
10826.44,1774.12,1547.6,2272.13,3899.49,1333.1,Cashback Credit Card,BPCL Octane Credit Card
57646.04,6401.1,14522.64,2604.08,14698.19,19420.02,Tata Neu Infinity Credit Card,BPCL Octane Credit Card
19834.84,984.67,4880.37,1140.46,3240.12,9589.21,Tata Neu Infinity Credit Card,Cashback Credit Card
52661.44,7156.95,13891.42,10419.09,6759.69,14434.29,Tata Neu Infinity Credit Card,BPCL Octane Credit Card
33148.42,9368.47,792.55,5606.67,10386.62,6994.12,Tata Neu Infinity Credit Card,Cashback Credit Card
34757.12,6228.93,5514.51,7740.33,4749.35,10524.0,Tata Neu Infinity Credit Card,Tata Neu Infinity Credit Card
37103.44,12095.92,1026.37,4925.14,6039.62,13016.38,Tata Neu Infinity Credit Card,Cashback Credit Card
19973.09,2940.47,6384.18,5158.01,167.13,5323.3,Tata Neu Infinity Credit Card,Cashback Credit Card
14451.16,978.73,4537.24,2026.05,3788.79,3120.35,Tata Neu Infinity Credit Card,Diners Club Black
22100.4,6797.18,3454.57,2908.67,6375.96,2564.02,Tata Neu Infinity Credit Card,Tata Neu Infinity Credit Card
39408.15,3489.32,23071.49,7922.26,351.83,4573.24,Diners Club Black,BPCL Octane Credit Card
47113.03,3680.53,15895.51,4268.5,8021.68,15246.82,Tata Neu Infinity Credit Card,BPCL Octane Credit Card
43243.26,8912.73,11656.54,6442.36,10006.49,6225.15,Tata Neu Infinity Credit Card,Millennia Credit Card
46046.84,11018.75,8858.5,8248.2,8416.49,9504.9,Tata Neu Infinity Credit Card,BPCL Octane Credit Card
39182.87,8353.77,9774.37,10243.38,9919.64,891.72,Cashback Credit Card,BPCL Octane Credit Card
11692.25,2676.75,2577.08,4379.2,994.9,1064.33,Tata Neu Infinity Credit Card,BPCL Octane Credit Card
34807.7,8609.47,7292.45,9660.17,7950.63,1294.97,Tata Neu Infinity Credit Card,Cashback Credit Card
47692.83,3940.13,13978.87,8698.07,15578.02,5497.73,Cashback Credit Card,Cashback Credit Card
42157.15,8023.31,11001.27,8955.33,4053.22,10124.02,Tata Neu Infinity Credit Card,Cashback Credit Card
43823.29,14358.27,4844.22,7308.3,125.29,17187.21,Tata Neu Infinity Credit Card,Millennia Credit Card
54007.33,11050.04,682.92,8341.59,11744.95,22187.83,Tata Neu Infinity Credit Card,Cashback Credit Card
41055.52,2670.19,1767.01,6853.59,8258.07,21506.66,Tata Neu Infinity Credit Card,Cashback Credit Card
22219.44,8210.14,2320.41,3906.84,5177.61,2604.43,Tata Neu Infinity Credit Card,Cashback Credit Card
59127.47,10499.95,15952.15,20267.41,10315.92,2092.05,Tata Neu Infinity Credit Card,BPCL Octane Credit Card
58753.43,2966.14,1735.22,7194.93,26447.65,20409.49,Cashback Credit Card,BPCL Octane Credit Card
10252.73,1097.68,2131.0,1817.88,950.6,4255.57,Tata Neu Infinity Credit Card,Cashback Credit Card
14925.51,2788.48,3878.07,2498.5,3572.73,2187.72,Tata Neu Infinity Credit Card,Tata Neu Infinity Credit Card
59333.01,1127.82,12926.13,17912.38,8761.02,18605.67,Tata Neu Infinity Credit Card,Diners Club Black
43010.33,10846.16,10695.05,5432.72,11531.68,4504.72,Tata Neu Infinity Credit Card,Millennia Credit Card
40835.46,10309.9,1925.17,5282.38,13010.11,10307.9,Tata Neu Infinity Credit Card,Cashback Credit Card
8621.36,1994.12,1139.29,1446.7,2007.47,2033.77,Tata Neu Infinity Credit Card,BPCL Octane Credit Card
11234.63,2996.26,2168.62,1674.29,1668.89,2726.57,Tata Neu Infinity Credit Card,Cashback Credit Card
29248.55,8191.64,487.15,7057.68,11246.81,2265.27,Cashback Credit Card,BPCL Octane Credit Card
41965.4,8295.88,4350.82,5835.6,13231.8,10251.3,Tata Neu Infinity Credit Card,Millennia Credit Card
38204.22,3645.18,9907.72,13629.77,8664.13,2357.43,BPCL Octane Credit Card,Diners Club Black
11529.5,1267.81,3071.11,2326.96,1482.69,3380.93,Tata Neu Infinity Credit Card,Tata Neu Infinity Credit Card
13216.57,3882.93,884.81,3269.13,3516.35,1663.35,Tata Neu Infinity Credit Card,BPCL Octane Credit Card
43022.8,4347.03,15620.37,3292.69,8867.43,10895.27,Tata Neu Infinity Credit Card,BPCL Octane Credit Card
57852.31,9819.86,11289.6,5166.32,17204.2,14372.33,Tata Neu Infinity Credit Card,Diners Club Black
34599.19,8251.13,8899.53,3954.55,7572.45,5921.53,Tata Neu Infinity Credit Card,BPCL Octane Credit Card
57096.26,10611.76,21280.73,2314.33,19665.19,3224.25,Cashback Credit Card,Millennia Credit Card
55573.62,2339.17,10900.58,15763.8,16803.79,9766.27,Cashback Credit Card,Tata Neu Infinity Credit Card
32468.63,2448.87,8499.31,8264.5,12073.05,1182.9,Cashback Credit Card,Cashback Credit Card
56374.3,19108.9,16728.83,2225.92,9378.43,8932.21,Tata Neu Infinity Credit Card,Cashback Credit Card
21808.91,4724.91,697.31,421.45,9370.46,6594.78,Tata Neu Infinity Credit Card,Cashback Credit Card
21710.6,2130.43,4728.57,2265.73,6172.57,6413.3,Tata Neu Infinity Credit Card,Millennia Credit Card
13951.49,3047.76,225.05,3623.45,3514.8,3540.43,Tata Neu Infinity Credit Card,Millennia Credit Card
30965.7,11576.98,2874.96,8215.44,1012.56,7285.77,Tata Neu Infinity Credit Card,Millennia Credit Card
58473.53,16660.78,3833.52,17819.26,7253.94,12906.03,Tata Neu Infinity Credit Card,BPCL Octane Credit Card
13235.1,2527.13,1132.64,1214.88,4842.82,3517.63,Tata Neu Infinity Credit Card,Millennia Credit Card
55727.22,5756.33,15966.74,19668.96,1019.7,13315.49,Tata Neu Infinity Credit Card,Diners Club Black
26277.69,3743.88,2320.27,150.76,15911.7,4151.08,Cashback Credit Card,Tata Neu Infinity Credit Card
20591.84,6956.21,6718.49,1143.05,5222.76,551.34,Tata Neu Infinity Credit Card,Cashback Credit Card
25738.61,7333.75,11390.76,996.41,5455.2,562.49,Tata Neu Infinity Credit Card,Tata Neu Infinity Credit Card
10232.03,2112.41,886.89,2495.97,623.17,4113.6,Tata Neu Infinity Credit Card,BPCL Octane Credit Card
13364.75,1979.59,2834.61,4887.85,2296.67,1366.03,Tata Neu Infinity Credit Card,Diners Club Black
50118.52,9239.34,8706.76,15434.62,3920.12,12817.68,Tata Neu Infinity Credit Card,Cashback Credit Card
43261.57,19998.36,6027.44,7872.35,6825.02,2538.4,Tata Neu Infinity Credit Card,BPCL Octane Credit Card
41220.14,1554.46,12385.35,11857.84,2975.12,12447.38,Tata Neu Infinity Credit Card,BPCL Octane Credit Card
43511.84,10926.21,11629.03,6526.92,3498.4,10931.28,Tata Neu Infinity Credit Card,Tata Neu Infinity Credit Card
45053.33,3398.73,2581.44,12449.82,22012.27,4611.07,Cashback Credit Card,Tata Neu Infinity Credit Card
16142.26,2387.79,3802.79,4382.26,1285.7,4283.73,Tata Neu Infinity Credit Card,Cashback Credit Card
20594.84,7064.53,2460.87,2860.88,3094.36,5114.21,Tata Neu Infinity Credit Card,Tata Neu Infinity Credit Card
19708.6,2897.88,1351.02,2827.19,7692.23,4940.29,Tata Neu Infinity Credit Card,Tata Neu Infinity Credit Card
37619.7,3752.51,4532.26,13996.14,5944.42,9394.38,Tata Neu Infinity Credit Card,Tata Neu Infinity Credit Card
29129.48,2695.65,6692.56,8665.11,1873.83,9202.33,Tata Neu Infinity Credit Card,Diners Club Black
15352.5,2522.25,1232.35,1170.4,4054.45,6373.05,Tata Neu Infinity Credit Card,Cashback Credit Card
24408.37,8208.05,8149.97,5266.95,2465.48,317.91,Tata Neu Infinity Credit Card,Tata Neu Infinity Credit Card
37954.14,9880.69,11981.82,820.17,11888.94,3382.52,Tata Neu Infinity Credit Card,BPCL Octane Credit Card
12397.0,2464.79,2384.18,3201.03,2076.72,2270.28,Tata Neu Infinity Credit Card,Millennia Credit Card
10841.17,1920.23,3095.59,648.84,2985.66,2190.85,Tata Neu Infinity Credit Card,Millennia Credit Card
50554.49,7864.28,27664.26,1406.08,5654.02,7965.85,Tata Neu Infinity Credit Card,Diners Club Black
54487.15,13580.03,12156.33,2019.98,10907.97,15822.83,Tata Neu Infinity Credit Card,BPCL Octane Credit Card
15960.07,3503.03,2131.59,2475.42,3976.08,3873.94,Tata Neu Infinity Credit Card,Diners Club Black
21226.24,3679.43,6646.47,6440.94,2574.54,1884.86,Tata Neu Infinity Credit Card,Millennia Credit Card
43346.11,9915.85,7756.0,8447.24,6799.59,10427.42,Tata Neu Infinity Credit Card,Cashback Credit Card
13313.35,2583.44,2049.78,5395.55,3208.54,76.04,BPCL Octane Credit Card,Tata Neu Infinity Credit Card
51887.33,14246.36,10744.86,9124.26,6359.68,11412.16,Tata Neu Infinity Credit Card,Millennia Credit Card
41183.24,4331.45,3959.31,13106.8,12496.72,7288.95,Cashback Credit Card,Diners Club Black
16047.63,3450.01,4758.32,4526.71,1247.69,2064.9,Tata Neu Infinity Credit Card,Cashback Credit Card
56405.4,7859.63,20151.9,15101.28,12289.71,1002.88,Cashback Credit Card,Cashback Credit Card
13532.23,4394.86,3978.5,2054.4,2216.71,887.76,Tata Neu Infinity Credit Card,BPCL Octane Credit Card
39498.68,6059.51,12912.23,5626.7,13295.36,1604.88,Cashback Credit Card,Diners Club Black
10862.78,173.56,723.03,4683.66,1451.84,3830.7,BPCL Octane Credit Card,BPCL Octane Credit Card
47981.73,13342.58,9632.74,13299.64,11664.54,42.23,Tata Neu Infinity Credit Card,Tata Neu Infinity Credit Card
27619.14,7511.78,3732.0,4819.66,4060.48,7495.22,Tata Neu Infinity Credit Card,Cashback Credit Card
26697.69,8395.71,5563.55,3574.5,2940.16,6223.76,Tata Neu Infinity Credit Card,Diners Club Black
28961.29,5775.83,2959.84,10570.49,6509.85,3145.29,Tata Neu Infinity Credit Card,BPCL Octane Credit Card
17003.71,417.41,1480.45,5672.28,4845.76,4587.81,Tata Neu Infinity Credit Card,Tata Neu Infinity Credit Card
18903.28,1764.21,3374.34,3195.34,6214.23,4355.16,Cashback Credit Card,Cashback Credit Card
13139.99,3799.57,19.71,2034.93,3229.12,4056.67,Tata Neu Infinity Credit Card,Tata Neu Infinity Credit Card
39948.87,2980.67,14226.17,8700.4,7597.37,6444.26,Tata Neu Infinity Credit Card,Cashback Credit Card
24371.99,218.1,9061.35,753.27,10702.83,3636.43,Cashback Credit Card,Cashback Credit Card
14658.98,4495.7,1109.35,3282.44,564.75,5206.73,Tata Neu Infinity Credit Card,Millennia Credit Card
47456.29,13202.72,14857.28,51.97,4276.72,15067.61,Tata Neu Infinity Credit Card,Ace Credit Card
19603.08,5993.18,3505.73,1379.98,5057.07,3667.11,Tata Neu Infinity Credit Card,Diners Club Black
44533.54,2547.92,5175.7,8046.77,20346.09,8417.06,Cashback Credit Card,Tata Neu Infinity Credit Card
17709.49,2325.5,4583.89,4989.41,3599.34,2211.34,Tata Neu Infinity Credit Card,Cashback Credit Card
55769.29,11396.47,8366.88,19103.86,15604.2,1297.89,Cashback Credit Card,Tata Neu Infinity Credit Card
56005.4,4594.69,17237.27,8603.68,657.96,24911.8,Tata Neu Infinity Credit Card,Cashback Credit Card
56295.26,1200.1,21413.02,19688.15,10691.51,3302.49,BPCL Octane Credit Card,Diners Club Black
40423.21,5125.33,8850.35,4335.7,12601.78,9510.04,Tata Neu Infinity Credit Card,Tata Neu Infinity Credit Card
43380.45,9029.13,14258.96,6977.62,7902.61,5212.14,Tata Neu Infinity Credit Card,BPCL Octane Credit Card
42560.75,8705.05,8534.75,5862.12,11772.39,7686.44,Tata Neu Infinity Credit Card,Cashback Credit Card
9008.87,2239.85,119.05,2283.86,2316.96,2049.14,Tata Neu Infinity Credit Card,BPCL Octane Credit Card
24204.33,4470.64,7089.23,543.33,6575.83,5525.3,Tata Neu Infinity Credit Card,Cashback Credit Card
37644.7,12649.56,14028.49,2025.66,1616.13,7324.85,Tata Neu Infinity Credit Card,Millennia Credit Card
58776.78,7961.84,1305.12,17574.61,16058.58,15876.62,Tata Neu Infinity Credit Card,Millennia Credit Card
51182.83,9756.06,4975.26,10657.2,10269.16,15525.14,Tata Neu Infinity Credit Card,Diners Club Black
33399.11,16878.87,3945.38,6382.05,1394.27,4798.54,Tata Neu Infinity Credit Card,Cashback Credit Card
25599.58,3871.06,8262.57,52.04,3970.33,9443.59,Tata Neu Infinity Credit Card,Tata Neu Infinity Credit Card
53775.16,25823.5,11022.08,5262.61,2687.74,8979.23,Tata Neu Infinity Credit Card,Millennia Credit Card
12157.79,4604.8,1080.94,941.95,3585.27,1944.83,Tata Neu Infinity Credit Card,BPCL Octane Credit Card
23470.02,3035.98,4579.68,7794.24,484.36,7575.76,Tata Neu Infinity Credit Card,Cashback Credit Card
40770.24,818.25,18542.99,7284.24,1048.62,13076.13,Tata Neu Infinity Credit Card,Millennia Credit Card
38210.88,7910.06,8650.69,7238.95,8782.01,5629.18,Tata Neu Infinity Credit Card,Diners Club Black
41435.97,7046.2,10881.16,8127.69,5537.33,9843.59,Tata Neu Infinity Credit Card,Millennia Credit Card
39636.92,7241.55,9817.08,9569.53,2590.26,10418.5,Tata Neu Infinity Credit Card,BPCL Octane Credit Card
26879.37,13387.77,1393.31,2523.67,8200.77,1373.85,Tata Neu Infinity Credit Card,Tata Neu Infinity Credit Card
58965.28,15011.04,11819.31,10391.37,13307.73,8435.82,Tata Neu Infinity Credit Card,Millennia Credit Card
21119.95,2902.31,4565.85,4849.07,4182.24,4620.48,Tata Neu Infinity Credit Card,Cashback Credit Card
42921.18,3403.63,2240.09,9368.07,363.03,27546.36,Tata Neu Infinity Credit Card,Cashback Credit Card
28846.58,8640.01,4919.33,6060.65,4652.15,4574.43,Tata Neu Infinity Credit Card,Diners Club Black
46687.17,10207.45,615.43,12989.53,15926.65,6948.11,Tata Neu Infinity Credit Card,Millennia Credit Card
11177.76,2755.36,326.53,3505.8,3126.57,1463.51,Tata Neu Infinity Credit Card,Tata Neu Infinity Credit Card
14476.75,4617.29,3588.59,200.68,2622.4,3447.79,Tata Neu Infinity Credit Card,Millennia Credit Card
26086.89,8328.27,9644.0,1844.5,883.21,5386.91,Tata Neu Infinity Credit Card,Tata Neu Infinity Credit Card
17402.4,4252.75,9336.0,207.87,1486.57,2119.22,Tata Neu Infinity Credit Card,Diners Club Black
48282.92,12407.16,10623.47,12978.42,8414.9,3858.97,Tata Neu Infinity Credit Card,Diners Club Black
54480.58,22527.44,19689.82,837.14,2447.86,8978.32,Tata Neu Infinity Credit Card,Millennia Credit Card
49008.89,2243.88,21280.13,3484.43,17520.81,4479.64,Cashback Credit Card,Diners Club Black
13838.47,1996.99,5988.64,359.32,5201.14,292.38,Cashback Credit Card,Cashback Credit Card
54505.39,4660.81,11104.47,11601.37,16028.0,11110.73,Cashback Credit Card,Millennia Credit Card
19245.22,7125.45,1370.59,5776.0,1389.21,3583.97,Tata Neu Infinity Credit Card,Cashback Credit Card
20663.32,8599.53,3651.42,4327.35,3242.21,842.82,Tata Neu Infinity Credit Card,BPCL Octane Credit Card
34316.81,12072.06,260.3,1796.31,11802.23,8385.91,Tata Neu Infinity Credit Card,Tata Neu Infinity Credit Card
41459.41,18804.94,6743.18,2905.18,12848.73,157.37,Tata Neu Infinity Credit Card,BPCL Octane Credit Card
53701.21,9361.59,19597.58,14104.58,7215.42,3422.04,Tata Neu Infinity Credit Card,Diners Club Black
59067.76,23205.01,13956.07,15398.4,2257.01,4251.27,Tata Neu Infinity Credit Card,BPCL Octane Credit Card
23118.19,3376.3,3909.16,806.1,5253.47,9773.16,Tata Neu Infinity Credit Card,Tata Neu Infinity Credit Card
8762.54,1876.66,839.12,1199.38,1024.58,3822.81,Tata Neu Infinity Credit Card,BPCL Octane Credit Card
47076.76,9323.84,11896.26,14038.53,432.05,11386.08,Tata Neu Infinity Credit Card,Cashback Credit Card
35777.51,8639.34,10356.8,220.94,12940.83,3619.6,Cashback Credit Card,Diners Club Black
32358.81,10316.17,1272.04,72.08,6034.84,14663.69,Tata Neu Infinity Credit Card,Millennia Credit Card
18762.62,1993.48,5816.97,2656.24,3714.6,4581.33,Tata Neu Infinity Credit Card,BPCL Octane Credit Card
8894.16,2896.36,1932.51,874.88,1212.73,1977.68,Tata Neu Infinity Credit Card,Millennia Credit Card
22291.72,6847.89,1399.86,2147.16,6465.7,5431.1,Tata Neu Infinity Credit Card,Cashback Credit Card
43012.72,16228.71,3439.59,1795.59,14250.22,7298.61,Tata Neu Infinity Credit Card,Tata Neu Infinity Credit Card
39752.68,19253.75,8309.04,318.7,7716.23,4154.97,Tata Neu Infinity Credit Card,Diners Club Black
17818.89,2939.33,4867.76,4306.29,889.12,4816.39,Tata Neu Infinity Credit Card,Millennia Credit Card
10382.14,1510.01,1796.3,2701.4,1184.16,3190.26,Tata Neu Infinity Credit Card,Millennia Credit Card
34142.19,3550.68,1122.54,15264.79,10199.51,4004.67,BPCL Octane Credit Card,Diners Club Black
37493.13,8064.75,11082.21,11616.96,2175.96,4553.24,Tata Neu Infinity Credit Card,Tata Neu Infinity Credit Card
36388.74,4520.19,21859.41,2537.31,6019.77,1452.06,Diners Club Black,Cashback Credit Card
31908.13,909.17,8343.19,8400.9,7973.28,6281.6,Cashback Credit Card,Tata Neu Infinity Credit Card
29180.66,6839.44,4719.41,7459.53,8254.4,1907.87,Tata Neu Infinity Credit Card,Tata Neu Infinity Credit Card
40479.76,6819.84,5542.29,10964.97,3783.94,13368.71,Tata Neu Infinity Credit Card,Millennia Credit Card
17289.69,2048.16,2404.0,3946.28,7128.98,1762.28,Cashback Credit Card,Tata Neu Infinity Credit Card
24329.55,2406.58,2448.84,4823.45,848.58,13802.11,Tata Neu Infinity Credit Card,Millennia Credit Card
57633.58,21874.43,14887.68,266.83,10179.67,10424.98,Tata Neu Infinity Credit Card,BPCL Octane Credit Card
26041.77,7117.24,6400.48,5577.73,2854.32,4092.01,Tata Neu Infinity Credit Card,BPCL Octane Credit Card
50437.32,19382.52,679.25,4913.47,6846.33,18615.75,Tata Neu Infinity Credit Card,BPCL Octane Credit Card
20234.89,5947.23,5451.62,5694.82,779.97,2361.25,Tata Neu Infinity Credit Card,BPCL Octane Credit Card
27956.45,6632.17,5240.84,2162.13,6828.73,7092.57,Tata Neu Infinity Credit Card,Diners Club Black
38363.34,8203.01,12430.53,8556.72,594.03,8579.04,Tata Neu Infinity Credit Card,BPCL Octane Credit Card
57533.9,12100.1,15031.79,10481.68,13996.57,5923.76,Tata Neu Infinity Credit Card,Diners Club Black
20844.99,2598.48,4685.41,3701.15,5104.31,4755.65,Tata Neu Infinity Credit Card,Millennia Credit Card
15747.18,1713.12,2616.34,4340.41,4572.94,2504.36,Cashback Credit Card,BPCL Octane Credit Card
48862.93,6026.93,17984.96,628.48,22769.6,1452.97,Cashback Credit Card,Diners Club Black
59656.37,10009.65,23505.73,16946.51,2268.44,6926.04,Tata Neu Infinity Credit Card,Millennia Credit Card
40810.69,14405.33,2385.06,10019.05,12425.76,1575.48,Tata Neu Infinity Credit Card,BPCL Octane Credit Card
10628.35,3828.71,798.03,1144.37,3222.2,1635.04,Tata Neu Infinity Credit Card,Millennia Credit Card
40708.78,17303.27,8750.0,3374.67,1026.49,10254.35,Tata Neu Infinity Credit Card,Diners Club Black
59622.47,15003.05,14397.72,4248.46,7949.1,18024.14,Tata Neu Infinity Credit Card,Cashback Credit Card
24160.99,6864.92,4374.65,4994.85,4583.52,3343.04,Tata Neu Infinity Credit Card,Tata Neu Infinity Credit Card
28550.01,301.5,11478.91,13295.41,2296.01,1178.17,BPCL Octane Credit Card,BPCL Octane Credit Card
21831.11,2786.07,2296.67,5387.19,4172.85,7188.32,Tata Neu Infinity Credit Card,Cashback Credit Card
32148.51,10296.0,7863.18,3776.02,9694.58,518.73,Tata Neu Infinity Credit Card,Millennia Credit Card
57013.61,5939.37,34138.19,3654.42,7235.72,6045.92,Diners Club Black,BPCL Octane Credit Card
25278.4,3277.17,5355.7,2027.34,7243.73,7374.45,Tata Neu Infinity Credit Card,Diners Club Black
40090.91,10869.33,3424.58,8706.97,6655.66,10434.38,Tata Neu Infinity Credit Card,Millennia Credit Card
57935.95,6291.28,15622.42,12812.16,7261.09,15949.0,Tata Neu Infinity Credit Card,Tata Neu Infinity Credit Card
12430.88,3589.09,463.61,3035.32,2828.01,2514.85,Tata Neu Infinity Credit Card,Tata Neu Infinity Credit Card
27190.53,3455.6,8420.95,870.3,7958.62,6485.06,Tata Neu Infinity Credit Card,Cashback Credit Card
17484.16,686.05,2203.76,5235.5,1152.02,8206.84,Tata Neu Infinity Credit Card,Diners Club Black
25725.72,7408.14,2559.01,4154.68,5870.31,5733.58,Tata Neu Infinity Credit Card,Cashback Credit Card
32675.64,8064.71,4456.05,8472.02,515.1,11167.75,Tata Neu Infinity Credit Card,Diners Club Black
28615.19,8791.6,8027.68,117.01,9013.46,2665.43,Tata Neu Infinity Credit Card,Tata Neu Infinity Credit Card
43437.7,10318.3,9699.29,3835.59,11517.53,8066.99,Tata Neu Infinity Credit Card,Cashback Credit Card
30794.54,4224.47,2687.48,7886.23,9106.09,6890.28,Tata Neu Infinity Credit Card,Tata Neu Infinity Credit Card
59672.85,17868.38,14847.12,7960.52,15761.83,3235.0,Tata Neu Infinity Credit Card,BPCL Octane Credit Card
50753.44,13019.7,4282.0,2991.33,13736.09,16724.32,Tata Neu Infinity Credit Card,Cashback Credit Card
43386.86,15982.43,7715.1,16433.85,1212.24,2043.25,Tata Neu Infinity Credit Card,Diners Club Black
17605.48,908.8,4763.22,2091.42,7691.04,2151.0,Cashback Credit Card,Cashback Credit Card
51760.83,19243.1,5331.7,5796.98,16962.86,4426.2,Tata Neu Infinity Credit Card,Cashback Credit Card
26390.38,13747.52,1265.24,8879.67,124.15,2373.8,Tata Neu Infinity Credit Card,Diners Club Black
17933.92,4758.49,3247.12,3254.29,5400.1,1273.91,Tata Neu Infinity Credit Card,BPCL Octane Credit Card
23363.2,8071.17,4637.0,1875.89,4861.4,3917.75,Tata Neu Infinity Credit Card,Millennia Credit Card
13721.47,3866.93,3683.68,2528.32,546.59,3095.95,Tata Neu Infinity Credit Card,Millennia Credit Card
22029.78,8402.49,2662.4,2420.46,4222.09,4322.33,Tata Neu Infinity Credit Card,Cashback Credit Card
15266.82,2085.22,1890.83,4248.97,2552.2,4489.61,Tata Neu Infinity Credit Card,Cashback Credit Card
57841.13,16188.53,685.58,18408.58,16502.42,6056.02,Tata Neu Infinity Credit Card,BPCL Octane Credit Card
13243.12,2756.61,2726.66,2496.51,3953.52,1309.82,Tata Neu Infinity Credit Card,Diners Club Black
32729.53,4597.47,376.07,10034.44,9655.64,8065.92,Tata Neu Infinity Credit Card,Cashback Credit Card
17612.66,2218.1,300.76,4229.01,715.01,10149.78,Tata Neu Infinity Credit Card,BPCL Octane Credit Card
37546.39,16526.41,8620.77,1063.91,7778.33,3556.97,Tata Neu Infinity Credit Card,BPCL Octane Credit Card
17040.25,336.38,4514.83,2329.75,4449.32,5409.97,Tata Neu Infinity Credit Card,Tata Neu Infinity Credit Card
34198.76,9860.26,8679.75,1975.59,6405.99,7277.17,Tata Neu Infinity Credit Card,BPCL Octane Credit Card
13230.18,3100.57,1838.72,1298.65,2984.77,4007.46,Tata Neu Infinity Credit Card,Cashback Credit Card
50858.29,7144.34,929.7,14769.86,14014.94,13999.45,Tata Neu Infinity Credit Card,BPCL Octane Credit Card
35984.88,9664.02,5268.84,6011.06,7495.64,7545.32,Tata Neu Infinity Credit Card,Cashback Credit Card
27890.74,2970.01,1046.57,10823.69,10523.45,2527.02,Cashback Credit Card,Cashback Credit Card
38619.46,9235.92,11182.02,6973.33,1913.49,9314.7,Tata Neu Infinity Credit Card,Millennia Credit Card
18655.41,167.31,4644.06,4410.63,5918.95,3514.45,Cashback Credit Card,BPCL Octane Credit Card
36593.11,11200.44,6882.28,9869.6,2370.79,6270.0,Tata Neu Infinity Credit Card,Tata Neu Infinity Credit Card
19298.23,4588.81,2688.03,6020.03,1685.33,4316.02,Tata Neu Infinity Credit Card,Tata Neu Infinity Credit Card
49679.86,8037.13,15930.83,10919.09,3379.28,11413.52,Tata Neu Infinity Credit Card,Diners Club Black
30457.48,1529.51,11317.19,3613.94,3874.38,10122.46,Tata Neu Infinity Credit Card,BPCL Octane Credit Card
27945.16,5902.82,5014.97,5696.12,7707.98,3623.27,Tata Neu Infinity Credit Card,Cashback Credit Card
18482.2,5047.89,2417.81,20.64,6993.68,4002.18,Tata Neu Infinity Credit Card,Diners Club Black
46258.03,11246.31,817.81,16431.55,11278.84,6483.52,Tata Neu Infinity Credit Card,BPCL Octane Credit Card
9361.99,1808.84,2812.39,572.31,1806.66,2361.79,Tata Neu Infinity Credit Card,Millennia Credit Card
36580.91,5604.67,11732.94,6891.98,2762.54,9588.78,Tata Neu Infinity Credit Card,BPCL Octane Credit Card
30140.45,3982.44,6249.26,10966.04,4235.46,4707.25,Tata Neu Infinity Credit Card,Cashback Credit Card
54518.85,13541.89,10527.27,10557.29,8837.75,11054.65,Tata Neu Infinity Credit Card,BPCL Octane Credit Card
22488.53,5399.24,5075.45,3430.74,4081.4,4501.71,Tata Neu Infinity Credit Card,Millennia Credit Card
24986.99,7044.24,4886.37,7021.27,1800.52,4234.59,Tata Neu Infinity Credit Card,Cashback Credit Card
47278.33,10151.33,7894.26,7830.11,5648.94,15753.68,Tata Neu Infinity Credit Card,Millennia Credit Card
28695.04,6159.24,8103.1,6.24,8080.65,6345.82,Tata Neu Infinity Credit Card,Cashback Credit Card
53573.73,16929.22,2910.93,17286.33,531.25,15916.01,Tata Neu Infinity Credit Card,Tata Neu Infinity Credit Card
15480.3,118.5,4052.23,3368.91,3576.88,4363.79,Tata Neu Infinity Credit Card,Millennia Credit Card
23193.91,3949.63,3201.41,5092.8,3271.94,7678.14,Tata Neu Infinity Credit Card,BPCL Octane Credit Card
51689.67,18671.98,2041.91,16887.01,5272.78,8815.99,Tata Neu Infinity Credit Card,Millennia Credit Card
22665.47,5365.28,3907.04,6384.51,5651.93,1356.72,Tata Neu Infinity Credit Card,Tata Neu Infinity Credit Card
23651.09,4745.17,5793.26,5409.18,6283.61,1419.87,Cashback Credit Card,Cashback Credit Card
53574.62,5166.01,16951.26,15259.76,5496.59,10701.0,Tata Neu Infinity Credit Card,Tata Neu Infinity Credit Card
23121.36,1436.8,10256.63,181.35,1446.8,9799.78,Tata Neu Infinity Credit Card,BPCL Octane Credit Card
29632.31,6034.08,7106.06,5938.72,7341.49,3211.97,Tata Neu Infinity Credit Card,Cashback Credit Card
10784.49,2804.22,2870.76,2320.56,2412.05,376.9,Tata Neu Infinity Credit Card,Diners Club Black
30529.06,7420.94,2588.92,3879.29,8038.51,8601.39,Tata Neu Infinity Credit Card,Millennia Credit Card
20567.27,8875.44,3767.52,7783.15,92.72,48.45,Tata Neu Infinity Credit Card,Cashback Credit Card
19288.06,2451.44,1205.74,8242.61,5630.7,1757.57,BPCL Octane Credit Card,Cashback Credit Card
40416.32,2977.75,99.0,18297.91,5174.3,13867.34,BPCL Octane Credit Card,Cashback Credit Card
26925.72,6088.03,7237.8,5141.43,7502.03,956.42,Cashback Credit Card,BPCL Octane Credit Card
28685.86,6805.02,3386.07,3970.95,3721.2,10802.62,Tata Neu Infinity Credit Card,Tata Neu Infinity Credit Card
48925.44,3098.5,21259.31,10724.86,948.41,12894.36,Tata Neu Infinity Credit Card,Diners Club Black
42719.61,10059.64,6222.45,9522.92,7163.73,9750.88,Tata Neu Infinity Credit Card,Millennia Credit Card
59533.8,6277.28,15047.39,6431.3,16117.56,15660.28,Tata Neu Infinity Credit Card,BPCL Octane Credit Card
58908.0,3062.35,11350.73,10574.12,2151.56,31769.23,Tata Neu Infinity Credit Card,Diners Club Black
55150.93,5876.99,18879.79,15939.46,10232.92,4221.77,Cashback Credit Card,Cashback Credit Card
19254.97,2350.02,5361.07,3795.52,6388.2,1360.15,Cashback Credit Card,Cashback Credit Card
10656.14,1125.92,1926.61,3456.0,3000.61,1147.0,Cashback Credit Card,Millennia Credit Card
54182.6,18365.17,5651.32,10821.47,15013.76,4330.87,Tata Neu Infinity Credit Card,Diners Club Black
8310.47,3044.61,2307.68,2454.54,459.92,43.73,Tata Neu Infinity Credit Card,Millennia Credit Card
57741.92,12950.23,15381.1,11417.27,5515.1,12478.23,Tata Neu Infinity Credit Card,Diners Club Black
19735.15,2103.84,2597.19,5698.06,5330.11,4005.95,Tata Neu Infinity Credit Card,Diners Club Black
8763.67,1461.16,2838.28,1197.52,1414.98,1851.74,Tata Neu Infinity Credit Card,Cashback Credit Card
24916.33,2500.36,465.72,7558.15,12390.44,2001.67,Cashback Credit Card,BPCL Octane Credit Card
21633.85,4411.57,3249.27,3550.63,3144.79,7277.59,Tata Neu Infinity Credit Card,Cashback Credit Card
35044.34,2294.72,7565.28,1575.89,10615.45,12993.01,Tata Neu Infinity Credit Card,BPCL Octane Credit Card
14258.2,3495.67,1563.37,6134.18,1852.5,1212.48,Tata Neu Infinity Credit Card,Cashback Credit Card
50673.23,14844.23,13328.95,8909.28,435.5,13155.27,Tata Neu Infinity Credit Card,BPCL Octane Credit Card
14623.82,194.16,2188.32,4789.41,3351.7,4100.22,Tata Neu Infinity Credit Card,Millennia Credit Card
10898.84,1105.95,3387.38,1338.14,3704.37,1363.0,Cashback Credit Card,Cashback Credit Card
49177.68,4226.76,15048.07,1880.08,15491.36,12531.41,Tata Neu Infinity Credit Card,BPCL Octane Credit Card
20579.82,3138.5,4089.05,3249.67,3702.27,6400.33,Tata Neu Infinity Credit Card,Millennia Credit Card
18671.07,924.67,2628.9,6585.78,588.31,7943.41,Tata Neu Infinity Credit Card,Millennia Credit Card
52990.31,8066.86,9340.88,16947.32,14131.48,4503.78,Cashback Credit Card,Cashback Credit Card
8771.79,2704.05,2307.79,1668.17,1499.3,592.49,Tata Neu Infinity Credit Card,Cashback Credit Card
40964.77,10589.94,1660.87,10395.68,7871.48,10446.81,Tata Neu Infinity Credit Card,Millennia Credit Card
27120.83,3338.83,1170.69,10416.68,9008.87,3185.76,Cashback Credit Card,Diners Club Black
14383.25,2487.49,3902.11,3932.47,1690.53,2370.66,Tata Neu Infinity Credit Card,BPCL Octane Credit Card
45106.24,21326.76,12249.62,3947.11,1062.2,6520.55,Tata Neu Infinity Credit Card,Tata Neu Infinity Credit Card
38966.05,6553.6,8955.7,7952.78,9457.11,6046.87,Tata Neu Infinity Credit Card,Millennia Credit Card
55267.47,5786.92,6840.89,8911.9,18685.58,15042.17,Tata Neu Infinity Credit Card,Cashback Credit Card
33282.98,1862.01,5322.84,3663.52,13748.67,8685.95,Cashback Credit Card,Tata Neu Infinity Credit Card
54278.51,16167.6,1740.83,18668.86,4634.2,13067.02,Tata Neu Infinity Credit Card,Cashback Credit Card
59772.11,3547.12,12823.25,12065.38,22583.35,8753.01,Cashback Credit Card,Millennia Credit Card
53741.38,12249.55,26968.41,5124.97,381.68,9016.77,Tata Neu Infinity Credit Card,Tata Neu Infinity Credit Card
14120.47,4583.87,2546.23,3088.68,2878.74,1022.94,Tata Neu Infinity Credit Card,Tata Neu Infinity Credit Card
19208.61,4526.88,5107.4,6016.24,3304.3,253.78,Tata Neu Infinity Credit Card,Cashback Credit Card
39963.83,10764.93,9297.77,7380.96,4700.25,7819.93,Tata Neu Infinity Credit Card,Cashback Credit Card
38971.71,1822.0,20133.9,4636.24,8136.14,4243.43,Diners Club Black,Millennia Credit Card
20194.31,5204.46,5166.77,989.64,4085.99,4747.45,Tata Neu Infinity Credit Card,BPCL Octane Credit Card
35871.36,10918.8,3498.44,12454.84,7835.51,1163.78,Tata Neu Infinity Credit Card,Cashback Credit Card
25324.91,7882.21,6968.01,726.53,2841.58,6906.59,Tata Neu Infinity Credit Card,Diners Club Black
43062.63,3673.11,12623.34,11386.87,6132.03,9247.27,Tata Neu Infinity Credit Card,Diners Club Black
38842.95,16435.94,8436.59,5681.15,6311.55,1977.72,Tata Neu Infinity Credit Card,Diners Club Black
23174.61,5143.38,3972.09,5612.95,1844.0,6602.19,Tata Neu Infinity Credit Card,Diners Club Black
39845.15,12772.84,8477.26,4001.9,1922.28,12670.88,Tata Neu Infinity Credit Card,Tata Neu Infinity Credit Card
13817.68,3212.83,2319.97,3032.41,2877.63,2374.84,Tata Neu Infinity Credit Card,Cashback Credit Card
8170.79,622.23,2659.26,990.85,1720.91,2177.53,Tata Neu Infinity Credit Card,Tata Neu Infinity Credit Card
44102.09,10127.08,12340.16,7589.66,7134.41,6910.78,Tata Neu Infinity Credit Card,Cashback Credit Card
17645.38,3426.73,5810.34,3512.99,4710.75,184.58,Cashback Credit Card,BPCL Octane Credit Card
21188.25,4383.4,3335.79,2202.09,5519.7,5747.27,Tata Neu Infinity Credit Card,Millennia Credit Card
32865.04,2180.8,10980.09,1681.07,13676.72,4346.35,Cashback Credit Card,Millennia Credit Card
29478.55,8313.75,3593.24,1888.78,10138.56,5544.21,Tata Neu Infinity Credit Card,BPCL Octane Credit Card
36060.84,1431.73,8350.52,4071.38,194.22,22013.0,Tata Neu Infinity Credit Card,Tata Neu Infinity Credit Card
54381.64,3677.71,15597.64,5881.73,5664.97,23559.59,Tata Neu Infinity Credit Card,Cashback Credit Card
34795.47,6068.61,3092.94,10415.8,8622.14,6595.99,Tata Neu Infinity Credit Card,Cashback Credit Card
51591.4,11027.58,8832.7,11808.92,11109.5,8812.69,Tata Neu Infinity Credit Card,Tata Neu Infinity Credit Card
48066.08,14776.22,7997.19,5163.97,5329.32,14799.39,Tata Neu Infinity Credit Card,Cashback Credit Card
49566.9,15082.03,8627.53,28.89,23780.22,2048.23,Cashback Credit Card,BPCL Octane Credit Card
46219.59,5713.79,5131.04,5879.92,24439.35,5055.5,Cashback Credit Card,Diners Club Black
59647.84,16495.07,6698.89,3704.41,14853.64,17895.84,Tata Neu Infinity Credit Card,Cashback Credit Card
50586.69,7039.06,20851.07,9499.49,1845.69,11351.37,Tata Neu Infinity Credit Card,Diners Club Black
52354.76,7562.18,16494.36,3001.41,22136.54,3160.28,Cashback Credit Card,Tata Neu Infinity Credit Card
56322.88,17301.96,2675.22,7144.99,13124.5,16076.2,Tata Neu Infinity Credit Card,Cashback Credit Card
50477.97,5716.02,7009.9,19426.24,3947.0,14378.79,Tata Neu Infinity Credit Card,Cashback Credit Card
53068.79,11643.52,16335.03,5340.38,9370.32,10379.55,Tata Neu Infinity Credit Card,Cashback Credit Card
21978.25,6076.11,3682.62,8078.6,775.46,3365.45,Tata Neu Infinity Credit Card,BPCL Octane Credit Card
9287.37,713.04,994.14,3936.16,193.11,3450.92,Tata Neu Infinity Credit Card,Tata Neu Infinity Credit Card
58841.54,8819.84,10118.59,16220.87,9240.7,14441.54,Tata Neu Infinity Credit Card,BPCL Octane Credit Card
20579.03,3649.43,455.11,6088.64,5404.09,4981.78,Tata Neu Infinity Credit Card,Millennia Credit Card
17885.24,910.52,5077.61,5481.35,3384.52,3031.23,Tata Neu Infinity Credit Card,Millennia Credit Card
21728.03,1547.18,7071.82,4987.09,4409.01,3712.93,Tata Neu Infinity Credit Card,Millennia Credit Card
56263.57,3751.57,15205.08,11430.39,8991.13,16885.4,Tata Neu Infinity Credit Card,Cashback Credit Card
35418.74,7915.51,428.33,14044.97,7816.83,5213.09,Tata Neu Infinity Credit Card,Tata Neu Infinity Credit Card
41417.28,780.71,8592.33,15249.36,2930.28,13864.6,Tata Neu Infinity Credit Card,Millennia Credit Card
39982.6,13587.03,3064.04,11057.87,2554.89,9718.78,Tata Neu Infinity Credit Card,Millennia Credit Card
48259.96,15123.46,8075.65,12078.58,6861.49,6120.78,Tata Neu Infinity Credit Card,Diners Club Black
54892.18,16669.29,8113.98,17978.17,730.56,11400.19,Tata Neu Infinity Credit Card,Millennia Credit Card
14295.76,4471.46,992.2,269.19,4556.8,4006.09,Tata Neu Infinity Credit Card,Cashback Credit Card
54601.65,2091.25,12089.05,6715.45,25221.82,8484.08,Cashback Credit Card,Millennia Credit Card
30785.74,7313.31,5460.81,5958.91,5576.33,6476.38,Tata Neu Infinity Credit Card,Millennia Credit Card
47305.38,6212.05,8157.42,20913.7,3166.71,8855.51,BPCL Octane Credit Card,Diners Club Black
53736.97,1045.46,15825.46,22910.72,5564.89,8390.44,BPCL Octane Credit Card,Diners Club Black
52624.64,13549.09,11451.03,10588.81,8919.78,8115.93,Tata Neu Infinity Credit Card,BPCL Octane Credit Card
47500.81,3890.1,9952.34,17930.88,14255.64,1471.85,BPCL Octane Credit Card,Cashback Credit Card
56446.61,26429.6,2506.37,10906.02,11729.68,4874.94,Tata Neu Infinity Credit Card,BPCL Octane Credit Card
30401.56,2808.9,9653.73,7189.82,3432.3,7316.81,Tata Neu Infinity Credit Card,Cashback Credit Card
28743.97,7306.56,7054.01,287.48,8142.12,5953.81,Tata Neu Infinity Credit Card,BPCL Octane Credit Card
48504.86,5356.88,2821.78,13860.44,17970.41,8495.36,Cashback Credit Card,Cashback Credit Card
56292.9,23948.99,2144.47,4935.37,17.31,25246.76,Tata Neu Infinity Credit Card,Millennia Credit Card
28547.31,2184.57,6739.5,12656.51,390.89,6575.84,BPCL Octane Credit Card,Cashback Credit Card
31817.7,1867.11,8056.28,15086.57,355.37,6452.38,BPCL Octane Credit Card,Cashback Credit Card
30548.36,10621.16,6522.88,3693.96,1616.51,8093.85,Tata Neu Infinity Credit Card,BPCL Octane Credit Card
21975.75,6758.3,5412.98,6065.05,2651.88,1087.54,Tata Neu Infinity Credit Card,Millennia Credit Card
49324.99,6418.89,11173.66,4487.7,12358.05,14886.69,Tata Neu Infinity Credit Card,BPCL Octane Credit Card
39554.58,14270.94,9823.34,2386.55,11345.84,1727.91,Tata Neu Infinity Credit Card,Millennia Credit Card
57048.04,4518.75,14548.4,7355.52,15124.81,15500.57,Tata Neu Infinity Credit Card,BPCL Octane Credit Card
18219.84,782.91,3249.8,5984.35,192.19,8010.59,Tata Neu Infinity Credit Card,Diners Club Black
44629.5,3780.01,14068.54,3702.64,10477.64,12600.67,Tata Neu Infinity Credit Card,BPCL Octane Credit Card
25049.1,5686.12,1922.45,8973.15,8294.84,172.53,Cashback Credit Card,BPCL Octane Credit Card
40090.78,7508.22,8466.68,4525.45,1625.55,17964.87,Tata Neu Infinity Credit Card,Diners Club Black
14084.44,2977.33,649.3,4790.86,3024.7,2642.25,Tata Neu Infinity Credit Card,Diners Club Black
44335.87,9398.57,5126.12,4096.21,17405.99,8308.98,Tata Neu Infinity Credit Card,BPCL Octane Credit Card
50051.36,8435.27,2052.83,14535.03,9052.29,15975.94,Tata Neu Infinity Credit Card,BPCL Octane Credit Card
55263.34,1364.04,12547.75,18520.62,8726.77,14104.16,Tata Neu Infinity Credit Card,Diners Club Black
29203.39,1359.59,1914.09,6804.37,9109.42,10015.91,Tata Neu Infinity Credit Card,Tata Neu Infinity Credit Card
57633.76,13574.77,3696.46,12044.85,5643.8,22673.88,Tata Neu Infinity Credit Card,Cashback Credit Card
23774.57,5931.3,5528.03,1445.49,4854.92,6014.84,Tata Neu Infinity Credit Card,Tata Neu Infinity Credit Card
52649.38,16875.65,10608.09,5500.38,13536.69,6128.55,Tata Neu Infinity Credit Card,BPCL Octane Credit Card
21477.3,4568.55,3691.58,7764.01,4751.08,702.08,Tata Neu Infinity Credit Card,BPCL Octane Credit Card
45717.79,4678.69,1720.79,16664.26,17450.04,5204.02,Cashback Credit Card,BPCL Octane Credit Card
55673.56,16025.78,342.11,12852.99,9025.0,17427.68,Tata Neu Infinity Credit Card,Tata Neu Infinity Credit Card
23282.8,2215.62,2279.22,6769.72,4899.01,7119.22,Tata Neu Infinity Credit Card,BPCL Octane Credit Card
20133.87,12802.87,1260.04,170.45,1892.67,4007.84,Tata Neu Infinity Credit Card,Millennia Credit Card
49437.26,13519.36,890.15,10854.26,19098.62,5074.87,Cashback Credit Card,BPCL Octane Credit Card
51150.12,20587.44,2398.28,11778.46,7439.56,8946.38,Tata Neu Infinity Credit Card,Cashback Credit Card
13980.96,2756.2,1143.6,3372.2,3265.84,3443.12,Tata Neu Infinity Credit Card,BPCL Octane Credit Card
10050.63,583.37,5320.21,782.72,1900.92,1463.42,Diners Club Black,Tata Neu Infinity Credit Card
34677.18,4939.21,6264.28,6470.28,10530.38,6473.03,Tata Neu Infinity Credit Card,BPCL Octane Credit Card
22806.86,1316.03,5858.86,3948.42,5337.77,6345.78,Tata Neu Infinity Credit Card,Cashback Credit Card
16107.42,4332.93,758.72,1840.95,4336.71,4838.12,Tata Neu Infinity Credit Card,Cashback Credit Card
22220.71,2845.37,5635.63,2212.42,6764.11,4763.17,Tata Neu Infinity Credit Card,BPCL Octane Credit Card
17883.44,2178.1,4079.38,2510.41,3332.05,5783.49,Tata Neu Infinity Credit Card,Diners Club Black
45409.75,17092.36,8555.58,337.35,667.66,18756.8,Tata Neu Infinity Credit Card,Tata Neu Infinity Credit Card
30912.39,9545.72,5268.32,5171.78,7170.78,3755.79,Tata Neu Infinity Credit Card,Diners Club Black
50186.79,11421.03,10443.44,8009.29,9265.49,11047.54,Tata Neu Infinity Credit Card,Millennia Credit Card
13123.4,4334.52,1472.7,2445.61,3225.94,1644.63,Tata Neu Infinity Credit Card,Diners Club Black
30495.8,8001.07,2832.15,1191.76,6140.87,12329.96,Tata Neu Infinity Credit Card,Tata Neu Infinity Credit Card
46138.73,10305.5,2474.15,11775.46,8345.67,13237.95,Tata Neu Infinity Credit Card,Diners Club Black
34161.76,3423.44,3222.14,12959.38,11973.14,2583.66,Cashback Credit Card,BPCL Octane Credit Card
51459.19,13857.68,18071.09,5013.41,10486.79,4030.22,Tata Neu Infinity Credit Card,Cashback Credit Card
38320.86,6705.1,20011.56,4428.35,5203.82,1972.03,Tata Neu Infinity Credit Card,Tata Neu Infinity Credit Card
10071.88,1364.07,2659.08,171.66,3805.07,2072.0,Cashback Credit Card,BPCL Octane Credit Card
24836.55,1871.92,9096.48,889.26,7620.81,5358.08,Cashback Credit Card,Cashback Credit Card
57167.75,392.13,15635.16,3681.61,18449.86,19009.0,Tata Neu Infinity Credit Card,Cashback Credit Card
18428.26,3355.01,4477.45,3784.25,2295.23,4516.32,Tata Neu Infinity Credit Card,Millennia Credit Card
33922.35,8874.7,8436.9,3403.8,4146.78,9060.17,Tata Neu Infinity Credit Card,Tata Neu Infinity Credit Card
49674.99,3602.98,7078.97,17421.27,20262.71,1309.06,Cashback Credit Card,Cashback Credit Card
40714.26,2883.48,11147.01,3300.4,12972.57,10410.81,Tata Neu Infinity Credit Card,Cashback Credit Card
34621.45,6452.14,20.12,10524.47,16417.14,1207.57,Cashback Credit Card,Cashback Credit Card
50990.25,2273.54,4764.17,13668.6,13653.36,16630.58,Tata Neu Infinity Credit Card,Tata Neu Infinity Credit Card
44346.85,13266.81,4262.46,1580.19,8807.95,16429.44,Tata Neu Infinity Credit Card,BPCL Octane Credit Card
28231.24,5067.71,2888.36,6043.11,8334.15,5897.91,Tata Neu Infinity Credit Card,BPCL Octane Credit Card
57056.59,20367.16,7498.14,10266.97,17139.5,1784.81,Tata Neu Infinity Credit Card,BPCL Octane Credit Card
37551.48,4756.4,9801.01,8427.1,3632.87,10934.1,Tata Neu Infinity Credit Card,Millennia Credit Card
25432.83,3032.24,6289.15,7293.38,7116.33,1701.73,Cashback Credit Card,Tata Neu Infinity Credit Card
45043.17,11310.16,1597.43,10998.79,14920.09,6216.7,Tata Neu Infinity Credit Card,Cashback Credit Card
46279.99,14321.79,10200.97,10644.17,8448.12,2664.92,Tata Neu Infinity Credit Card,Millennia Credit Card
9247.85,1349.97,1011.66,3447.72,2705.17,733.33,Cashback Credit Card,Millennia Credit Card
50126.8,1175.5,9267.06,8278.22,16667.74,14738.27,Cashback Credit Card,Tata Neu Infinity Credit Card
12632.62,3232.15,504.53,3856.17,938.4,4101.37,Tata Neu Infinity Credit Card,Cashback Credit Card
37036.93,14761.58,9368.36,781.04,8293.85,3832.1,Tata Neu Infinity Credit Card,BPCL Octane Credit Card
54791.4,10807.26,3337.9,15282.71,11018.85,14344.69,Tata Neu Infinity Credit Card,Cashback Credit Card
56379.05,12886.27,3886.72,4647.97,20624.17,14333.92,Tata Neu Infinity Credit Card,Diners Club Black
50040.25,12628.2,11259.1,1780.4,10043.03,14329.52,Tata Neu Infinity Credit Card,Tata Neu Infinity Credit Card
36368.35,9602.97,17709.61,2872.91,2182.46,4000.41,Tata Neu Infinity Credit Card,Cashback Credit Card
51493.02,17164.42,8443.36,10064.66,3876.66,11943.93,Tata Neu Infinity Credit Card,Diners Club Black
28434.9,6768.68,7185.0,7203.56,3188.17,4089.49,Tata Neu Infinity Credit Card,BPCL Octane Credit Card
9474.47,2711.37,244.0,2407.79,2894.27,1217.04,Tata Neu Infinity Credit Card,Diners Club Black
34302.52,15515.49,7125.74,6993.51,851.52,3816.26,Tata Neu Infinity Credit Card,Cashback Credit Card
56583.17,7690.76,16128.69,6756.19,16088.19,9919.35,Tata Neu Infinity Credit Card,Cashback Credit Card
39672.21,10906.8,10400.82,6049.82,1631.69,10683.07,Tata Neu Infinity Credit Card,Millennia Credit Card
31067.27,6161.01,8988.61,9278.34,5578.29,1061.03,Tata Neu Infinity Credit Card,Millennia Credit Card
10309.98,3508.61,548.16,4190.13,1867.84,195.25,Tata Neu Infinity Credit Card,Cashback Credit Card
50748.05,11567.35,3787.23,5555.62,14852.78,14985.06,Tata Neu Infinity Credit Card,Cashback Credit Card
30915.44,4376.71,4056.7,4985.92,11002.35,6493.76,Cashback Credit Card,Millennia Credit Card
37032.51,16977.15,2939.21,299.46,16131.33,685.35,Tata Neu Infinity Credit Card,BPCL Octane Credit Card
22696.88,6184.9,1246.97,2407.87,6050.11,6807.03,Tata Neu Infinity Credit Card,Cashback Credit Card
15398.42,3486.97,3221.9,4358.09,1096.06,3235.41,Tata Neu Infinity Credit Card,Tata Neu Infinity Credit Card
24472.07,11219.06,2767.49,5120.14,1464.68,3900.7,Tata Neu Infinity Credit Card,Millennia Credit Card
9065.38,1643.48,2370.1,985.16,1874.56,2192.08,Tata Neu Infinity Credit Card,Cashback Credit Card
40632.95,2403.63,11287.09,14402.48,10967.68,1572.08,BPCL Octane Credit Card,Tata Neu Infinity Credit Card
47727.89,5548.34,10930.98,23104.52,7509.17,634.87,BPCL Octane Credit Card,Millennia Credit Card
29694.32,2969.26,6585.19,5024.32,9533.04,5582.51,Cashback Credit Card,Tata Neu Infinity Credit Card
32610.04,15082.98,4016.29,4160.99,7886.14,1463.63,Tata Neu Infinity Credit Card,Tata Neu Infinity Credit Card
44809.36,10331.19,16533.97,13158.33,2206.01,2579.86,Tata Neu Infinity Credit Card,Tata Neu Infinity Credit Card
16354.47,4550.79,9272.14,157.21,1910.81,463.53,Tata Neu Infinity Credit Card,BPCL Octane Credit Card
11447.84,3633.76,1730.25,3000.91,1604.51,1478.42,Tata Neu Infinity Credit Card,BPCL Octane Credit Card
55843.01,11869.28,6837.86,4769.77,18099.89,14266.2,Tata Neu Infinity Credit Card,Cashback Credit Card
50855.16,8296.33,15036.64,10692.39,14162.94,2666.86,Cashback Credit Card,Cashback Credit Card
29582.98,7654.73,3728.1,7811.01,5205.55,5183.6,Tata Neu Infinity Credit Card,BPCL Octane Credit Card
15048.79,75.03,3305.77,5140.16,2291.97,4235.86,BPCL Octane Credit Card,BPCL Octane Credit Card
50656.2,3787.5,4604.67,22679.62,15995.79,3588.62,BPCL Octane Credit Card,Cashback Credit Card
24245.17,7904.32,495.99,3850.06,9532.82,2461.98,Tata Neu Infinity Credit Card,Millennia Credit Card
31449.97,4276.87,8938.04,949.5,11517.31,5768.26,Cashback Credit Card,BPCL Octane Credit Card
36810.61,10202.93,6385.9,4990.2,11701.76,3529.83,Tata Neu Infinity Credit Card,Diners Club Black
43072.47,9401.77,18244.99,6674.01,2032.83,6718.88,Tata Neu Infinity Credit Card,Tata Neu Infinity Credit Card
30868.27,3448.35,7938.08,6749.71,5157.78,7574.34,Tata Neu Infinity Credit Card,Millennia Credit Card
41897.54,6978.16,14849.21,6714.2,11520.5,1835.48,Cashback Credit Card,BPCL Octane Credit Card
47454.04,2231.09,30137.92,272.3,1988.73,12824.0,Diners Club Black,Cashback Credit Card
32248.93,1801.37,8563.8,5048.18,1651.16,15184.41,Tata Neu Infinity Credit Card,Cashback Credit Card
12156.43,745.01,2730.33,3361.69,3010.31,2309.1,Tata Neu Infinity Credit Card,BPCL Octane Credit Card
39373.19,11282.56,9832.76,12811.09,1235.26,4211.52,Tata Neu Infinity Credit Card,Diners Club Black
9491.98,879.04,2148.03,2278.28,1922.15,2264.48,Tata Neu Infinity Credit Card,BPCL Octane Credit Card
39597.67,5387.71,8914.61,12544.39,6856.59,5894.37,Tata Neu Infinity Credit Card,BPCL Octane Credit Card
33457.1,1998.88,5859.92,1139.65,11837.89,12620.75,Tata Neu Infinity Credit Card,BPCL Octane Credit Card
46229.73,16466.32,4693.44,11283.99,10715.92,3070.07,Tata Neu Infinity Credit Card,Tata Neu Infinity Credit Card
52301.3,14888.28,8461.7,10552.52,16656.76,1742.04,Cashback Credit Card,Diners Club Black
8099.7,1239.67,179.59,2787.83,2607.75,1284.85,Cashback Credit Card,Millennia Credit Card
43813.35,9912.99,6566.11,13906.95,6977.24,6450.07,Tata Neu Infinity Credit Card,BPCL Octane Credit Card
17199.42,4089.94,2443.69,4965.63,500.33,5199.81,Tata Neu Infinity Credit Card,Diners Club Black
40665.55,11555.34,1284.76,14339.6,2228.5,11257.34,Tata Neu Infinity Credit Card,Cashback Credit Card
10230.31,1935.56,794.37,3612.7,2262.68,1625.01,Tata Neu Infinity Credit Card,BPCL Octane Credit Card
52615.55,13317.64,6819.32,14462.49,2177.96,15838.14,Tata Neu Infinity Credit Card,Cashback Credit Card
11776.08,393.74,1269.82,2842.67,3297.82,3972.03,Tata Neu Infinity Credit Card,Diners Club Black
49376.17,13361.57,12111.78,10467.02,357.68,13078.12,Tata Neu Infinity Credit Card,Millennia Credit Card
9878.1,3453.79,608.15,2773.63,2167.12,875.41,Tata Neu Infinity Credit Card,Tata Neu Infinity Credit Card
15924.95,6799.93,2670.08,3216.81,192.2,3045.93,Tata Neu Infinity Credit Card,Tata Neu Infinity Credit Card
56718.52,18678.26,362.28,4584.19,23516.99,9576.8,Tata Neu Infinity Credit Card,Millennia Credit Card
42765.25,13736.72,8928.91,7552.91,9693.74,2852.97,Tata Neu Infinity Credit Card,BPCL Octane Credit Card
27281.9,2339.75,6485.27,5399.04,6656.66,6401.19,Tata Neu Infinity Credit Card,Diners Club Black
51733.11,3861.72,14347.2,12507.48,941.5,20075.21,Tata Neu Infinity Credit Card,Diners Club Black
42967.9,8706.03,8909.34,1857.6,13521.21,9973.73,Tata Neu Infinity Credit Card,Tata Neu Infinity Credit Card
56087.43,17889.98,8478.53,3762.99,17782.22,8173.7,Tata Neu Infinity Credit Card,Cashback Credit Card
51495.75,4749.36,8190.3,20233.74,9416.08,8906.27,BPCL Octane Credit Card,Diners Club Black
57631.5,21706.99,10997.09,4434.8,16598.92,3893.7,Tata Neu Infinity Credit Card,BPCL Octane Credit Card
58293.43,13051.39,12373.78,537.13,14594.1,17737.04,Tata Neu Infinity Credit Card,Millennia Credit Card
49819.42,19349.37,7784.74,1491.14,3168.34,18025.84,Tata Neu Infinity Credit Card,Cashback Credit Card
54407.8,3564.54,16030.35,10986.75,11175.57,12650.59,Tata Neu Infinity Credit Card,BPCL Octane Credit Card
47725.0,7700.77,10394.11,10630.2,6686.99,12312.93,Tata Neu Infinity Credit Card,Cashback Credit Card
28598.23,7757.83,1246.55,4247.22,12625.79,2720.84,Cashback Credit Card,Diners Club Black
58540.73,10478.15,19330.25,15478.21,9688.78,3565.34,Tata Neu Infinity Credit Card,BPCL Octane Credit Card
27608.26,6427.04,4359.77,6887.91,7304.12,2629.41,Tata Neu Infinity Credit Card,Millennia Credit Card
9694.26,3353.09,623.24,1706.11,1635.51,2376.31,Tata Neu Infinity Credit Card,Diners Club Black
22015.08,312.31,6522.75,6325.1,3117.16,5737.76,Tata Neu Infinity Credit Card,BPCL Octane Credit Card
47155.45,10730.03,11792.16,8803.28,7521.65,8308.33,Tata Neu Infinity Credit Card,Millennia Credit Card
46381.66,8904.77,13185.43,5204.67,14774.28,4312.52,Cashback Credit Card,Cashback Credit Card
42940.47,9.59,930.14,12512.71,13383.47,16104.56,Tata Neu Infinity Credit Card,Cashback Credit Card
47893.2,16420.0,1965.8,10491.09,6677.22,12339.08,Tata Neu Infinity Credit Card,Cashback Credit Card
47530.4,10062.43,10481.48,11639.64,5369.72,9977.13,Tata Neu Infinity Credit Card,BPCL Octane Credit Card
47981.61,8761.7,722.96,8644.62,24105.33,5747.0,Cashback Credit Card,Millennia Credit Card
17291.37,3810.65,5744.76,2301.98,4660.31,773.67,Cashback Credit Card,Cashback Credit Card
25461.81,5964.34,9246.53,4859.79,2632.85,2758.29,Tata Neu Infinity Credit Card,Cashback Credit Card
30540.67,4258.31,4974.86,7708.93,7659.11,5939.47,Tata Neu Infinity Credit Card,Cashback Credit Card
30231.26,7621.08,2250.22,7233.38,8073.11,5053.48,Tata Neu Infinity Credit Card,Cashback Credit Card
36523.79,2193.77,12675.64,9808.4,2075.06,9770.92,Tata Neu Infinity Credit Card,Tata Neu Infinity Credit Card
40516.88,4937.07,5663.51,2907.3,11732.58,15276.42,Tata Neu Infinity Credit Card,Millennia Credit Card
24998.0,2949.27,4191.03,8068.13,5270.15,4519.42,Tata Neu Infinity Credit Card,Millennia Credit Card
12458.36,3444.85,2579.84,1205.42,3298.31,1929.93,Tata Neu Infinity Credit Card,BPCL Octane Credit Card
44652.8,6614.47,9184.8,177.6,8330.2,20345.74,Tata Neu Infinity Credit Card,Tata Neu Infinity Credit Card
43323.55,15729.03,3971.26,15726.63,581.18,7315.45,Tata Neu Infinity Credit Card,Millennia Credit Card
27185.98,3266.12,6714.64,4811.38,2501.41,9892.43,Tata Neu Infinity Credit Card,Cashback Credit Card
11000.53,3417.99,1159.78,3556.24,2425.48,441.05,Tata Neu Infinity Credit Card,BPCL Octane Credit Card
11028.84,1858.81,3930.31,1710.02,2673.74,855.96,Tata Neu Infinity Credit Card,Millennia Credit Card
53718.81,16626.0,10425.41,5717.07,5511.71,15438.62,Tata Neu Infinity Credit Card,Millennia Credit Card
10062.96,1103.33,5456.57,940.67,1872.65,689.74,Diners Club Black,Cashback Credit Card
42182.73,5174.85,7892.38,10847.8,4357.02,13910.69,Tata Neu Infinity Credit Card,Tata Neu Infinity Credit Card
28963.41,7906.86,1198.82,7904.21,3459.42,8494.1,Tata Neu Infinity Credit Card,Tata Neu Infinity Credit Card
38296.14,10049.24,5076.14,2307.0,3758.74,17105.02,Tata Neu Infinity Credit Card,Millennia Credit Card
36662.63,1964.98,13277.21,10194.24,5428.52,5797.67,Tata Neu Infinity Credit Card,BPCL Octane Credit Card
55741.35,10763.02,12164.48,15337.94,16756.26,719.65,Cashback Credit Card,Cashback Credit Card
27198.92,8808.56,8545.16,8679.57,150.25,1015.38,Tata Neu Infinity Credit Card,BPCL Octane Credit Card
45941.16,9625.49,9215.44,8106.19,7421.42,11572.62,Tata Neu Infinity Credit Card,Millennia Credit Card
50336.24,13098.37,9099.78,11755.12,7645.31,8737.66,Tata Neu Infinity Credit Card,Diners Club Black
45922.32,4781.17,8828.49,19325.22,9589.7,3397.73,BPCL Octane Credit Card,Millennia Credit Card
10731.39,1834.7,447.9,3518.22,2680.61,2249.96,Tata Neu Infinity Credit Card,Diners Club Black
27255.59,8288.05,7308.93,1447.3,1969.06,8242.24,Tata Neu Infinity Credit Card,BPCL Octane Credit Card
56101.62,13611.25,5559.76,6544.44,14130.65,16255.51,Tata Neu Infinity Credit Card,BPCL Octane Credit Card
43484.9,7518.66,11010.28,12018.66,6416.63,6520.67,Tata Neu Infinity Credit Card,Millennia Credit Card
43594.49,10623.49,5549.29,13846.03,3155.69,10419.98,Tata Neu Infinity Credit Card,Cashback Credit Card
46049.9,16059.4,15450.21,2669.46,3857.34,8013.49,Tata Neu Infinity Credit Card,Millennia Credit Card
27513.2,4087.45,6936.02,2422.59,7554.0,6513.15,Tata Neu Infinity Credit Card,Cashback Credit Card
32950.45,13039.17,1479.56,7429.3,9755.19,1247.24,Tata Neu Infinity Credit Card,Millennia Credit Card
59468.95,11094.22,26306.04,19190.45,28.11,2850.14,Tata Neu Infinity Credit Card,Millennia Credit Card
22739.66,75.96,3408.13,7167.46,4332.25,7755.87,Tata Neu Infinity Credit Card,Millennia Credit Card
49211.67,12472.16,12472.76,13533.62,7763.66,2969.46,Tata Neu Infinity Credit Card,BPCL Octane Credit Card
14484.32,3332.88,489.68,3244.4,1257.72,6159.64,Tata Neu Infinity Credit Card,Cashback Credit Card
12547.8,3991.56,677.5,1331.19,3714.2,2833.36,Tata Neu Infinity Credit Card,Millennia Credit Card
15172.77,549.22,3830.95,2366.04,2060.97,6365.58,Tata Neu Infinity Credit Card,Tata Neu Infinity Credit Card
55500.68,14366.02,15197.37,3202.01,5292.61,17442.67,Tata Neu Infinity Credit Card,Diners Club Black
21532.19,2761.66,11665.48,511.05,1589.77,5004.23,Tata Neu Infinity Credit Card,BPCL Octane Credit Card
37345.62,813.35,10331.08,9838.3,8158.89,8204.0,Tata Neu Infinity Credit Card,Cashback Credit Card
9414.3,1902.34,1117.94,616.91,1920.52,3856.59,Tata Neu Infinity Credit Card,Millennia Credit Card
18189.33,5785.11,4307.34,5027.21,1605.96,1463.72,Tata Neu Infinity Credit Card,BPCL Octane Credit Card
16686.25,2534.66,5331.5,5764.5,1591.32,1464.26,Tata Neu Infinity Credit Card,Cashback Credit Card
11435.24,2026.29,2534.64,2444.35,2299.72,2130.24,Tata Neu Infinity Credit Card,Cashback Credit Card
50201.37,5989.22,14555.42,6604.47,5203.87,17848.38,Tata Neu Infinity Credit Card,Cashback Credit Card
33084.25,13078.42,13189.2,118.07,2689.23,4009.33,Tata Neu Infinity Credit Card,Tata Neu Infinity Credit Card
52316.85,3712.09,3946.98,12610.65,6829.98,25217.16,Tata Neu Infinity Credit Card,Diners Club Black
32795.49,9980.82,931.82,1799.26,8131.83,11951.75,Tata Neu Infinity Credit Card,BPCL Octane Credit Card
40669.69,1661.72,9170.68,11614.88,13638.12,4584.3,Cashback Credit Card,BPCL Octane Credit Card
11065.52,2773.99,947.84,861.4,2401.85,4080.43,Tata Neu Infinity Credit Card,BPCL Octane Credit Card
14364.88,3284.85,4560.22,720.63,478.58,5320.61,Tata Neu Infinity Credit Card,BPCL Octane Credit Card
47829.35,1063.99,14018.95,1149.06,7540.91,24056.45,Tata Neu Infinity Credit Card,Millennia Credit Card
45204.13,11389.22,1983.93,13308.63,13750.46,4771.87,Tata Neu Infinity Credit Card,Millennia Credit Card
42487.48,16712.19,7466.28,6788.81,3593.18,7927.02,Tata Neu Infinity Credit Card,Millennia Credit Card
26527.07,5737.19,6013.83,5412.53,5980.77,3382.74,Tata Neu Infinity Credit Card,Cashback Credit Card
29849.66,1925.21,8701.23,7947.21,8702.42,2573.58,Cashback Credit Card,Tata Neu Infinity Credit Card
42509.24,8567.54,8729.21,11164.61,7444.65,6603.25,Tata Neu Infinity Credit Card,Diners Club Black
54554.89,6960.34,28242.2,3896.28,13936.59,1519.49,Diners Club Black,Cashback Credit Card
10795.6,3510.93,450.83,866.32,1898.07,4069.44,Tata Neu Infinity Credit Card,Tata Neu Infinity Credit Card
14847.64,5832.11,2540.71,997.9,5234.6,242.31,Tata Neu Infinity Credit Card,Cashback Credit Card
39406.13,13769.78,224.16,12918.65,11791.5,702.04,Tata Neu Infinity Credit Card,Tata Neu Infinity Credit Card
43751.93,10630.39,14696.37,11016.25,1175.31,6233.62,Tata Neu Infinity Credit Card,Diners Club Black
15418.06,4044.25,260.19,2781.4,3300.58,5031.65,Tata Neu Infinity Credit Card,Millennia Credit Card
35253.02,5703.51,12519.54,1217.66,3620.99,12191.32,Tata Neu Infinity Credit Card,Cashback Credit Card
49084.29,3484.22,13225.11,8017.38,14380.94,9976.64,Cashback Credit Card,Millennia Credit Card
39857.55,2253.03,7982.43,3771.33,9925.06,15925.71,Tata Neu Infinity Credit Card,Millennia Credit Card
38511.33,10582.34,8055.47,7623.65,9523.74,2726.12,Tata Neu Infinity Credit Card,Diners Club Black
35588.5,10015.03,4220.37,11234.07,3924.02,6195.01,Tata Neu Infinity Credit Card,Diners Club Black
21622.81,2053.18,2497.69,11187.03,782.43,5102.47,BPCL Octane Credit Card,Tata Neu Infinity Credit Card
11227.27,1432.02,1932.79,5435.38,998.83,1428.25,BPCL Octane Credit Card,Millennia Credit Card
42565.98,8808.57,4113.74,6328.36,12858.87,10456.44,Tata Neu Infinity Credit Card,Tata Neu Infinity Credit Card
39190.59,3993.5,6501.7,7958.04,10370.93,10366.43,Tata Neu Infinity Credit Card,Tata Neu Infinity Credit Card
58894.83,18262.03,4306.64,4085.07,15308.94,16932.16,Tata Neu Infinity Credit Card,Millennia Credit Card
33459.37,998.66,9113.26,10600.01,7517.74,5229.7,BPCL Octane Credit Card,BPCL Octane Credit Card
49844.77,13438.92,3850.46,12243.38,12192.19,8119.81,Tata Neu Infinity Credit Card,Diners Club Black
46833.39,2037.12,17941.83,3185.45,6480.83,17188.15,Tata Neu Infinity Credit Card,BPCL Octane Credit Card
19644.66,3816.14,6747.15,452.64,6971.16,1657.57,Cashback Credit Card,Millennia Credit Card
25994.24,5698.04,8385.88,3388.78,8375.69,145.86,Cashback Credit Card,Cashback Credit Card
29497.28,5769.7,4896.45,5687.61,6665.26,6478.26,Tata Neu Infinity Credit Card,BPCL Octane Credit Card
50150.79,5520.24,18437.27,8055.53,1424.37,16713.38,Tata Neu Infinity Credit Card,Tata Neu Infinity Credit Card
56539.92,17189.09,16888.37,12376.9,5452.44,4633.13,Tata Neu Infinity Credit Card,Millennia Credit Card
28168.96,1792.06,842.05,9472.58,8402.41,7659.86,Tata Neu Infinity Credit Card,Diners Club Black
28186.25,7569.8,7065.98,7286.68,5888.97,374.83,Tata Neu Infinity Credit Card,BPCL Octane Credit Card
56656.33,15147.26,289.68,17775.28,17389.05,6055.06,Tata Neu Infinity Credit Card,Diners Club Black
27028.66,1306.06,5234.44,6456.5,5982.96,8048.71,Tata Neu Infinity Credit Card,Cashback Credit Card
20547.83,4039.44,4985.88,3986.76,462.42,7073.33,Tata Neu Infinity Credit Card,Millennia Credit Card
9363.25,3124.24,1106.2,2424.97,1790.52,917.33,Tata Neu Infinity Credit Card,BPCL Octane Credit Card
39728.13,2277.2,5570.03,11546.7,10724.3,9609.89,Tata Neu Infinity Credit Card,Millennia Credit Card
8978.16,2594.18,2092.15,1660.16,76.62,2555.06,Tata Neu Infinity Credit Card,Millennia Credit Card
44622.48,7526.11,4719.15,15469.74,1091.36,15816.12,Tata Neu Infinity Credit Card,Millennia Credit Card
47469.07,11150.59,11506.26,5052.19,9541.06,10218.97,Tata Neu Infinity Credit Card,BPCL Octane Credit Card
13926.44,1983.86,3128.72,3147.99,491.06,5174.81,Tata Neu Infinity Credit Card,Tata Neu Infinity Credit Card
29827.69,1160.55,6860.8,2870.22,9534.55,9401.56,Tata Neu Infinity Credit Card,BPCL Octane Credit Card
36803.85,11185.68,1934.03,10742.6,5426.2,7515.33,Tata Neu Infinity Credit Card,Cashback Credit Card
17583.11,3828.35,3558.67,3734.69,4975.28,1486.13,Tata Neu Infinity Credit Card,Diners Club Black
11688.54,2846.49,628.16,4213.16,2294.27,1706.46,Tata Neu Infinity Credit Card,BPCL Octane Credit Card
56220.75,8173.89,22994.39,3394.55,1495.15,20162.78,Tata Neu Infinity Credit Card,Diners Club Black
56050.75,13760.52,10519.03,11139.16,16043.34,4588.71,Tata Neu Infinity Credit Card,Tata Neu Infinity Credit Card
28926.42,4978.03,6902.39,4880.25,4871.36,7294.39,Tata Neu Infinity Credit Card,Cashback Credit Card
8669.69,3118.92,1947.19,1184.32,2172.66,246.61,Tata Neu Infinity Credit Card,Millennia Credit Card
40209.67,8494.67,8466.4,5068.56,2931.19,15248.86,Tata Neu Infinity Credit Card,Tata Neu Infinity Credit Card
54840.54,12122.64,20792.68,4177.89,15058.28,2689.05,Cashback Credit Card,Millennia Credit Card
53256.27,3051.4,16036.9,13828.35,17307.58,3032.05,Cashback Credit Card,Tata Neu Infinity Credit Card
53527.3,17800.96,5253.8,9899.63,17984.29,2588.63,Tata Neu Infinity Credit Card,Millennia Credit Card
10336.81,1184.4,1123.69,3121.39,2667.65,2239.69,Tata Neu Infinity Credit Card,Cashback Credit Card
15334.87,1892.2,3656.62,4198.56,3091.1,2496.39,Tata Neu Infinity Credit Card,Cashback Credit Card
45590.37,9996.1,17553.7,5898.25,10178.3,1964.03,Tata Neu Infinity Credit Card,Cashback Credit Card
9867.62,1274.12,2679.56,240.95,3093.64,2579.35,Tata Neu Infinity Credit Card,Millennia Credit Card
8306.4,1207.42,2040.81,2109.8,1930.23,1018.15,Tata Neu Infinity Credit Card,Diners Club Black
14927.18,3064.7,3199.95,3521.84,1846.94,3293.75,Tata Neu Infinity Credit Card,Tata Neu Infinity Credit Card
28305.79,8777.16,6015.62,4614.58,4692.28,4206.14,Tata Neu Infinity Credit Card,Cashback Credit Card
58897.79,13089.29,26109.66,14107.75,507.98,5083.12,Tata Neu Infinity Credit Card,Diners Club Black
59925.97,7161.2,4113.86,31314.4,5082.58,12253.92,BPCL Octane Credit Card,Diners Club Black
42380.61,11831.14,13768.73,4281.83,10173.45,2325.47,Tata Neu Infinity Credit Card,Cashback Credit Card
56388.63,7908.37,2232.88,13097.29,22230.01,10920.08,Cashback Credit Card,Tata Neu Infinity Credit Card
45802.09,2098.13,18645.73,11392.9,12457.18,1208.16,Cashback Credit Card,Millennia Credit Card
12537.05,3292.68,1354.6,4023.96,2901.85,963.96,Tata Neu Infinity Credit Card,Cashback Credit Card
45852.4,8824.08,9996.38,9637.25,10186.45,7208.23,Tata Neu Infinity Credit Card,BPCL Octane Credit Card
10197.15,540.38,3148.81,433.33,3638.06,2436.57,Cashback Credit Card,Millennia Credit Card
33691.24,3126.47,1826.58,12135.65,11296.4,5306.14,Cashback Credit Card,Millennia Credit Card
53211.71,7312.56,8209.5,16260.07,1219.07,20210.51,Tata Neu Infinity Credit Card,BPCL Octane Credit Card
11396.21,3712.3,4947.33,609.67,141.34,1985.57,Tata Neu Infinity Credit Card,Cashback Credit Card
40407.18,2258.37,9661.67,11404.99,12729.23,4352.92,Cashback Credit Card,BPCL Octane Credit Card
9823.46,1291.14,2556.06,534.5,2747.75,2694.0,Tata Neu Infinity Credit Card,BPCL Octane Credit Card
24203.04,6415.18,2504.93,7628.53,7176.65,477.74,Cashback Credit Card,Emerald Private Metal
49908.57,4098.56,20851.34,20887.82,2910.92,1159.92,BPCL Octane Credit Card,BPCL Octane Credit Card
29052.57,9369.96,7988.32,263.27,3918.87,7512.15,Tata Neu Infinity Credit Card,Millennia Credit Card
32678.46,8381.31,2654.73,9338.92,9252.4,3051.08,Tata Neu Infinity Credit Card,Diners Club Black
26897.22,2884.02,6904.79,3078.1,6680.81,7349.49,Tata Neu Infinity Credit Card,Millennia Credit Card
22775.03,5341.53,6439.07,7100.03,3645.99,248.42,Tata Neu Infinity Credit Card,Cashback Credit Card
41864.8,12051.54,12404.45,4522.98,2910.95,9974.88,Tata Neu Infinity Credit Card,Millennia Credit Card
22016.5,5692.25,1391.19,7408.76,2352.64,5171.66,Tata Neu Infinity Credit Card,Cashback Credit Card
57540.4,21220.12,799.79,9573.6,18512.97,7433.93,Tata Neu Infinity Credit Card,Cashback Credit Card
35508.66,10945.38,1430.39,8869.0,5326.18,8937.71,Tata Neu Infinity Credit Card,Tata Neu Infinity Credit Card
49222.03,14815.02,4319.19,11629.91,15742.58,2715.34,Tata Neu Infinity Credit Card,Cashback Credit Card
46676.78,11487.43,11311.89,6414.61,16664.16,798.7,Cashback Credit Card,BPCL Octane Credit Card
33535.92,15645.69,6504.95,7341.24,2855.85,1188.18,Tata Neu Infinity Credit Card,BPCL Octane Credit Card
19695.07,163.41,480.62,6733.18,11249.51,1068.35,Cashback Credit Card,BPCL Octane Credit Card
49211.42,12915.55,2983.25,17222.82,11625.81,4463.99,Tata Neu Infinity Credit Card,Tata Neu Infinity Credit Card
38262.48,13581.05,3325.52,7894.61,9173.39,4287.92,Tata Neu Infinity Credit Card,BPCL Octane Credit Card
45549.36,7737.15,12571.27,4997.4,3284.14,16959.39,Tata Neu Infinity Credit Card,Millennia Credit Card
50675.64,2596.55,2461.62,22755.65,14039.05,8822.76,BPCL Octane Credit Card,BPCL Octane Credit Card
16073.03,3744.15,122.07,5271.06,2630.34,4305.41,Tata Neu Infinity Credit Card,BPCL Octane Credit Card
17216.24,3140.4,5097.1,475.47,3918.9,4584.38,Tata Neu Infinity Credit Card,Millennia Credit Card
36770.86,6135.66,2927.21,4944.44,20192.42,2571.13,Cashback Credit Card,Diners Club Black
54710.24,6767.16,5968.54,8492.1,13684.15,19798.28,Tata Neu Infinity Credit Card,Millennia Credit Card
54427.77,4100.18,24043.77,4138.3,8978.55,13166.98,Tata Neu Infinity Credit Card,Tata Neu Infinity Credit Card
38905.68,3804.6,13675.66,9521.2,7164.84,4739.38,Tata Neu Infinity Credit Card,Tata Neu Infinity Credit Card
40407.76,8127.03,11161.94,16265.38,2795.69,2057.72,BPCL Octane Credit Card,Tata Neu Infinity Credit Card
8762.71,2434.88,2993.82,898.57,1413.83,1021.62,Tata Neu Infinity Credit Card,Cashback Credit Card
53087.45,10299.96,13338.34,26432.67,561.69,2454.79,BPCL Octane Credit Card,Tata Neu Infinity Credit Card
27931.67,7361.97,7509.36,933.17,4815.68,7311.48,Tata Neu Infinity Credit Card,Diners Club Black
15738.99,2287.41,3532.2,1591.18,2013.8,6314.38,Tata Neu Infinity Credit Card,BPCL Octane Credit Card
37624.53,4977.56,10467.54,5853.2,10505.19,5821.04,Tata Neu Infinity Credit Card,Millennia Credit Card
17736.34,5960.71,936.55,4036.1,708.82,6094.16,Tata Neu Infinity Credit Card,Cashback Credit Card
58981.06,6345.04,14827.4,46.61,13542.52,24219.5,Tata Neu Infinity Credit Card,Cashback Credit Card
50129.54,10513.59,13464.8,6268.13,12553.07,7329.93,Tata Neu Infinity Credit Card,Cashback Credit Card
48576.74,8575.55,3919.9,12796.83,12849.48,10434.98,Tata Neu Infinity Credit Card,BPCL Octane Credit Card
55859.67,1008.33,6858.42,18619.0,11665.65,17708.27,Tata Neu Infinity Credit Card,Millennia Credit Card
27257.45,10570.1,4626.51,4267.0,1711.83,6082.01,Tata Neu Infinity Credit Card,Cashback Credit Card
26408.5,10574.27,8247.5,5197.66,1758.47,630.61,Tata Neu Infinity Credit Card,Cashback Credit Card
38233.65,8782.04,4929.25,10636.91,6240.68,7644.77,Tata Neu Infinity Credit Card,Cashback Credit Card
25715.29,6541.46,7871.41,4178.0,464.21,6660.21,Tata Neu Infinity Credit Card,Millennia Credit Card
58102.87,4340.47,30429.62,8888.0,570.41,13874.37,Tata Neu Infinity Credit Card,Diners Club Black
49639.79,6729.14,7798.91,24338.11,5835.84,4937.79,BPCL Octane Credit Card,Cashback Credit Card
55363.61,17545.26,11716.81,12109.16,289.34,13703.05,Tata Neu Infinity Credit Card,Cashback Credit Card
46829.93,675.94,9354.33,14558.14,15000.4,7241.1,Cashback Credit Card,Cashback Credit Card
20075.88,5476.89,724.68,1226.34,4660.04,7987.92,Tata Neu Infinity Credit Card,Tata Neu Infinity Credit Card
31432.84,10419.11,10645.38,1481.74,997.49,7889.12,Tata Neu Infinity Credit Card,Cashback Credit Card
59475.78,3335.02,25287.74,5716.64,23525.09,1611.29,Cashback Credit Card,Cashback Credit Card
47051.31,15922.15,8674.91,2177.21,14913.6,5363.44,Tata Neu Infinity Credit Card,Diners Club Black
13670.66,4432.93,846.82,4271.6,3192.34,926.97,Tata Neu Infinity Credit Card,Cashback Credit Card
36663.29,6505.82,12072.32,8650.17,4494.8,4940.17,Tata Neu Infinity Credit Card,Tata Neu Infinity Credit Card
43989.41,10379.67,8002.17,7634.71,10923.35,7049.51,Tata Neu Infinity Credit Card,BPCL Octane Credit Card
33888.93,9006.29,1605.01,9137.54,5646.49,8493.59,Tata Neu Infinity Credit Card,BPCL Octane Credit Card
59950.02,10140.94,14230.43,10797.85,15741.51,9039.29,Tata Neu Infinity Credit Card,Diners Club Black
50226.07,666.66,11382.86,15047.16,8112.01,15017.38,Tata Neu Infinity Credit Card,BPCL Octane Credit Card
50927.32,13204.78,4397.37,21612.75,3592.72,8119.7,Tata Neu Infinity Credit Card,Tata Neu Infinity Credit Card
20157.56,8912.28,2206.05,5445.56,2034.62,1559.07,Tata Neu Infinity Credit Card,Millennia Credit Card
45197.68,11409.86,14043.9,6545.84,8991.86,4206.22,Tata Neu Infinity Credit Card,Millennia Credit Card
35777.75,12836.59,2860.67,5874.8,830.8,13374.89,Tata Neu Infinity Credit Card,Cashback Credit Card
29385.49,7156.93,6241.32,4169.73,1203.36,10614.14,Tata Neu Infinity Credit Card,Cashback Credit Card
10983.28,424.48,3614.54,2610.52,1204.39,3129.35,Tata Neu Infinity Credit Card,Tata Neu Infinity Credit Card
51145.82,18522.34,3761.03,5361.72,3537.69,19963.05,Tata Neu Infinity Credit Card,Cashback Credit Card
31338.2,8249.16,5679.74,5250.8,5391.49,6767.01,Tata Neu Infinity Credit Card,Diners Club Black
55995.68,11680.77,974.35,19580.55,5067.81,18692.2,Tata Neu Infinity Credit Card,Cashback Credit Card
29217.74,4262.2,11424.65,4350.3,6119.74,3060.84,Tata Neu Infinity Credit Card,Tata Neu Infinity Credit Card
34204.49,11491.51,3531.19,3349.57,7867.73,7964.49,Tata Neu Infinity Credit Card,Diners Club Black
31669.3,5365.54,11321.33,3446.92,9603.1,1932.41,Cashback Credit Card,BPCL Octane Credit Card
18280.05,4937.3,1626.49,7064.79,3488.74,1162.73,Tata Neu Infinity Credit Card,Millennia Credit Card
58305.25,5955.78,16357.9,9602.38,15575.75,10813.44,Tata Neu Infinity Credit Card,BPCL Octane Credit Card
15263.31,7307.06,4019.12,49.95,2650.26,1236.93,Tata Neu Infinity Credit Card,BPCL Octane Credit Card
35900.35,9929.61,5948.74,5452.6,7757.33,6812.08,Tata Neu Infinity Credit Card,BPCL Octane Credit Card
48877.29,1724.47,9120.0,12327.22,8872.6,16833.0,Tata Neu Infinity Credit Card,BPCL Octane Credit Card
34236.3,14631.23,2192.18,14019.46,2883.99,509.44,Tata Neu Infinity Credit Card,Cashback Credit Card
42446.07,10964.58,7779.46,13433.02,3472.75,6796.27,Tata Neu Infinity Credit Card,Cashback Credit Card
12321.28,3907.68,1654.43,1308.58,3744.32,1706.27,Tata Neu Infinity Credit Card,Cashback Credit Card
24831.09,2433.78,8063.72,4266.75,8223.74,1843.1,Cashback Credit Card,Cashback Credit Card
40670.7,9552.88,8119.15,3603.98,9342.76,10051.93,Tata Neu Infinity Credit Card,Diners Club Black
32176.98,7416.11,7948.97,6729.16,5159.43,4923.32,Tata Neu Infinity Credit Card,Diners Club Black
52089.47,13160.69,5045.91,4261.12,13560.53,16061.23,Tata Neu Infinity Credit Card,Millennia Credit Card
22019.02,785.68,6843.84,2573.95,6664.66,5150.89,Cashback Credit Card,Millennia Credit Card
41838.84,5777.51,5501.1,9498.72,9869.11,11192.39,Tata Neu Infinity Credit Card,BPCL Octane Credit Card
15423.23,5471.01,1735.59,3596.16,1229.86,3390.61,Tata Neu Infinity Credit Card,BPCL Octane Credit Card
24881.93,6335.52,3988.97,6148.84,2029.87,6378.74,Tata Neu Infinity Credit Card,Cashback Credit Card
10710.32,68.46,4738.82,2204.61,3005.63,692.8,Diners Club Black,Cashback Credit Card
11862.76,2886.31,2841.0,2084.33,1913.95,2137.17,Tata Neu Infinity Credit Card,Cashback Credit Card
40853.15,4543.05,6800.91,9992.32,8034.76,11482.11,Tata Neu Infinity Credit Card,Tata Neu Infinity Credit Card
15637.84,1798.05,4377.0,3595.75,2595.44,3271.6,Tata Neu Infinity Credit Card,BPCL Octane Credit Card
40787.82,331.79,4998.03,11897.37,14956.04,8604.59,Cashback Credit Card,BPCL Octane Credit Card
16793.69,6033.65,2160.36,4822.87,1647.2,2129.61,Tata Neu Infinity Credit Card,Diners Club Black
12246.22,4978.66,489.64,4532.22,789.96,1455.75,Tata Neu Infinity Credit Card,BPCL Octane Credit Card
18304.58,391.34,6414.95,1422.96,8087.16,1988.18,Cashback Credit Card,Tata Neu Infinity Credit Card
37299.32,8756.32,3867.91,8264.44,8116.43,8294.22,Tata Neu Infinity Credit Card,BPCL Octane Credit Card
16120.37,1900.11,158.97,3949.09,5088.24,5023.95,Tata Neu Infinity Credit Card,BPCL Octane Credit Card
30129.2,6661.73,8018.62,1823.11,3563.25,10062.49,Tata Neu Infinity Credit Card,Diners Club Black
59450.31,12101.88,13874.51,13760.02,12601.71,7112.19,Tata Neu Infinity Credit Card,BPCL Octane Credit Card
22814.67,6625.99,6055.64,3434.09,3059.74,3639.2,Tata Neu Infinity Credit Card,Cashback Credit Card
42623.4,15436.01,1847.88,11729.14,5079.44,8530.93,Tata Neu Infinity Credit Card,Diners Club Black
17017.12,3044.91,3043.1,2823.17,4366.84,3739.1,Tata Neu Infinity Credit Card,BPCL Octane Credit Card
25439.78,36.8,7009.44,5371.68,5986.95,7034.91,Tata Neu Infinity Credit Card,Diners Club Black
50443.12,1069.29,18751.4,17990.91,10983.82,1647.7,BPCL Octane Credit Card,BPCL Octane Credit Card
24953.07,2721.97,6169.23,2210.7,8362.92,5488.26,Cashback Credit Card,BPCL Octane Credit Card
10545.91,796.94,5081.47,1920.93,1532.77,1213.81,Diners Club Black,BPCL Octane Credit Card
20713.23,3407.68,2102.48,8113.5,6986.07,103.5,Cashback Credit Card,Diners Club Black
21062.42,4823.72,3738.88,2738.85,5130.29,4630.69,Tata Neu Infinity Credit Card,Cashback Credit Card
50990.9,15930.53,12214.58,5444.91,3466.77,13934.11,Tata Neu Infinity Credit Card,Tata Neu Infinity Credit Card
27775.28,7123.66,6063.64,4594.12,5151.15,4842.7,Tata Neu Infinity Credit Card,Diners Club Black
48640.64,14195.48,8687.5,3548.95,14840.4,7368.3,Tata Neu Infinity Credit Card,Tata Neu Infinity Credit Card
31665.64,3613.89,4090.09,4332.94,9508.3,10120.43,Tata Neu Infinity Credit Card,Tata Neu Infinity Credit Card
42281.24,11669.3,2601.73,10762.35,8823.11,8424.75,Tata Neu Infinity Credit Card,BPCL Octane Credit Card
9618.98,3917.12,795.94,702.6,1818.32,2385.0,Tata Neu Infinity Credit Card,Cashback Credit Card
34438.7,10241.65,5586.4,9522.04,581.03,8507.59,Tata Neu Infinity Credit Card,Millennia Credit Card
18176.97,4679.55,899.87,6242.22,5086.57,1268.75,Tata Neu Infinity Credit Card,Diners Club Black
46035.78,18839.61,3892.86,2617.43,6005.02,14680.86,Tata Neu Infinity Credit Card,BPCL Octane Credit Card
25630.4,3894.63,885.16,3090.34,8400.49,9359.78,Tata Neu Infinity Credit Card,BPCL Octane Credit Card
50677.86,757.98,7609.58,22210.94,5513.39,14585.98,BPCL Octane Credit Card,Cashback Credit Card
34101.39,4637.84,8669.35,11409.27,7864.8,1520.13,Cashback Credit Card,Cashback Credit Card
17469.5,3705.12,485.07,5045.68,3884.59,4349.05,Tata Neu Infinity Credit Card,BPCL Octane Credit Card
12038.12,2195.34,2600.99,780.83,3095.57,3365.39,Tata Neu Infinity Credit Card,Cashback Credit Card
54078.27,8541.63,13905.31,8085.3,13534.85,10011.19,Tata Neu Infinity Credit Card,Millennia Credit Card
39932.55,1959.05,3909.13,9844.95,13429.31,10790.1,Cashback Credit Card,Diners Club Black
58657.99,1208.85,18648.68,11693.51,18518.01,8588.94,Cashback Credit Card,Cashback Credit Card
47855.97,20395.56,1323.28,18415.24,2915.47,4806.42,Tata Neu Infinity Credit Card,Millennia Credit Card
17401.65,2712.6,6860.44,1311.82,5419.25,1097.54,Cashback Credit Card,Millennia Credit Card
36091.36,9880.24,10128.45,277.77,12198.21,3606.7,Tata Neu Infinity Credit Card,Diners Club Black
46145.35,11352.67,11090.49,3216.04,11887.3,8598.85,Tata Neu Infinity Credit Card,BPCL Octane Credit Card
39155.83,14104.4,338.47,11471.0,13174.08,67.88,Tata Neu Infinity Credit Card,BPCL Octane Credit Card
33539.15,4563.72,6982.27,4877.2,8807.57,8308.38,Tata Neu Infinity Credit Card,Diners Club Black
39287.47,10380.95,7405.7,10638.58,6468.87,4393.38,Tata Neu Infinity Credit Card,Tata Neu Infinity Credit Card
59794.37,10257.25,1307.98,20973.8,16286.31,10969.03,Tata Neu Infinity Credit Card,BPCL Octane Credit Card
17729.68,8521.14,5163.63,638.13,817.94,2588.85,Tata Neu Infinity Credit Card,Millennia Credit Card
59312.19,2874.88,24500.44,10748.48,8494.57,12693.83,Tata Neu Infinity Credit Card,Diners Club Black
39522.85,9130.12,1074.02,4748.68,19219.05,5350.97,Cashback Credit Card,Diners Club Black
45713.76,15987.72,16340.09,1973.9,1322.88,10089.17,Tata Neu Infinity Credit Card,Cashback Credit Card
21559.97,2860.63,2280.57,1296.47,7646.78,7475.53,Tata Neu Infinity Credit Card,Millennia Credit Card
14930.74,2631.26,2594.59,1066.56,182.7,8455.62,Tata Neu Infinity Credit Card,Tata Neu Infinity Credit Card
37715.75,971.49,7517.64,14852.05,13959.99,414.59,BPCL Octane Credit Card,Tata Neu Infinity Credit Card
17546.88,4564.33,3930.16,4002.29,4868.13,181.97,Cashback Credit Card,Millennia Credit Card
31163.21,6560.67,8299.85,2377.01,4519.83,9405.84,Tata Neu Infinity Credit Card,Cashback Credit Card
40855.0,2635.78,7609.04,22709.39,6301.02,1599.76,BPCL Octane Credit Card,Tata Neu Infinity Credit Card
50923.99,13716.98,11523.73,20625.96,1512.22,3545.1,Tata Neu Infinity Credit Card,Millennia Credit Card
45545.59,11728.64,732.35,3443.86,16165.36,13475.38,Tata Neu Infinity Credit Card,BPCL Octane Credit Card
13126.94,3748.88,3867.23,1049.23,3206.32,1255.28,Tata Neu Infinity Credit Card,Millennia Credit Card
52500.42,3773.86,12534.15,11384.42,11721.01,13086.97,Tata Neu Infinity Credit Card,Diners Club Black
13689.83,2727.83,2276.79,2837.97,3497.9,2349.33,Tata Neu Infinity Credit Card,Tata Neu Infinity Credit Card
49314.82,12045.87,12258.2,9630.1,3914.55,11466.1,Tata Neu Infinity Credit Card,BPCL Octane Credit Card
33147.47,4952.56,5098.27,9405.77,5978.57,7712.3,Tata Neu Infinity Credit Card,BPCL Octane Credit Card
40486.47,8423.33,6839.39,13938.97,9978.7,1306.09,Cashback Credit Card,Diners Club Black
28712.06,7182.63,1971.36,9208.78,3669.95,6679.35,Tata Neu Infinity Credit Card,Millennia Credit Card
49731.59,7835.64,10410.49,16316.54,6989.09,8179.84,Tata Neu Infinity Credit Card,Cashback Credit Card
38601.16,5750.56,16026.09,12293.27,593.64,3937.59,Tata Neu Infinity Credit Card,Cashback Credit Card
54369.98,7133.43,6104.17,8686.57,10344.52,22101.29,Tata Neu Infinity Credit Card,Millennia Credit Card
31653.33,8947.88,3847.09,6985.24,2236.82,9636.3,Tata Neu Infinity Credit Card,Tata Neu Infinity Credit Card
58133.45,10004.47,11873.62,1034.26,12317.52,22903.58,Tata Neu Infinity Credit Card,Diners Club Black
21740.81,506.18,5132.04,6352.9,5015.77,4733.91,Tata Neu Infinity Credit Card,BPCL Octane Credit Card
31167.41,6804.77,7713.95,5793.22,2298.54,8556.93,Tata Neu Infinity Credit Card,Cashback Credit Card
9865.95,2429.09,1707.05,750.73,3198.28,1780.8,Tata Neu Infinity Credit Card,Tata Neu Infinity Credit Card
28810.65,4179.4,6351.88,4632.51,6346.17,7300.68,Tata Neu Infinity Credit Card,Cashback Credit Card
10767.75,2901.68,1552.07,1622.91,3217.21,1473.88,Tata Neu Infinity Credit Card,BPCL Octane Credit Card
18080.14,7222.03,6041.59,180.32,2016.55,2619.66,Tata Neu Infinity Credit Card,Tata Neu Infinity Credit Card
56886.87,16818.99,3046.43,16538.26,3688.39,16794.81,Tata Neu Infinity Credit Card,Cashback Credit Card
49861.91,8754.13,1632.83,15293.97,2435.45,21745.53,Tata Neu Infinity Credit Card,BPCL Octane Credit Card
42151.48,6377.63,7189.72,4082.95,10343.78,14157.42,Tata Neu Infinity Credit Card,Cashback Credit Card
37900.37,9536.72,4079.99,11644.86,11127.61,1511.2,Cashback Credit Card,Tata Neu Infinity Credit Card
57005.96,10912.47,6794.05,23678.01,8535.45,7085.98,Tata Neu Infinity Credit Card,BPCL Octane Credit Card
54748.88,19855.85,987.34,9333.02,4118.92,20453.74,Tata Neu Infinity Credit Card,Cashback Credit Card
36048.82,3434.01,8663.37,10312.83,13036.14,602.46,Cashback Credit Card,Cashback Credit Card
46372.57,11104.55,17240.87,4773.41,11917.7,1336.04,Tata Neu Infinity Credit Card,Tata Neu Infinity Credit Card
11524.96,2632.94,1198.0,1075.64,4693.03,1925.35,Cashback Credit Card,Diners Club Black
12178.5,4353.56,3006.6,831.5,1311.43,2675.41,Tata Neu Infinity Credit Card,Cashback Credit Card
19971.15,4773.87,4577.15,5407.78,2894.84,2317.52,Tata Neu Infinity Credit Card,Tata Neu Infinity Credit Card
19562.04,5889.14,5444.18,4514.54,8.19,3705.99,Tata Neu Infinity Credit Card,Millennia Credit Card
17690.34,27.4,1886.95,1357.0,8287.46,6131.53,Cashback Credit Card,Diners Club Black
35250.12,4511.78,7507.84,7190.24,7391.94,8648.32,Tata Neu Infinity Credit Card,Cashback Credit Card
31000.27,9688.29,5526.6,9479.65,2865.64,3440.09,Tata Neu Infinity Credit Card,Tata Neu Infinity Credit Card
16415.84,2276.13,5553.6,1328.33,4719.94,2537.84,Tata Neu Infinity Credit Card,Millennia Credit Card
8985.17,1456.3,347.43,2574.54,1573.58,3033.33,Tata Neu Infinity Credit Card,BPCL Octane Credit Card
53782.64,20861.2,16445.26,1131.68,13240.76,2103.74,Tata Neu Infinity Credit Card,Cashback Credit Card
57854.5,15926.29,16278.06,1940.9,19921.93,3787.32,Cashback Credit Card,Diners Club Black
26302.94,6599.2,2338.94,5913.86,5910.87,5540.08,Tata Neu Infinity Credit Card,BPCL Octane Credit Card
13881.15,738.41,4232.66,1528.09,6776.39,605.61,Cashback Credit Card,Cashback Credit Card
52953.21,17688.43,16389.89,10241.36,4280.42,4353.11,Tata Neu Infinity Credit Card,Diners Club Black
36442.15,7493.33,1599.99,8015.98,9710.9,9621.96,Tata Neu Infinity Credit Card,Tata Neu Infinity Credit Card
12463.15,2781.03,1711.51,1996.81,497.77,5476.03,Tata Neu Infinity Credit Card,Tata Neu Infinity Credit Card
48682.67,11266.4,13835.53,8285.38,4492.73,10802.63,Tata Neu Infinity Credit Card,Tata Neu Infinity Credit Card
50656.86,11165.04,4430.11,2316.42,23691.46,9053.84,Cashback Credit Card,Diners Club Black
49096.57,10983.12,8112.46,12574.76,8040.23,9385.99,Tata Neu Infinity Credit Card,Diners Club Black
14424.51,5230.99,2451.38,183.5,13.41,6545.23,Tata Neu Infinity Credit Card,Cashback Credit Card
48307.34,19379.9,16427.78,2623.88,8699.07,1176.71,Tata Neu Infinity Credit Card,Diners Club Black
16338.66,5146.75,3921.09,1735.93,5353.27,181.62,Cashback Credit Card,Tata Neu Infinity Credit Card
45936.53,9275.57,441.34,25189.06,6447.76,4582.81,BPCL Octane Credit Card,Millennia Credit Card
26788.24,4030.56,3252.89,7895.06,5622.2,5987.52,Tata Neu Infinity Credit Card,Cashback Credit Card
16831.61,683.28,4188.68,2566.27,6987.33,2406.06,Cashback Credit Card,BPCL Octane Credit Card
37604.79,3477.25,2934.13,5894.08,11192.07,14107.26,Tata Neu Infinity Credit Card,Cashback Credit Card
26673.86,5913.18,5877.44,6435.63,2466.37,5981.24,Tata Neu Infinity Credit Card,Tata Neu Infinity Credit Card
25123.42,6397.99,1651.58,8901.99,4362.3,3809.56,Tata Neu Infinity Credit Card,Cashback Credit Card
44440.34,14940.98,5034.77,15694.06,1103.94,7666.6,Tata Neu Infinity Credit Card,Millennia Credit Card
22970.97,6953.46,5517.9,2361.2,758.5,7379.91,Tata Neu Infinity Credit Card,Millennia Credit Card
58581.98,17644.2,17946.96,14406.76,1166.64,7417.41,Tata Neu Infinity Credit Card,BPCL Octane Credit Card
34897.72,1537.69,15242.37,3498.52,6949.38,7669.76,Tata Neu Infinity Credit Card,Millennia Credit Card
33101.04,5111.73,9829.43,2266.05,9648.03,6245.8,Tata Neu Infinity Credit Card,Millennia Credit Card
40051.46,9345.02,9705.05,3608.32,10580.67,6812.41,Tata Neu Infinity Credit Card,Cashback Credit Card
54403.41,7031.73,8207.31,14995.86,8933.76,15234.76,Tata Neu Infinity Credit Card,Diners Club Black
39194.79,9970.56,2850.52,17786.53,1875.94,6711.25,Tata Neu Infinity Credit Card,Cashback Credit Card
32637.6,1385.63,7837.82,7331.5,6541.9,9540.74,Tata Neu Infinity Credit Card,Diners Club Black
48897.94,14282.2,13236.43,2916.96,15755.98,2706.37,Tata Neu Infinity Credit Card,BPCL Octane Credit Card
34642.77,9604.07,8884.03,5604.82,6479.54,4070.31,Tata Neu Infinity Credit Card,Millennia Credit Card
55870.54,7894.8,18503.02,8371.19,13460.66,7640.86,Tata Neu Infinity Credit Card,Tata Neu Infinity Credit Card
31088.55,1079.53,13048.87,288.58,6972.94,9698.63,Tata Neu Infinity Credit Card,Millennia Credit Card
42623.37,6118.64,9666.53,9179.47,6619.05,11039.68,Tata Neu Infinity Credit Card,BPCL Octane Credit Card
14941.05,3009.23,3458.89,2261.63,2401.4,3809.9,Tata Neu Infinity Credit Card,Diners Club Black
35004.39,9214.5,8214.64,4048.91,5299.19,8227.14,Tata Neu Infinity Credit Card,Cashback Credit Card
33675.94,12475.81,10016.97,8875.84,74.71,2232.6,Tata Neu Infinity Credit Card,Tata Neu Infinity Credit Card
29837.76,1877.5,244.39,7998.96,12558.88,7158.02,Cashback Credit Card,Millennia Credit Card
11965.53,2330.53,1738.49,2115.37,2286.47,3494.67,Tata Neu Infinity Credit Card,BPCL Octane Credit Card
41348.42,11628.93,11281.82,10439.22,2732.81,5265.64,Tata Neu Infinity Credit Card,Tata Neu Infinity Credit Card
41241.94,3543.54,10481.22,9312.38,10841.93,7062.86,Cashback Credit Card,BPCL Octane Credit Card
57388.52,15736.3,12626.71,7291.65,9477.17,12256.69,Tata Neu Infinity Credit Card,Cashback Credit Card
15644.57,2794.92,5417.31,2156.79,3277.92,1997.63,Tata Neu Infinity Credit Card,Diners Club Black
36375.54,5881.81,7911.46,6904.56,7523.6,8154.1,Tata Neu Infinity Credit Card,Diners Club Black
8772.37,783.81,1680.67,1106.74,1893.58,3307.57,Tata Neu Infinity Credit Card,Cashback Credit Card
18257.92,4603.84,1290.85,4820.01,6502.07,1041.15,Cashback Credit Card,Diners Club Black
13394.12,3594.07,4203.54,3637.77,624.94,1333.8,Tata Neu Infinity Credit Card,BPCL Octane Credit Card
58413.29,6099.64,15576.11,14924.67,12081.04,9731.83,Tata Neu Infinity Credit Card,BPCL Octane Credit Card
24118.24,7151.11,7185.71,2500.0,5493.17,1788.26,Tata Neu Infinity Credit Card,Cashback Credit Card
48501.37,17647.69,14581.66,209.68,14928.25,1134.1,Tata Neu Infinity Credit Card,Tata Neu Infinity Credit Card
38971.26,5149.9,19864.01,9966.51,3422.4,568.43,Diners Club Black,BPCL Octane Credit Card
10583.07,674.57,2788.23,1901.67,1842.56,3376.03,Tata Neu Infinity Credit Card,Millennia Credit Card
42267.93,4395.35,10105.15,2248.5,9144.21,16374.72,Tata Neu Infinity Credit Card,Diners Club Black
55867.9,3261.74,8969.02,19883.62,5011.24,18742.27,Tata Neu Infinity Credit Card,Millennia Credit Card
41864.87,19011.22,8264.72,3058.48,6072.56,5457.88,Tata Neu Infinity Credit Card,Tata Neu Infinity Credit Card
28703.88,4306.09,7749.14,6050.61,1228.13,9369.92,Tata Neu Infinity Credit Card,Tata Neu Infinity Credit Card
52693.39,18343.05,20050.11,7704.65,6467.63,127.95,Tata Neu Infinity Credit Card,BPCL Octane Credit Card
18676.77,4450.36,630.84,5789.8,1807.95,5997.83,Tata Neu Infinity Credit Card,Diners Club Black
26665.21,2311.83,7787.36,7843.12,6797.0,1925.9,Cashback Credit Card,Cashback Credit Card
32771.89,8525.81,6748.41,5773.69,9367.43,2356.55,Tata Neu Infinity Credit Card,Millennia Credit Card
12705.58,2417.47,582.6,3376.05,4340.29,1989.17,Tata Neu Infinity Credit Card,Diners Club Black
8244.46,2205.62,1449.48,2106.07,1947.25,536.05,Tata Neu Infinity Credit Card,Cashback Credit Card
41891.1,12217.91,232.92,53.56,17851.64,11535.08,Tata Neu Infinity Credit Card,Millennia Credit Card
9477.99,1550.96,1959.31,1278.65,2099.05,2590.02,Tata Neu Infinity Credit Card,Cashback Credit Card
59457.08,11584.69,15033.97,19780.23,1542.41,11515.78,Tata Neu Infinity Credit Card,BPCL Octane Credit Card
16508.89,5706.07,5208.86,1092.38,3452.47,1049.11,Tata Neu Infinity Credit Card,BPCL Octane Credit Card
47394.07,9668.26,11476.0,7721.16,9437.2,9091.45,Tata Neu Infinity Credit Card,Diners Club Black
19236.31,5070.38,1708.85,5250.83,5433.65,1772.61,Tata Neu Infinity Credit Card,BPCL Octane Credit Card
57971.3,1774.06,2766.5,28260.26,15133.4,10037.07,BPCL Octane Credit Card,BPCL Octane Credit Card
58300.01,3271.86,28811.02,2646.93,7095.24,16474.96,Tata Neu Infinity Credit Card,Millennia Credit Card
44102.35,2716.19,14750.04,11445.64,8811.64,6378.85,Tata Neu Infinity Credit Card,Tata Neu Infinity Credit Card
10919.86,2194.35,3775.91,1153.54,2716.05,1080.0,Tata Neu Infinity Credit Card,Tata Neu Infinity Credit Card
34124.3,5130.84,5558.91,7848.6,14468.22,1117.73,Cashback Credit Card,Cashback Credit Card
58598.64,10871.65,9492.63,17818.46,1834.5,18581.39,Tata Neu Infinity Credit Card,Tata Neu Infinity Credit Card
26835.37,6177.33,3745.94,7106.2,9231.04,574.86,Cashback Credit Card,Diners Club Black
20209.46,3871.75,1456.57,6004.23,1973.55,6903.36,Tata Neu Infinity Credit Card,Tata Neu Infinity Credit Card
45778.57,919.44,267.24,10512.4,20750.9,13328.59,Cashback Credit Card,Cashback Credit Card
21281.62,5130.05,1373.21,2883.41,7978.29,3916.66,Tata Neu Infinity Credit Card,Millennia Credit Card
34573.75,11748.66,83.33,10382.61,11620.12,739.03,Tata Neu Infinity Credit Card,Cashback Credit Card
11600.83,1020.81,2597.58,2280.93,1267.61,4433.91,Tata Neu Infinity Credit Card,Cashback Credit Card
35590.45,7962.62,1319.0,11749.42,1975.76,12583.65,Tata Neu Infinity Credit Card,Cashback Credit Card
38987.34,5690.56,1514.27,10365.34,8888.71,12528.46,Tata Neu Infinity Credit Card,Tata Neu Infinity Credit Card
39348.14,777.47,12324.51,130.88,14415.6,11699.69,Cashback Credit Card,Tata Neu Infinity Credit Card
8949.32,2593.98,104.42,2518.26,2103.61,1629.05,Tata Neu Infinity Credit Card,Cashback Credit Card
20339.42,647.12,6560.68,6063.1,1692.4,5376.12,Tata Neu Infinity Credit Card,Diners Club Black
27261.1,5198.11,4193.74,7010.72,7634.28,3224.25,Tata Neu Infinity Credit Card,Millennia Credit Card
43835.9,15874.61,3431.22,5636.37,504.24,18389.47,Tata Neu Infinity Credit Card,BPCL Octane Credit Card
11081.25,3282.22,1511.43,2943.88,2573.55,770.16,Tata Neu Infinity Credit Card,Cashback Credit Card
26501.56,4582.26,680.28,14489.89,1455.94,5293.19,BPCL Octane Credit Card,Cashback Credit Card
28793.2,5072.1,3414.36,4181.93,2988.2,13136.61,Tata Neu Infinity Credit Card,Millennia Credit Card
14451.62,4057.19,725.11,4149.12,4194.2,1326.01,Tata Neu Infinity Credit Card,BPCL Octane Credit Card
33172.0,3612.01,11148.9,3710.23,7104.06,7596.8,Tata Neu Infinity Credit Card,Cashback Credit Card
47758.52,5614.04,6532.67,10352.42,10608.38,14651.0,Tata Neu Infinity Credit Card,Cashback Credit Card
45203.53,11929.24,7961.21,5308.46,8660.97,11343.65,Tata Neu Infinity Credit Card,Cashback Credit Card
30398.68,1827.32,4447.36,5349.5,8348.28,10426.24,Tata Neu Infinity Credit Card,Cashback Credit Card
40749.46,14693.62,12339.2,10731.78,1979.03,1005.84,Tata Neu Infinity Credit Card,Diners Club Black
49994.76,14977.22,10433.67,14721.42,4151.29,5711.16,Tata Neu Infinity Credit Card,Diners Club Black
37286.36,9682.73,11837.05,5230.21,8928.1,1608.27,Tata Neu Infinity Credit Card,Tata Neu Infinity Credit Card
54735.95,14484.02,7013.58,12882.21,7320.93,13035.21,Tata Neu Infinity Credit Card,Diners Club Black
16094.15,3991.42,2341.38,3117.27,2691.75,3952.33,Tata Neu Infinity Credit Card,Diners Club Black
10649.78,3246.38,2247.2,2246.12,276.52,2633.56,Tata Neu Infinity Credit Card,Diners Club Black
27535.53,7965.97,6215.12,12467.01,816.19,71.25,BPCL Octane Credit Card,Tata Neu Infinity Credit Card
36852.37,1016.8,5535.9,8374.68,5209.74,16715.24,Tata Neu Infinity Credit Card,Diners Club Black
10843.17,1335.42,1618.65,1734.83,2467.25,3687.02,Tata Neu Infinity Credit Card,BPCL Octane Credit Card
41325.64,10932.34,8546.63,15180.85,4843.69,1822.13,Tata Neu Infinity Credit Card,BPCL Octane Credit Card
57233.74,16748.94,8999.09,11805.85,8269.65,11410.21,Tata Neu Infinity Credit Card,Millennia Credit Card
14141.12,5455.11,2652.94,3707.27,1987.9,337.9,Tata Neu Infinity Credit Card,Cashback Credit Card
41494.93,4359.08,15180.62,3926.37,14264.33,3764.53,Cashback Credit Card,Cashback Credit Card
59868.34,3644.78,5787.82,23178.93,9969.67,17287.15,Tata Neu Infinity Credit Card,Cashback Credit Card
21378.14,5106.55,5670.97,5567.27,4362.23,671.12,Tata Neu Infinity Credit Card,Diners Club Black
47301.15,10231.47,12196.33,3918.3,9651.22,11303.84,Tata Neu Infinity Credit Card,Cashback Credit Card
31430.2,4145.2,4426.29,11817.75,5241.97,5798.99,Tata Neu Infinity Credit Card,Diners Club Black
41918.58,3327.45,9760.36,10448.48,11032.29,7350.01,Cashback Credit Card,Tata Neu Infinity Credit Card
40903.49,12747.43,4532.74,13408.87,4460.41,5754.04,Tata Neu Infinity Credit Card,Millennia Credit Card
14861.51,716.25,2867.29,5311.68,3204.39,2761.91,BPCL Octane Credit Card,Cashback Credit Card
43252.52,9148.46,3899.91,8459.95,10344.54,11399.66,Tata Neu Infinity Credit Card,Tata Neu Infinity Credit Card
8204.19,709.72,3852.01,1313.61,1336.29,992.56,Diners Club Black,BPCL Octane Credit Card
9764.76,658.86,1702.55,2648.79,904.86,3849.7,Tata Neu Infinity Credit Card,Diners Club Black
52893.9,12092.88,18657.25,4136.29,12170.71,5836.77,Tata Neu Infinity Credit Card,Cashback Credit Card
26857.67,286.16,3069.82,6220.49,10907.24,6373.96,Cashback Credit Card,Millennia Credit Card
48961.31,10020.24,3263.6,7054.65,9957.44,18665.39,Tata Neu Infinity Credit Card,Tata Neu Infinity Credit Card
45493.44,13615.07,9765.41,8406.38,1878.31,11828.28,Tata Neu Infinity Credit Card,Millennia Credit Card
27995.66,220.28,3632.41,5358.11,4143.54,14641.32,Tata Neu Infinity Credit Card,Millennia Credit Card
14375.26,286.11,3340.06,5105.76,1412.85,4230.48,BPCL Octane Credit Card,BPCL Octane Credit Card
17134.3,843.97,3147.03,4188.35,4621.44,4333.51,Tata Neu Infinity Credit Card,BPCL Octane Credit Card
47373.41,11482.26,3914.31,8871.85,10349.68,12755.31,Tata Neu Infinity Credit Card,BPCL Octane Credit Card
53156.97,7312.85,16019.56,13822.73,930.64,15071.19,Tata Neu Infinity Credit Card,Millennia Credit Card
16124.25,3458.57,3443.28,3476.68,4788.02,957.71,Cashback Credit Card,Tata Neu Infinity Credit Card
38951.96,10336.88,4086.25,9196.67,8375.52,6956.64,Tata Neu Infinity Credit Card,Cashback Credit Card
55769.89,9894.46,8526.1,9674.26,12468.47,15206.59,Tata Neu Infinity Credit Card,Millennia Credit Card
55871.85,20596.59,2935.36,3722.77,3490.79,25126.34,Tata Neu Infinity Credit Card,BPCL Octane Credit Card
33801.65,6122.31,6720.31,8122.05,8525.68,4311.29,Tata Neu Infinity Credit Card,Diners Club Black
37061.7,13848.57,382.08,8744.67,7926.31,6160.07,Tata Neu Infinity Credit Card,Tata Neu Infinity Credit Card
38768.3,9506.2,10233.48,9140.67,4807.85,5080.1,Tata Neu Infinity Credit Card,Cashback Credit Card
47872.05,10818.96,6690.65,7112.27,10832.66,12417.52,Tata Neu Infinity Credit Card,Diners Club Black
10167.02,911.7,2180.95,3162.12,2990.08,922.17,Cashback Credit Card,BPCL Octane Credit Card
35016.67,932.89,1663.74,15741.35,4308.76,12369.94,BPCL Octane Credit Card,Tata Neu Infinity Credit Card
12427.47,1995.46,1761.0,1932.58,147.97,6590.46,Tata Neu Infinity Credit Card,Tata Neu Infinity Credit Card
45346.21,8096.52,13390.61,15109.51,722.33,8027.24,Tata Neu Infinity Credit Card,Cashback Credit Card
13888.24,526.54,3286.33,2645.54,1078.0,6351.83,Tata Neu Infinity Credit Card,BPCL Octane Credit Card
52721.73,14528.13,12862.19,9499.11,5330.0,10502.31,Tata Neu Infinity Credit Card,Cashback Credit Card
22459.2,4904.76,6228.95,6406.76,4788.08,130.66,Tata Neu Infinity Credit Card,Cashback Credit Card
39732.66,1055.42,12806.81,4311.79,3062.95,18495.7,Tata Neu Infinity Credit Card,Tata Neu Infinity Credit Card
40393.95,10450.43,7874.33,1835.65,10780.46,9453.07,Tata Neu Infinity Credit Card,Tata Neu Infinity Credit Card
41537.57,7082.54,14049.14,10399.14,4088.2,5918.55,Tata Neu Infinity Credit Card,Millennia Credit Card
10941.96,3122.73,1314.35,2959.42,2297.91,1247.55,Tata Neu Infinity Credit Card,Cashback Credit Card
46597.27,17477.1,9006.16,15608.83,2179.39,2325.79,Tata Neu Infinity Credit Card,Diners Club Black
56308.77,21791.57,7076.3,42.37,12867.57,14530.95,Tata Neu Infinity Credit Card,BPCL Octane Credit Card
24308.23,2572.89,7355.32,1111.67,8980.85,4287.49,Cashback Credit Card,Cashback Credit Card
30862.22,9615.08,6630.37,1388.88,8020.13,5207.75,Tata Neu Infinity Credit Card,Tata Neu Infinity Credit Card
52546.05,8478.24,19910.39,761.57,11127.36,12268.49,Tata Neu Infinity Credit Card,Cashback Credit Card
39266.38,24.85,1815.47,8675.07,23796.85,4954.13,Cashback Credit Card,BPCL Octane Credit Card
26466.42,2247.75,4972.11,7923.9,4083.9,7238.75,Tata Neu Infinity Credit Card,Millennia Credit Card
36273.17,1875.34,10127.29,9415.41,4608.76,10246.37,Tata Neu Infinity Credit Card,Millennia Credit Card
51435.11,11529.69,11287.89,6991.34,3101.55,18524.64,Tata Neu Infinity Credit Card,Tata Neu Infinity Credit Card
26171.09,8953.31,6271.2,1120.19,2436.25,7390.14,Tata Neu Infinity Credit Card,Tata Neu Infinity Credit Card
26029.4,1801.5,10423.37,8818.59,2661.15,2324.79,BPCL Octane Credit Card,BPCL Octane Credit Card
28099.19,7061.82,5241.02,4250.36,4207.93,7338.06,Tata Neu Infinity Credit Card,Tata Neu Infinity Credit Card
17980.65,1915.96,740.31,7963.09,1288.73,6072.56,Tata Neu Infinity Credit Card,Millennia Credit Card
35331.24,1886.21,9094.86,1329.62,12612.91,10407.64,Cashback Credit Card,Tata Neu Infinity Credit Card
40325.86,8231.97,8370.12,7449.52,7429.87,8844.38,Tata Neu Infinity Credit Card,Millennia Credit Card
20484.6,533.53,1782.16,988.14,6614.39,10566.38,Tata Neu Infinity Credit Card,Millennia Credit Card
33744.15,7133.86,4856.23,8156.89,505.52,13091.66,Tata Neu Infinity Credit Card,Tata Neu Infinity Credit Card
54811.04,3558.06,13785.47,12100.34,9951.62,15415.56,Tata Neu Infinity Credit Card,Tata Neu Infinity Credit Card
12739.86,2571.83,4950.65,422.43,895.7,3899.25,Tata Neu Infinity Credit Card,Diners Club Black
13147.05,897.0,4936.58,2748.7,3608.73,956.04,Cashback Credit Card,Cashback Credit Card
32715.17,15142.81,6499.55,3415.6,729.57,6927.65,Tata Neu Infinity Credit Card,Cashback Credit Card
49902.77,12177.4,5179.4,6207.55,12044.59,14293.84,Tata Neu Infinity Credit Card,Cashback Credit Card
44464.68,18251.51,14380.15,6878.29,2929.82,2024.9,Tata Neu Infinity Credit Card,BPCL Octane Credit Card
14162.64,1970.55,794.86,3042.04,1883.77,6471.42,Tata Neu Infinity Credit Card,Millennia Credit Card
41612.14,7244.63,8443.05,11226.92,5697.18,9000.36,Tata Neu Infinity Credit Card,Millennia Credit Card
39388.24,1051.07,14728.51,8132.1,7470.24,8006.32,Tata Neu Infinity Credit Card,Cashback Credit Card
45094.78,11581.06,4459.02,11387.09,16204.46,1463.15,Cashback Credit Card,BPCL Octane Credit Card
24699.94,10138.36,1644.56,9326.43,1347.74,2242.84,Tata Neu Infinity Credit Card,BPCL Octane Credit Card
27076.28,5188.25,8633.46,2070.04,7930.63,3253.91,Tata Neu Infinity Credit Card,BPCL Octane Credit Card
43325.01,6973.13,5412.93,12766.04,10383.13,7789.78,Tata Neu Infinity Credit Card,Millennia Credit Card
9222.7,2226.09,3101.9,1197.73,1370.12,1326.86,Tata Neu Infinity Credit Card,Diners Club Black
54779.65,11378.1,7142.47,7739.09,18914.05,9605.94,Tata Neu Infinity Credit Card,BPCL Octane Credit Card
57715.97,1014.58,156.75,17067.17,21659.98,17817.5,Cashback Credit Card,BPCL Octane Credit Card
59222.79,15414.88,6598.18,15917.74,3056.1,18235.9,Tata Neu Infinity Credit Card,BPCL Octane Credit Card
43863.68,713.33,10339.02,11111.19,10722.91,10977.22,Tata Neu Infinity Credit Card,Diners Club Black
13490.02,581.66,1182.96,3910.02,4512.28,3303.09,Cashback Credit Card,Diners Club Black
42273.68,901.82,9219.17,16099.71,88.23,15964.75,Tata Neu Infinity Credit Card,BPCL Octane Credit Card
32872.71,434.88,1474.76,15216.38,7345.64,8401.05,BPCL Octane Credit Card,Millennia Credit Card
37710.4,4934.31,5489.46,7119.74,15308.7,4858.19,Cashback Credit Card,Cashback Credit Card
29965.97,3390.5,13787.6,1948.96,2328.1,8510.81,Tata Neu Infinity Credit Card,BPCL Octane Credit Card
44158.26,10933.75,7500.65,2541.57,15667.37,7514.93,Tata Neu Infinity Credit Card,Cashback Credit Card
10806.12,1081.81,861.69,1337.51,5396.76,2128.35,Cashback Credit Card,Cashback Credit Card
35262.72,2392.89,8670.25,9417.65,8626.42,6155.5,Cashback Credit Card,Diners Club Black
19200.96,6518.06,1284.83,6414.89,4336.13,647.05,Tata Neu Infinity Credit Card,Cashback Credit Card
58474.74,16320.52,6863.82,20215.84,1013.95,14060.61,Tata Neu Infinity Credit Card,Diners Club Black
57937.77,7807.73,13749.19,722.63,10427.25,25230.98,Tata Neu Infinity Credit Card,Millennia Credit Card
51188.39,14497.3,9115.72,1934.41,19092.86,6548.1,Tata Neu Infinity Credit Card,Diners Club Black
53348.97,5941.46,4558.15,2848.94,16101.27,23899.15,Tata Neu Infinity Credit Card,Cashback Credit Card
