category,amount,best_card_logic,actual_card,cb_Ace_Credit_Card,cb_Amazon_Pay_Credit_Card,cb_BPCL_Octane_Credit_Card,cb_BankBazaar_Credit_Card,cb_Cashback_Credit_Card,cb_Coral_Credit_Card,cb_Diners_Club_Black,cb_Elite_Credit_Card,cb_Emerald_Private_Metal,cb_First_Classic_Credit_Card,cb_First_Wealth_Credit_Card,cb_Flipkart_Axis_Bank_Credit_Card,cb_HPCL_Super_Saver_Credit_Card,cb_League_Platinum_Credit_Card,cb_Magnus_Credit_Card,cb_Millennia_Credit_Card,cb_My_Zone_Credit_Card,cb_PVR_Platinum_Credit_Card,cb_Regalia_Gold,cb_SimplyCLICK_Credit_Card,cb_SimplySAVE_Credit_Card,cb_Super_Value_Titanium_Credit_Card,cb_Tata_Neu_Infinity_Credit_Card,cb_Vistara_Infinite_Credit_Card,cb_White_Credit_Card,cb_YES_First_Business_Credit_Card
shopping,597.71,Millennia Credit Card,Millennia Credit Card,5.9771,17.9313,1.4943,2.9886,11.9542,1.4943,2.9886,1.4943,2.092,2.9886,1.4943,17.9313,1.4943,1.4943,1.4943,17.9313,2.2414,2.9886,1.4943,17.9313,5.9771,5.9771,17.9313,1.4943,1.4943,2.9886
travel,2876.8,Diners Club Black,Diners Club Black,14.384,14.384,7.192,14.384,14.384,7.192,43.152,14.384,30.2064,14.384,17.98,14.384,7.192,10.788,21.576,14.384,3.596,3.596,21.576,14.384,14.384,14.384,14.384,35.96,14.384,10.788
groceries,1830.08,Tata Neu Infinity Credit Card,Tata Neu Infinity Credit Card,18.3008,18.3008,4.5752,9.1504,18.3008,4.5752,4.5752,2.2876,3.2026,9.1504,2.2876,18.3008,4.5752,2.2876,2.2876,18.3008,2.2876,2.2876,2.2876,27.4512,18.3008,18.3008,36.6016,4.5752,2.2876,2.2876
shopping,1964.54,Millennia Credit Card,Millennia Credit Card,19.6454,58.9362,4.9113,9.8227,39.2908,4.9113,9.8227,4.9113,6.8759,9.8227,4.9113,58.9362,4.9113,4.9113,4.9113,58.9362,7.367,9.8227,4.9113,58.9362,19.6454,19.6454,58.9362,4.9113,4.9113,9.8227
groceries,628.07,Tata Neu Infinity Credit Card,Tata Neu Infinity Credit Card,6.2807,6.2807,1.5702,3.1404,6.2807,1.5702,1.5702,0.7851,1.0991,3.1404,0.7851,6.2807,1.5702,0.7851,0.7851,6.2807,0.7851,0.7851,0.7851,9.4211,6.2807,6.2807,12.5614,1.5702,0.7851,0.7851
groceries,8448.44,Tata Neu Infinity Credit Card,Tata Neu Infinity Credit Card,84.4844,84.4844,21.1211,42.2422,84.4844,21.1211,21.1211,10.5606,14.7848,42.2422,10.5606,84.4844,21.1211,10.5606,10.5606,84.4844,10.5606,10.5606,10.5606,126.7266,84.4844,84.4844,168.9688,21.1211,10.5606,10.5606
fuel,16207.67,BPCL Octane Credit Card,BPCL Octane Credit Card,81.0383,81.0383,405.1918,81.0383,81.0383,20.2596,40.5192,20.2596,28.3634,81.0383,20.2596,81.0383,324.1534,20.2596,20.2596,81.0383,20.2596,20.2596,20.2596,81.0383,81.0383,81.0383,81.0383,40.5192,20.2596,20.2596
travel,13992.97,Diners Club Black,Diners Club Black,69.9648,69.9648,34.9824,69.9648,69.9648,34.9824,209.8945,69.9648,146.9262,69.9648,87.4561,69.9648,34.9824,52.4736,104.9473,69.9648,17.4912,17.4912,104.9473,69.9648,69.9648,69.9648,69.9648,174.9121,69.9648,52.4736
travel,4384.74,Diners Club Black,League Platinum Credit Card,21.9237,21.9237,10.9619,21.9237,21.9237,10.9619,65.7711,21.9237,46.0398,21.9237,27.4046,21.9237,10.9619,16.4428,32.8855,21.9237,5.4809,5.4809,32.8855,21.9237,21.9237,21.9237,21.9237,54.8092,21.9237,16.4428
shopping,7243.69,Millennia Credit Card,Millennia Credit Card,72.4369,217.3107,18.1092,36.2184,144.8738,18.1092,36.2184,18.1092,25.3529,36.2184,18.1092,217.3107,18.1092,18.1092,18.1092,217.3107,27.1638,36.2184,18.1092,217.3107,72.4369,72.4369,217.3107,18.1092,18.1092,36.2184
fuel,16161.85,BPCL Octane Credit Card,Vistara Infinite Credit Card,80.8093,80.8093,404.0462,80.8093,80.8093,20.2023,40.4046,20.2023,28.2832,80.8093,20.2023,80.8093,323.237,20.2023,20.2023,80.8093,20.2023,20.2023,20.2023,80.8093,80.8093,80.8093,80.8093,40.4046,20.2023,20.2023
dining,1668.12,Cashback Credit Card,Cashback Credit Card,16.6812,8.3406,4.1703,8.3406,33.3624,4.1703,16.6812,4.1703,11.6768,8.3406,6.2554,8.3406,4.1703,4.1703,6.2554,16.6812,4.1703,4.1703,8.3406,16.6812,16.6812,16.6812,16.6812,8.3406,4.1703,4.1703
groceries,17720.49,Tata Neu Infinity Credit Card,Tata Neu Infinity Credit Card,177.2049,177.2049,44.3012,88.6025,177.2049,44.3012,44.3012,22.1506,31.0109,88.6025,22.1506,177.2049,44.3012,22.1506,22.1506,177.2049,22.1506,22.1506,22.1506,265.8073,177.2049,177.2049,354.4098,44.3012,22.1506,22.1506
travel,14120.98,Diners Club Black,Diners Club Black,70.6049,70.6049,35.3025,70.6049,70.6049,35.3025,211.8147,70.6049,148.2703,70.6049,88.2561,70.6049,35.3025,52.9537,105.9074,70.6049,17.6512,17.6512,105.9074,70.6049,70.6049,70.6049,70.6049,176.5122,70.6049,52.9537
travel,15484.06,Diners Club Black,SimplySAVE Credit Card,77.4203,77.4203,38.7101,77.4203,77.4203,38.7101,232.2609,77.4203,162.5826,77.4203,96.7754,77.4203,38.7101,58.0652,116.1304,77.4203,19.3551,19.3551,116.1304,77.4203,77.4203,77.4203,77.4203,193.5507,77.4203,58.0652
dining,5631.67,Cashback Credit Card,Cashback Credit Card,56.3167,28.1583,14.0792,28.1583,112.6334,14.0792,56.3167,14.0792,39.4217,28.1583,21.1188,28.1583,14.0792,14.0792,21.1188,56.3167,14.0792,14.0792,28.1583,56.3167,56.3167,56.3167,56.3167,28.1583,14.0792,14.0792
fuel,3336.82,BPCL Octane Credit Card,BPCL Octane Credit Card,16.6841,16.6841,83.4205,16.6841,16.6841,4.171,8.3421,4.171,5.8394,16.6841,4.171,16.6841,66.7364,4.171,4.171,16.6841,4.171,4.171,4.171,16.6841,16.6841,16.6841,16.6841,8.3421,4.171,4.171
fuel,14066.22,BPCL Octane Credit Card,BPCL Octane Credit Card,70.3311,70.3311,351.6555,70.3311,70.3311,17.5828,35.1655,17.5828,24.6159,70.3311,17.5828,70.3311,281.3244,17.5828,17.5828,70.3311,17.5828,17.5828,17.5828,70.3311,70.3311,70.3311,70.3311,35.1655,17.5828,17.5828
shopping,12221.71,Millennia Credit Card,Millennia Credit Card,122.2171,366.6513,30.5543,61.1085,244.4342,30.5543,61.1085,30.5543,42.776,61.1085,30.5543,366.6513,30.5543,30.5543,30.5543,366.6513,45.8314,61.1085,30.5543,366.6513,122.2171,122.2171,366.6513,30.5543,30.5543,61.1085
travel,3351.71,Diners Club Black,Diners Club Black,16.7585,16.7585,8.3793,16.7585,16.7585,8.3793,50.2757,16.7585,35.193,16.7585,20.9482,16.7585,8.3793,12.5689,25.1378,16.7585,4.1896,4.1896,25.1378,16.7585,16.7585,16.7585,16.7585,41.8964,16.7585,12.5689
groceries,4470.34,Tata Neu Infinity Credit Card,Tata Neu Infinity Credit Card,44.7034,44.7034,11.1759,22.3517,44.7034,11.1759,11.1759,5.5879,7.8231,22.3517,5.5879,44.7034,11.1759,5.5879,5.5879,44.7034,5.5879,5.5879,5.5879,67.0551,44.7034,44.7034,89.4068,11.1759,5.5879,5.5879
shopping,4658.06,Millennia Credit Card,Millennia Credit Card,46.5806,139.7418,11.6452,23.2903,93.1612,11.6452,23.2903,11.6452,16.3032,23.2903,11.6452,139.7418,11.6452,11.6452,11.6452,139.7418,17.4677,23.2903,11.6452,139.7418,46.5806,46.5806,139.7418,11.6452,11.6452,23.2903
fuel,8083.18,BPCL Octane Credit Card,BPCL Octane Credit Card,40.4159,40.4159,202.0795,40.4159,40.4159,10.104,20.208,10.104,14.1456,40.4159,10.104,40.4159,161.6636,10.104,10.104,40.4159,10.104,10.104,10.104,40.4159,40.4159,40.4159,40.4159,20.208,10.104,10.104
groceries,17539.72,Tata Neu Infinity Credit Card,Tata Neu Infinity Credit Card,175.3972,175.3972,43.8493,87.6986,175.3972,43.8493,43.8493,21.9246,30.6945,87.6986,21.9246,175.3972,43.8493,21.9246,21.9246,175.3972,21.9246,21.9246,21.9246,263.0958,175.3972,175.3972,350.7944,43.8493,21.9246,21.9246
dining,7973.07,Cashback Credit Card,BPCL Octane Credit Card,79.7307,39.8653,19.9327,39.8653,159.4614,19.9327,79.7307,19.9327,55.8115,39.8653,29.899,39.8653,19.9327,19.9327,29.899,79.7307,19.9327,19.9327,39.8653,79.7307,79.7307,79.7307,79.7307,39.8653,19.9327,19.9327
travel,5007.89,Diners Club Black,Diners Club Black,25.0395,25.0395,12.5197,25.0395,25.0395,12.5197,75.1184,25.0395,52.5828,25.0395,31.2993,25.0395,12.5197,18.7796,37.5592,25.0395,6.2599,6.2599,37.5592,25.0395,25.0395,25.0395,25.0395,62.5986,25.0395,18.7796
fuel,14965.57,BPCL Octane Credit Card,BPCL Octane Credit Card,74.8278,74.8278,374.1393,74.8278,74.8278,18.707,37.4139,18.707,26.1897,74.8278,18.707,74.8278,299.3114,18.707,18.707,74.8278,18.707,18.707,18.707,74.8278,74.8278,74.8278,74.8278,37.4139,18.707,18.707
groceries,8048.07,Tata Neu Infinity Credit Card,Tata Neu Infinity Credit Card,80.4807,80.4807,20.1202,40.2403,80.4807,20.1202,20.1202,10.0601,14.0841,40.2403,10.0601,80.4807,20.1202,10.0601,10.0601,80.4807,10.0601,10.0601,10.0601,120.721,80.4807,80.4807,160.9614,20.1202,10.0601,10.0601
travel,10239.57,Diners Club Black,Diners Club Black,51.1978,51.1978,25.5989,51.1978,51.1978,25.5989,153.5935,51.1978,107.5155,51.1978,63.9973,51.1978,25.5989,38.3984,76.7968,51.1978,12.7995,12.7995,76.7968,51.1978,51.1978,51.1978,51.1978,127.9946,51.1978,38.3984
shopping,17235.95,Millennia Credit Card,Millennia Credit Card,172.3595,517.0785,43.0899,86.1797,344.719,43.0899,86.1797,43.0899,60.3258,86.1797,43.0899,517.0785,43.0899,43.0899,43.0899,517.0785,64.6348,86.1797,43.0899,517.0785,172.3595,172.3595,517.0785,43.0899,43.0899,86.1797
travel,15862.38,Diners Club Black,Diners Club Black,79.3119,79.3119,39.6559,79.3119,79.3119,39.6559,237.9357,79.3119,166.555,79.3119,99.1399,79.3119,39.6559,59.4839,118.9678,79.3119,19.828,19.828,118.9678,79.3119,79.3119,79.3119,79.3119,198.2797,79.3119,59.4839
shopping,7756.87,Millennia Credit Card,Millennia Credit Card,77.5687,232.7061,19.3922,38.7843,155.1374,19.3922,38.7843,19.3922,27.149,38.7843,19.3922,232.7061,19.3922,19.3922,19.3922,232.7061,29.0883,38.7843,19.3922,232.7061,77.5687,77.5687,232.7061,19.3922,19.3922,38.7843
dining,10629.38,Cashback Credit Card,Millennia Credit Card,106.2938,53.1469,26.5734,53.1469,212.5876,26.5734,106.2938,26.5734,74.4057,53.1469,39.8602,53.1469,26.5734,26.5734,39.8602,106.2938,26.5734,26.5734,53.1469,106.2938,106.2938,106.2938,106.2938,53.1469,26.5734,26.5734
shopping,13666.04,Millennia Credit Card,Millennia Credit Card,136.6604,409.9812,34.1651,68.3302,273.3208,34.1651,68.3302,34.1651,47.8311,68.3302,34.1651,409.9812,34.1651,34.1651,34.1651,409.9812,51.2477,68.3302,34.1651,409.9812,136.6604,136.6604,409.9812,34.1651,34.1651,68.3302
fuel,15395.11,BPCL Octane Credit Card,BPCL Octane Credit Card,76.9755,76.9755,384.8777,76.9755,76.9755,19.2439,38.4878,19.2439,26.9414,76.9755,19.2439,76.9755,307.9022,19.2439,19.2439,76.9755,19.2439,19.2439,19.2439,76.9755,76.9755,76.9755,76.9755,38.4878,19.2439,19.2439
fuel,8751.83,BPCL Octane Credit Card,BPCL Octane Credit Card,43.7591,43.7591,218.7957,43.7591,43.7591,10.9398,21.8796,10.9398,15.3157,43.7591,10.9398,43.7591,175.0366,10.9398,10.9398,43.7591,10.9398,10.9398,10.9398,43.7591,43.7591,43.7591,43.7591,21.8796,10.9398,10.9398
fuel,19440.57,BPCL Octane Credit Card,Diners Club Black,97.2028,97.2028,486.0143,97.2028,97.2028,24.3007,48.6014,24.3007,34.021,97.2028,24.3007,97.2028,388.8114,24.3007,24.3007,97.2028,24.3007,24.3007,24.3007,97.2028,97.2028,97.2028,97.2028,48.6014,24.3007,24.3007
fuel,16849.22,BPCL Octane Credit Card,BPCL Octane Credit Card,84.2461,84.2461,421.2305,84.2461,84.2461,21.0615,42.1231,21.0615,29.4861,84.2461,21.0615,84.2461,336.9844,21.0615,21.0615,84.2461,21.0615,21.0615,21.0615,84.2461,84.2461,84.2461,84.2461,42.1231,21.0615,21.0615
travel,3141.5,Diners Club Black,Tata Neu Infinity Credit Card,15.7075,15.7075,7.8537,15.7075,15.7075,7.8537,47.1225,15.7075,32.9858,15.7075,19.6344,15.7075,7.8537,11.7806,23.5613,15.7075,3.9269,3.9269,23.5613,15.7075,15.7075,15.7075,15.7075,39.2687,15.7075,11.7806
groceries,18378.02,Tata Neu Infinity Credit Card,Tata Neu Infinity Credit Card,183.7802,183.7802,45.9451,91.8901,183.7802,45.9451,45.9451,22.9725,32.1615,91.8901,22.9725,183.7802,45.9451,22.9725,22.9725,183.7802,22.9725,22.9725,22.9725,275.6703,183.7802,183.7802,367.5604,45.9451,22.9725,22.9725
dining,487.59,Cashback Credit Card,HPCL Super Saver Credit Card,4.8759,2.4379,1.219,2.4379,9.7518,1.219,4.8759,1.219,3.4131,2.4379,1.8285,2.4379,1.219,1.219,1.8285,4.8759,1.219,1.219,2.4379,4.8759,4.8759,4.8759,4.8759,2.4379,1.219,1.219
fuel,4865.1,BPCL Octane Credit Card,BPCL Octane Credit Card,24.3255,24.3255,121.6275,24.3255,24.3255,6.0814,12.1628,6.0814,8.5139,24.3255,6.0814,24.3255,97.302,6.0814,6.0814,24.3255,6.0814,6.0814,6.0814,24.3255,24.3255,24.3255,24.3255,12.1628,6.0814,6.0814
groceries,18944.29,Tata Neu Infinity Credit Card,Tata Neu Infinity Credit Card,189.4429,189.4429,47.3607,94.7215,189.4429,47.3607,47.3607,23.6804,33.1525,94.7215,23.6804,189.4429,47.3607,23.6804,23.6804,189.4429,23.6804,23.6804,23.6804,284.1644,189.4429,189.4429,378.8858,47.3607,23.6804,23.6804
dining,16338.86,Cashback Credit Card,Amazon Pay Credit Card,163.3886,81.6943,40.8471,81.6943,326.7772,40.8471,163.3886,40.8471,114.372,81.6943,61.2707,81.6943,40.8471,40.8471,61.2707,163.3886,40.8471,40.8471,81.6943,163.3886,163.3886,163.3886,163.3886,81.6943,40.8471,40.8471
dining,18942.29,Cashback Credit Card,Cashback Credit Card,189.4229,94.7114,47.3557,94.7114,378.8458,47.3557,189.4229,47.3557,132.596,94.7114,71.0336,94.7114,47.3557,47.3557,71.0336,189.4229,47.3557,47.3557,94.7114,189.4229,189.4229,189.4229,189.4229,94.7114,47.3557,47.3557
groceries,17461.42,Tata Neu Infinity Credit Card,Tata Neu Infinity Credit Card,174.6142,174.6142,43.6535,87.3071,174.6142,43.6535,43.6535,21.8268,30.5575,87.3071,21.8268,174.6142,43.6535,21.8268,21.8268,174.6142,21.8268,21.8268,21.8268,261.9213,174.6142,174.6142,349.2284,43.6535,21.8268,21.8268
travel,18585.38,Diners Club Black,YES First Business Credit Card,92.9269,92.9269,46.4635,92.9269,92.9269,46.4635,278.7807,92.9269,195.1465,92.9269,116.1586,92.9269,46.4635,69.6952,139.3904,92.9269,23.2317,23.2317,139.3904,92.9269,92.9269,92.9269,92.9269,232.3173,92.9269,69.6952
dining,19903.47,Cashback Credit Card,Cashback Credit Card,199.0347,99.5174,49.7587,99.5174,398.0694,49.7587,199.0347,49.7587,139.3243,99.5174,74.638,99.5174,49.7587,49.7587,74.638,199.0347,49.7587,49.7587,99.5174,199.0347,199.0347,199.0347,199.0347,99.5174,49.7587,49.7587
dining,18002.32,Cashback Credit Card,Cashback Credit Card,180.0232,90.0116,45.0058,90.0116,360.0464,45.0058,180.0232,45.0058,126.0162,90.0116,67.5087,90.0116,45.0058,45.0058,67.5087,180.0232,45.0058,45.0058,90.0116,180.0232,180.0232,180.0232,180.0232,90.0116,45.0058,45.0058
travel,4571.48,Diners Club Black,Diners Club Black,22.8574,22.8574,11.4287,22.8574,22.8574,11.4287,68.5722,22.8574,48.0005,22.8574,28.5717,22.8574,11.4287,17.143,34.2861,22.8574,5.7143,5.7143,34.2861,22.8574,22.8574,22.8574,22.8574,57.1435,22.8574,17.143
groceries,11123.04,Tata Neu Infinity Credit Card,Tata Neu Infinity Credit Card,111.2304,111.2304,27.8076,55.6152,111.2304,27.8076,27.8076,13.9038,19.4653,55.6152,13.9038,111.2304,27.8076,13.9038,13.9038,111.2304,13.9038,13.9038,13.9038,166.8456,111.2304,111.2304,222.4608,27.8076,13.9038,13.9038
shopping,1512.76,Millennia Credit Card,Millennia Credit Card,15.1276,45.3828,3.7819,7.5638,30.2552,3.7819,7.5638,3.7819,5.2947,7.5638,3.7819,45.3828,3.7819,3.7819,3.7819,45.3828,5.6728,7.5638,3.7819,45.3828,15.1276,15.1276,45.3828,3.7819,3.7819,7.5638
travel,1441.27,Diners Club Black,Diners Club Black,7.2063,7.2063,3.6032,7.2063,7.2063,3.6032,21.619,7.2063,15.1333,7.2063,9.0079,7.2063,3.6032,5.4048,10.8095,7.2063,1.8016,1.8016,10.8095,7.2063,7.2063,7.2063,7.2063,18.0159,7.2063,5.4048
fuel,1510.06,BPCL Octane Credit Card,BPCL Octane Credit Card,7.5503,7.5503,37.7515,7.5503,7.5503,1.8876,3.7752,1.8876,2.6426,7.5503,1.8876,7.5503,30.2012,1.8876,1.8876,7.5503,1.8876,1.8876,1.8876,7.5503,7.5503,7.5503,7.5503,3.7752,1.8876,1.8876
dining,4363.31,Cashback Credit Card,Cashback Credit Card,43.6331,21.8166,10.9083,21.8166,87.2662,10.9083,43.6331,10.9083,30.5432,21.8166,16.3624,21.8166,10.9083,10.9083,16.3624,43.6331,10.9083,10.9083,21.8166,43.6331,43.6331,43.6331,43.6331,21.8166,10.9083,10.9083
groceries,11566.61,Tata Neu Infinity Credit Card,Tata Neu Infinity Credit Card,115.6661,115.6661,28.9165,57.8331,115.6661,28.9165,28.9165,14.4583,20.2416,57.8331,14.4583,115.6661,28.9165,14.4583,14.4583,115.6661,14.4583,14.4583,14.4583,173.4992,115.6661,115.6661,231.3322,28.9165,14.4583,14.4583
dining,16169.19,Cashback Credit Card,Cashback Credit Card,161.6919,80.846,40.423,80.846,323.3838,40.423,161.6919,40.423,113.1843,80.846,60.6345,80.846,40.423,40.423,60.6345,161.6919,40.423,40.423,80.846,161.6919,161.6919,161.6919,161.6919,80.846,40.423,40.423
shopping,13213.76,Millennia Credit Card,Millennia Credit Card,132.1376,396.4128,33.0344,66.0688,264.2752,33.0344,66.0688,33.0344,46.2482,66.0688,33.0344,396.4128,33.0344,33.0344,33.0344,396.4128,49.5516,66.0688,33.0344,396.4128,132.1376,132.1376,396.4128,33.0344,33.0344,66.0688
dining,9393.79,Cashback Credit Card,Vistara Infinite Credit Card,93.9379,46.969,23.4845,46.969,187.8758,23.4845,93.9379,23.4845,65.7565,46.969,35.2267,46.969,23.4845,23.4845,35.2267,93.9379,23.4845,23.4845,46.969,93.9379,93.9379,93.9379,93.9379,46.969,23.4845,23.4845
shopping,1306.19,Millennia Credit Card,Diners Club Black,13.0619,39.1857,3.2655,6.531,26.1238,3.2655,6.531,3.2655,4.5717,6.531,3.2655,39.1857,3.2655,3.2655,3.2655,39.1857,4.8982,6.531,3.2655,39.1857,13.0619,13.0619,39.1857,3.2655,3.2655,6.531
travel,3885.16,Diners Club Black,Diners Club Black,19.4258,19.4258,9.7129,19.4258,19.4258,9.7129,58.2774,19.4258,40.7942,19.4258,24.2822,19.4258,9.7129,14.5694,29.1387,19.4258,4.8564,4.8564,29.1387,19.4258,19.4258,19.4258,19.4258,48.5645,19.4258,14.5694
dining,3751.41,Cashback Credit Card,Cashback Credit Card,37.5141,18.757,9.3785,18.757,75.0282,9.3785,37.5141,9.3785,26.2599,18.757,14.0678,18.757,9.3785,9.3785,14.0678,37.5141,9.3785,9.3785,18.757,37.5141,37.5141,37.5141,37.5141,18.757,9.3785,9.3785
shopping,8918.3,Millennia Credit Card,Regalia Gold,89.183,267.549,22.2957,44.5915,178.366,22.2957,44.5915,22.2957,31.214,44.5915,22.2957,267.549,22.2957,22.2957,22.2957,267.549,33.4436,44.5915,22.2957,267.549,89.183,89.183,267.549,22.2957,22.2957,44.5915
groceries,16736.95,Tata Neu Infinity Credit Card,HPCL Super Saver Credit Card,167.3695,167.3695,41.8424,83.6848,167.3695,41.8424,41.8424,20.9212,29.2897,83.6848,20.9212,167.3695,41.8424,20.9212,20.9212,167.3695,20.9212,20.9212,20.9212,251.0543,167.3695,167.3695,334.739,41.8424,20.9212,20.9212
travel,8187.64,Diners Club Black,Diners Club Black,40.9382,40.9382,20.4691,40.9382,40.9382,20.4691,122.8146,40.9382,85.9702,40.9382,51.1728,40.9382,20.4691,30.7037,61.4073,40.9382,10.2346,10.2346,61.4073,40.9382,40.9382,40.9382,40.9382,102.3455,40.9382,30.7037
dining,18058.61,Cashback Credit Card,Cashback Credit Card,180.5861,90.2931,45.1465,90.2931,361.1722,45.1465,180.5861,45.1465,126.4103,90.2931,67.7198,90.2931,45.1465,45.1465,67.7198,180.5861,45.1465,45.1465,90.2931,180.5861,180.5861,180.5861,180.5861,90.2931,45.1465,45.1465
shopping,19707.65,Millennia Credit Card,Millennia Credit Card,197.0765,591.2295,49.2691,98.5383,394.153,49.2691,98.5383,49.2691,68.9768,98.5383,49.2691,591.2295,49.2691,49.2691,49.2691,591.2295,73.9037,98.5383,49.2691,591.2295,197.0765,197.0765,591.2295,49.2691,49.2691,98.5383
dining,5776.46,Cashback Credit Card,Cashback Credit Card,57.7646,28.8823,14.4412,28.8823,115.5292,14.4412,57.7646,14.4412,40.4352,28.8823,21.6617,28.8823,14.4412,14.4412,21.6617,57.7646,14.4412,14.4412,28.8823,57.7646,57.7646,57.7646,57.7646,28.8823,14.4412,14.4412
groceries,13271.24,Tata Neu Infinity Credit Card,Tata Neu Infinity Credit Card,132.7124,132.7124,33.1781,66.3562,132.7124,33.1781,33.1781,16.5891,23.2247,66.3562,16.5891,132.7124,33.1781,16.5891,16.5891,132.7124,16.5891,16.5891,16.5891,199.0686,132.7124,132.7124,265.4248,33.1781,16.5891,16.5891
travel,6004.49,Diners Club Black,PVR Platinum Credit Card,30.0224,30.0224,15.0112,30.0224,30.0224,15.0112,90.0674,30.0224,63.0471,30.0224,37.5281,30.0224,15.0112,22.5168,45.0337,30.0224,7.5056,7.5056,45.0337,30.0224,30.0224,30.0224,30.0224,75.0561,30.0224,22.5168
fuel,1237.59,BPCL Octane Credit Card,BPCL Octane Credit Card,6.1879,6.1879,30.9398,6.1879,6.1879,1.547,3.094,1.547,2.1658,6.1879,1.547,6.1879,24.7518,1.547,1.547,6.1879,1.547,1.547,1.547,6.1879,6.1879,6.1879,6.1879,3.094,1.547,1.547
groceries,18395.8,Tata Neu Infinity Credit Card,Tata Neu Infinity Credit Card,183.958,183.958,45.9895,91.979,183.958,45.9895,45.9895,22.9947,32.1927,91.979,22.9947,183.958,45.9895,22.9947,22.9947,183.958,22.9947,22.9947,22.9947,275.937,183.958,183.958,367.916,45.9895,22.9947,22.9947
shopping,19219.5,Millennia Credit Card,Millennia Credit Card,192.195,576.585,48.0487,96.0975,384.39,48.0487,96.0975,48.0487,67.2682,96.0975,48.0487,576.585,48.0487,48.0487,48.0487,576.585,72.0731,96.0975,48.0487,576.585,192.195,192.195,576.585,48.0487,48.0487,96.0975
travel,1463.57,Diners Club Black,Diners Club Black,7.3178,7.3178,3.6589,7.3178,7.3178,3.6589,21.9535,7.3178,15.3675,7.3178,9.1473,7.3178,3.6589,5.4884,10.9768,7.3178,1.8295,1.8295,10.9768,7.3178,7.3178,7.3178,7.3178,18.2946,7.3178,5.4884
travel,8135.13,Diners Club Black,First Classic Credit Card,40.6756,40.6756,20.3378,40.6756,40.6756,20.3378,122.0269,40.6756,85.4189,40.6756,50.8446,40.6756,20.3378,30.5067,61.0135,40.6756,10.1689,10.1689,61.0135,40.6756,40.6756,40.6756,40.6756,101.6891,40.6756,30.5067
shopping,12425.69,Millennia Credit Card,Millennia Credit Card,124.2569,372.7707,31.0642,62.1285,248.5138,31.0642,62.1285,31.0642,43.4899,62.1285,31.0642,372.7707,31.0642,31.0642,31.0642,372.7707,46.5963,62.1285,31.0642,372.7707,124.2569,124.2569,372.7707,31.0642,31.0642,62.1285
groceries,11348.02,Tata Neu Infinity Credit Card,Tata Neu Infinity Credit Card,113.4802,113.4802,28.3701,56.7401,113.4802,28.3701,28.3701,14.185,19.859,56.7401,14.185,113.4802,28.3701,14.185,14.185,113.4802,14.185,14.185,14.185,170.2203,113.4802,113.4802,226.9604,28.3701,14.185,14.185
fuel,4164.76,BPCL Octane Credit Card,League Platinum Credit Card,20.8238,20.8238,104.119,20.8238,20.8238,5.206,10.4119,5.206,7.2883,20.8238,5.206,20.8238,83.2952,5.206,5.206,20.8238,5.206,5.206,5.206,20.8238,20.8238,20.8238,20.8238,10.4119,5.206,5.206
travel,13466.64,Diners Club Black,Diners Club Black,67.3332,67.3332,33.6666,67.3332,67.3332,33.6666,201.9996,67.3332,141.3997,67.3332,84.1665,67.3332,33.6666,50.4999,100.9998,67.3332,16.8333,16.8333,100.9998,67.3332,67.3332,67.3332,67.3332,168.333,67.3332,50.4999
fuel,18587.46,BPCL Octane Credit Card,BankBazaar Credit Card,92.9373,92.9373,464.6865,92.9373,92.9373,23.2343,46.4686,23.2343,32.5281,92.9373,23.2343,92.9373,371.7492,23.2343,23.2343,92.9373,23.2343,23.2343,23.2343,92.9373,92.9373,92.9373,92.9373,46.4686,23.2343,23.2343
groceries,19922.32,Tata Neu Infinity Credit Card,Tata Neu Infinity Credit Card,199.2232,199.2232,49.8058,99.6116,199.2232,49.8058,49.8058,24.9029,34.8641,99.6116,24.9029,199.2232,49.8058,24.9029,24.9029,199.2232,24.9029,24.9029,24.9029,298.8348,199.2232,199.2232,398.4464,49.8058,24.9029,24.9029
travel,10167.11,Diners Club Black,Diners Club Black,50.8356,50.8356,25.4178,50.8356,50.8356,25.4178,152.5067,50.8356,106.7547,50.8356,63.5444,50.8356,25.4178,38.1267,76.2533,50.8356,12.7089,12.7089,76.2533,50.8356,50.8356,50.8356,50.8356,127.0889,50.8356,38.1267
fuel,17629.2,BPCL Octane Credit Card,Emerald Private Metal,88.146,88.146,440.73,88.146,88.146,22.0365,44.073,22.0365,30.8511,88.146,22.0365,88.146,352.584,22.0365,22.0365,88.146,22.0365,22.0365,22.0365,88.146,88.146,88.146,88.146,44.073,22.0365,22.0365
dining,16691.52,Cashback Credit Card,Vistara Infinite Credit Card,166.9152,83.4576,41.7288,83.4576,333.8304,41.7288,166.9152,41.7288,116.8406,83.4576,62.5932,83.4576,41.7288,41.7288,62.5932,166.9152,41.7288,41.7288,83.4576,166.9152,166.9152,166.9152,166.9152,83.4576,41.7288,41.7288
groceries,255.68,Tata Neu Infinity Credit Card,HPCL Super Saver Credit Card,2.5568,2.5568,0.6392,1.2784,2.5568,0.6392,0.6392,0.3196,0.4474,1.2784,0.3196,2.5568,0.6392,0.3196,0.3196,2.5568,0.3196,0.3196,0.3196,3.8352,2.5568,2.5568,5.1136,0.6392,0.3196,0.3196
shopping,18784.71,Millennia Credit Card,Millennia Credit Card,187.8471,563.5413,46.9618,93.9235,375.6942,46.9618,93.9235,46.9618,65.7465,93.9235,46.9618,563.5413,46.9618,46.9618,46.9618,563.5413,70.4427,93.9235,46.9618,563.5413,187.8471,187.8471,563.5413,46.9618,46.9618,93.9235
shopping,17805.28,Millennia Credit Card,Flipkart Axis Bank Credit Card,178.0528,534.1584,44.5132,89.0264,356.1056,44.5132,89.0264,44.5132,62.3185,89.0264,44.5132,534.1584,44.5132,44.5132,44.5132,534.1584,66.7698,89.0264,44.5132,534.1584,178.0528,178.0528,534.1584,44.5132,44.5132,89.0264
groceries,4291.53,Tata Neu Infinity Credit Card,Tata Neu Infinity Credit Card,42.9153,42.9153,10.7288,21.4576,42.9153,10.7288,10.7288,5.3644,7.5102,21.4576,5.3644,42.9153,10.7288,5.3644,5.3644,42.9153,5.3644,5.3644,5.3644,64.373,42.9153,42.9153,85.8306,10.7288,5.3644,5.3644
fuel,10157.64,BPCL Octane Credit Card,BPCL Octane Credit Card,50.7882,50.7882,253.941,50.7882,50.7882,12.697,25.3941,12.697,17.7759,50.7882,12.697,50.7882,203.1528,12.697,12.697,50.7882,12.697,12.697,12.697,50.7882,50.7882,50.7882,50.7882,25.3941,12.697,12.697
shopping,1936.74,Millennia Credit Card,Millennia Credit Card,19.3674,58.1022,4.8418,9.6837,38.7348,4.8418,9.6837,4.8418,6.7786,9.6837,4.8418,58.1022,4.8418,4.8418,4.8418,58.1022,7.2628,9.6837,4.8418,58.1022,19.3674,19.3674,58.1022,4.8418,4.8418,9.6837
fuel,977.33,BPCL Octane Credit Card,BPCL Octane Credit Card,4.8867,4.8867,24.4333,4.8867,4.8867,1.2217,2.4433,1.2217,1.7103,4.8867,1.2217,4.8867,19.5466,1.2217,1.2217,4.8867,1.2217,1.2217,1.2217,4.8867,4.8867,4.8867,4.8867,2.4433,1.2217,1.2217
travel,12778.56,Diners Club Black,Diners Club Black,63.8928,63.8928,31.9464,63.8928,63.8928,31.9464,191.6784,63.8928,134.1749,63.8928,79.866,63.8928,31.9464,47.9196,95.8392,63.8928,15.9732,15.9732,95.8392,63.8928,63.8928,63.8928,63.8928,159.732,63.8928,47.9196
dining,11078.44,Cashback Credit Card,Cashback Credit Card,110.7844,55.3922,27.6961,55.3922,221.5688,27.6961,110.7844,27.6961,77.5491,55.3922,41.5442,55.3922,27.6961,27.6961,41.5442,110.7844,27.6961,27.6961,55.3922,110.7844,110.7844,110.7844,110.7844,55.3922,27.6961,27.6961
shopping,2326.29,Millennia Credit Card,Amazon Pay Credit Card,23.2629,69.7887,5.8157,11.6314,46.5258,5.8157,11.6314,5.8157,8.142,11.6314,5.8157,69.7887,5.8157,5.8157,5.8157,69.7887,8.7236,11.6314,5.8157,69.7887,23.2629,23.2629,69.7887,5.8157,5.8157,11.6314
shopping,16708.44,Millennia Credit Card,Millennia Credit Card,167.0844,501.2532,41.7711,83.5422,334.1688,41.7711,83.5422,41.7711,58.4795,83.5422,41.7711,501.2532,41.7711,41.7711,41.7711,501.2532,62.6566,83.5422,41.7711,501.2532,167.0844,167.0844,501.2532,41.7711,41.7711,83.5422
travel,8652.76,Diners Club Black,Diners Club Black,43.2638,43.2638,21.6319,43.2638,43.2638,21.6319,129.7914,43.2638,90.854,43.2638,54.0798,43.2638,21.6319,32.4478,64.8957,43.2638,10.816,10.816,64.8957,43.2638,43.2638,43.2638,43.2638,108.1595,43.2638,32.4478
fuel,17989.73,BPCL Octane Credit Card,My Zone Credit Card,89.9487,89.9487,449.7432,89.9487,89.9487,22.4872,44.9743,22.4872,31.482,89.9487,22.4872,89.9487,359.7946,22.4872,22.4872,89.9487,22.4872,22.4872,22.4872,89.9487,89.9487,89.9487,89.9487,44.9743,22.4872,22.4872
travel,13673.13,Diners Club Black,Diners Club Black,68.3657,68.3657,34.1828,68.3657,68.3657,34.1828,205.0969,68.3657,143.5679,68.3657,85.4571,68.3657,34.1828,51.2742,102.5485,68.3657,17.0914,17.0914,102.5485,68.3657,68.3657,68.3657,68.3657,170.9141,68.3657,51.2742
fuel,15624.31,BPCL Octane Credit Card,BankBazaar Credit Card,78.1215,78.1215,390.6078,78.1215,78.1215,19.5304,39.0608,19.5304,27.3425,78.1215,19.5304,78.1215,312.4862,19.5304,19.5304,78.1215,19.5304,19.5304,19.5304,78.1215,78.1215,78.1215,78.1215,39.0608,19.5304,19.5304
travel,18522.7,Diners Club Black,Diners Club Black,92.6135,92.6135,46.3068,92.6135,92.6135,46.3068,277.8405,92.6135,194.4883,92.6135,115.7669,92.6135,46.3068,69.4601,138.9203,92.6135,23.1534,23.1534,138.9203,92.6135,92.6135,92.6135,92.6135,231.5337,92.6135,69.4601
travel,19526.5,Diners Club Black,Millennia Credit Card,97.6325,97.6325,48.8162,97.6325,97.6325,48.8162,292.8975,97.6325,205.0282,97.6325,122.0406,97.6325,48.8162,73.2244,146.4487,97.6325,24.4081,24.4081,146.4487,97.6325,97.6325,97.6325,97.6325,244.0813,97.6325,73.2244
fuel,15669.49,BPCL Octane Credit Card,BPCL Octane Credit Card,78.3474,78.3474,391.7372,78.3474,78.3474,19.5869,39.1737,19.5869,27.4216,78.3474,19.5869,78.3474,313.3898,19.5869,19.5869,78.3474,19.5869,19.5869,19.5869,78.3474,78.3474,78.3474,78.3474,39.1737,19.5869,19.5869
travel,5409.43,Diners Club Black,Regalia Gold,27.0472,27.0472,13.5236,27.0472,27.0472,13.5236,81.1415,27.0472,56.799,27.0472,33.8089,27.0472,13.5236,20.2854,40.5707,27.0472,6.7618,6.7618,40.5707,27.0472,27.0472,27.0472,27.0472,67.6179,27.0472,20.2854
dining,4526.43,Cashback Credit Card,Flipkart Axis Bank Credit Card,45.2643,22.6322,11.3161,22.6322,90.5286,11.3161,45.2643,11.3161,31.685,22.6322,16.9741,22.6322,11.3161,11.3161,16.9741,45.2643,11.3161,11.3161,22.6322,45.2643,45.2643,45.2643,45.2643,22.6322,11.3161,11.3161
travel,4536.18,Diners Club Black,Diners Club Black,22.6809,22.6809,11.3405,22.6809,22.6809,11.3405,68.0427,22.6809,47.6299,22.6809,28.3511,22.6809,11.3405,17.0107,34.0214,22.6809,5.6702,5.6702,34.0214,22.6809,22.6809,22.6809,22.6809,56.7023,22.6809,17.0107
dining,6632.41,Cashback Credit Card,SimplyCLICK Credit Card,66.3241,33.1621,16.581,33.1621,132.6482,16.581,66.3241,16.581,46.4269,33.1621,24.8715,33.1621,16.581,16.581,24.8715,66.3241,16.581,16.581,33.1621,66.3241,66.3241,66.3241,66.3241,33.1621,16.581,16.581
groceries,8053.6,Tata Neu Infinity Credit Card,White Credit Card,80.536,80.536,20.134,40.268,80.536,20.134,20.134,10.067,14.0938,40.268,10.067,80.536,20.134,10.067,10.067,80.536,10.067,10.067,10.067,120.804,80.536,80.536,161.072,20.134,10.067,10.067
shopping,17553.06,Millennia Credit Card,Millennia Credit Card,175.5306,526.5918,43.8827,87.7653,351.0612,43.8827,87.7653,43.8827,61.4357,87.7653,43.8827,526.5918,43.8827,43.8827,43.8827,526.5918,65.824,87.7653,43.8827,526.5918,175.5306,175.5306,526.5918,43.8827,43.8827,87.7653
groceries,19254.43,Tata Neu Infinity Credit Card,Tata Neu Infinity Credit Card,192.5443,192.5443,48.1361,96.2721,192.5443,48.1361,48.1361,24.068,33.6953,96.2721,24.068,192.5443,48.1361,24.068,24.068,192.5443,24.068,24.068,24.068,288.8165,192.5443,192.5443,385.0886,48.1361,24.068,24.068
shopping,11971.77,Millennia Credit Card,Millennia Credit Card,119.7177,359.1531,29.9294,59.8589,239.4354,29.9294,59.8589,29.9294,41.9012,59.8589,29.9294,359.1531,29.9294,29.9294,29.9294,359.1531,44.8941,59.8589,29.9294,359.1531,119.7177,119.7177,359.1531,29.9294,29.9294,59.8589
fuel,8784.24,BPCL Octane Credit Card,YES First Business Credit Card,43.9212,43.9212,219.606,43.9212,43.9212,10.9803,21.9606,10.9803,15.3724,43.9212,10.9803,43.9212,175.6848,10.9803,10.9803,43.9212,10.9803,10.9803,10.9803,43.9212,43.9212,43.9212,43.9212,21.9606,10.9803,10.9803
travel,5168.98,Diners Club Black,Vistara Infinite Credit Card,25.8449,25.8449,12.9224,25.8449,25.8449,12.9224,77.5347,25.8449,54.2743,25.8449,32.3061,25.8449,12.9224,19.3837,38.7673,25.8449,6.4612,6.4612,38.7673,25.8449,25.8449,25.8449,25.8449,64.6122,25.8449,19.3837
groceries,13768.46,Tata Neu Infinity Credit Card,Coral Credit Card,137.6846,137.6846,34.4211,68.8423,137.6846,34.4211,34.4211,17.2106,24.0948,68.8423,17.2106,137.6846,34.4211,17.2106,17.2106,137.6846,17.2106,17.2106,17.2106,206.5269,137.6846,137.6846,275.3692,34.4211,17.2106,17.2106
dining,1492.48,Cashback Credit Card,Cashback Credit Card,14.9248,7.4624,3.7312,7.4624,29.8496,3.7312,14.9248,3.7312,10.4474,7.4624,5.5968,7.4624,3.7312,3.7312,5.5968,14.9248,3.7312,3.7312,7.4624,14.9248,14.9248,14.9248,14.9248,7.4624,3.7312,3.7312
fuel,12500.79,BPCL Octane Credit Card,BPCL Octane Credit Card,62.504,62.504,312.5198,62.504,62.504,15.626,31.252,15.626,21.8764,62.504,15.626,62.504,250.0158,15.626,15.626,62.504,15.626,15.626,15.626,62.504,62.504,62.504,62.504,31.252,15.626,15.626
shopping,14423.11,Millennia Credit Card,Millennia Credit Card,144.2311,432.6933,36.0578,72.1155,288.4622,36.0578,72.1155,36.0578,50.4809,72.1155,36.0578,432.6933,36.0578,36.0578,36.0578,432.6933,54.0867,72.1155,36.0578,432.6933,144.2311,144.2311,432.6933,36.0578,36.0578,72.1155
fuel,13371.17,BPCL Octane Credit Card,BPCL Octane Credit Card,66.8559,66.8559,334.2793,66.8559,66.8559,16.714,33.4279,16.714,23.3995,66.8559,16.714,66.8559,267.4234,16.714,16.714,66.8559,16.714,16.714,16.714,66.8559,66.8559,66.8559,66.8559,33.4279,16.714,16.714
fuel,11132.81,BPCL Octane Credit Card,BPCL Octane Credit Card,55.664,55.664,278.3202,55.664,55.664,13.916,27.832,13.916,19.4824,55.664,13.916,55.664,222.6562,13.916,13.916,55.664,13.916,13.916,13.916,55.664,55.664,55.664,55.664,27.832,13.916,13.916
dining,13578.63,Cashback Credit Card,Elite Credit Card,135.7863,67.8931,33.9466,67.8931,271.5726,33.9466,135.7863,33.9466,95.0504,67.8931,50.9199,67.8931,33.9466,33.9466,50.9199,135.7863,33.9466,33.9466,67.8931,135.7863,135.7863,135.7863,135.7863,67.8931,33.9466,33.9466
groceries,16691.13,Tata Neu Infinity Credit Card,Tata Neu Infinity Credit Card,166.9113,166.9113,41.7278,83.4557,166.9113,41.7278,41.7278,20.8639,29.2095,83.4557,20.8639,166.9113,41.7278,20.8639,20.8639,166.9113,20.8639,20.8639,20.8639,250.367,166.9113,166.9113,333.8226,41.7278,20.8639,20.8639
travel,8654.77,Diners Club Black,Diners Club Black,43.2739,43.2739,21.6369,43.2739,43.2739,21.6369,129.8216,43.2739,90.8751,43.2739,54.0923,43.2739,21.6369,32.4554,64.9108,43.2739,10.8185,10.8185,64.9108,43.2739,43.2739,43.2739,43.2739,108.1846,43.2739,32.4554
fuel,9353.26,BPCL Octane Credit Card,BPCL Octane Credit Card,46.7663,46.7663,233.8315,46.7663,46.7663,11.6916,23.3832,11.6916,16.3682,46.7663,11.6916,46.7663,187.0652,11.6916,11.6916,46.7663,11.6916,11.6916,11.6916,46.7663,46.7663,46.7663,46.7663,23.3832,11.6916,11.6916
travel,10272.36,Diners Club Black,YES First Business Credit Card,51.3618,51.3618,25.6809,51.3618,51.3618,25.6809,154.0854,51.3618,107.8598,51.3618,64.2023,51.3618,25.6809,38.5214,77.0427,51.3618,12.8405,12.8405,77.0427,51.3618,51.3618,51.3618,51.3618,128.4045,51.3618,38.5214
shopping,5747.35,Millennia Credit Card,Millennia Credit Card,57.4735,172.4205,14.3684,28.7368,114.947,14.3684,28.7368,14.3684,20.1157,28.7368,14.3684,172.4205,14.3684,14.3684,14.3684,172.4205,21.5526,28.7368,14.3684,172.4205,57.4735,57.4735,172.4205,14.3684,14.3684,28.7368
groceries,6770.25,Tata Neu Infinity Credit Card,Cashback Credit Card,67.7025,67.7025,16.9256,33.8513,67.7025,16.9256,16.9256,8.4628,11.8479,33.8513,8.4628,67.7025,16.9256,8.4628,8.4628,67.7025,8.4628,8.4628,8.4628,101.5537,67.7025,67.7025,135.405,16.9256,8.4628,8.4628
travel,16150.6,Diners Club Black,Diners Club Black,80.753,80.753,40.3765,80.753,80.753,40.3765,242.259,80.753,169.5813,80.753,100.9412,80.753,40.3765,60.5648,121.1295,80.753,20.1883,20.1883,121.1295,80.753,80.753,80.753,80.753,201.8825,80.753,60.5648
shopping,4972.37,Millennia Credit Card,Millennia Credit Card,49.7237,149.1711,12.4309,24.8619,99.4474,12.4309,24.8619,12.4309,17.4033,24.8619,12.4309,149.1711,12.4309,12.4309,12.4309,149.1711,18.6464,24.8619,12.4309,149.1711,49.7237,49.7237,149.1711,12.4309,12.4309,24.8619
shopping,9162.78,Millennia Credit Card,YES First Business Credit Card,91.6278,274.8834,22.907,45.8139,183.2556,22.907,45.8139,22.907,32.0697,45.8139,22.907,274.8834,22.907,22.907,22.907,274.8834,34.3604,45.8139,22.907,274.8834,91.6278,91.6278,274.8834,22.907,22.907,45.8139
dining,9938.11,Cashback Credit Card,Cashback Credit Card,99.3811,49.6906,24.8453,49.6906,198.7622,24.8453,99.3811,24.8453,69.5668,49.6906,37.2679,49.6906,24.8453,24.8453,37.2679,99.3811,24.8453,24.8453,49.6906,99.3811,99.3811,99.3811,99.3811,49.6906,24.8453,24.8453
shopping,17863.93,Millennia Credit Card,Tata Neu Infinity Credit Card,178.6393,535.9179,44.6598,89.3196,357.2786,44.6598,89.3196,44.6598,62.5238,89.3196,44.6598,535.9179,44.6598,44.6598,44.6598,535.9179,66.9897,89.3196,44.6598,535.9179,178.6393,178.6393,535.9179,44.6598,44.6598,89.3196
travel,3600.14,Diners Club Black,Regalia Gold,18.0007,18.0007,9.0003,18.0007,18.0007,9.0003,54.0021,18.0007,37.8015,18.0007,22.5009,18.0007,9.0003,13.5005,27.001,18.0007,4.5002,4.5002,27.001,18.0007,18.0007,18.0007,18.0007,45.0018,18.0007,13.5005
travel,18357.65,Diners Club Black,Diners Club Black,91.7883,91.7883,45.8941,91.7883,91.7883,45.8941,275.3648,91.7883,192.7553,91.7883,114.7353,91.7883,45.8941,68.8412,137.6824,91.7883,22.9471,22.9471,137.6824,91.7883,91.7883,91.7883,91.7883,229.4706,91.7883,68.8412
travel,16048.19,Diners Club Black,Diners Club Black,80.2409,80.2409,40.1205,80.2409,80.2409,40.1205,240.7228,80.2409,168.506,80.2409,100.3012,80.2409,40.1205,60.1807,120.3614,80.2409,20.0602,20.0602,120.3614,80.2409,80.2409,80.2409,80.2409,200.6024,80.2409,60.1807
groceries,11949.5,Tata Neu Infinity Credit Card,First Wealth Credit Card,119.495,119.495,29.8738,59.7475,119.495,29.8738,29.8738,14.9369,20.9116,59.7475,14.9369,119.495,29.8738,14.9369,14.9369,119.495,14.9369,14.9369,14.9369,179.2425,119.495,119.495,238.99,29.8738,14.9369,14.9369
groceries,8592.14,Tata Neu Infinity Credit Card,Emerald Private Metal,85.9214,85.9214,21.4803,42.9607,85.9214,21.4803,21.4803,10.7402,15.0362,42.9607,10.7402,85.9214,21.4803,10.7402,10.7402,85.9214,10.7402,10.7402,10.7402,128.8821,85.9214,85.9214,171.8428,21.4803,10.7402,10.7402
dining,9056.39,Cashback Credit Card,SimplyCLICK Credit Card,90.5639,45.2819,22.641,45.2819,181.1278,22.641,90.5639,22.641,63.3947,45.2819,33.9615,45.2819,22.641,22.641,33.9615,90.5639,22.641,22.641,45.2819,90.5639,90.5639,90.5639,90.5639,45.2819,22.641,22.641
groceries,9743.48,Tata Neu Infinity Credit Card,Tata Neu Infinity Credit Card,97.4348,97.4348,24.3587,48.7174,97.4348,24.3587,24.3587,12.1793,17.0511,48.7174,12.1793,97.4348,24.3587,12.1793,12.1793,97.4348,12.1793,12.1793,12.1793,146.1522,97.4348,97.4348,194.8696,24.3587,12.1793,12.1793
dining,1641.92,Cashback Credit Card,Cashback Credit Card,16.4192,8.2096,4.1048,8.2096,32.8384,4.1048,16.4192,4.1048,11.4934,8.2096,6.1572,8.2096,4.1048,4.1048,6.1572,16.4192,4.1048,4.1048,8.2096,16.4192,16.4192,16.4192,16.4192,8.2096,4.1048,4.1048
fuel,6783.37,BPCL Octane Credit Card,Coral Credit Card,33.9168,33.9168,169.5842,33.9168,33.9168,8.4792,16.9584,8.4792,11.8709,33.9168,8.4792,33.9168,135.6674,8.4792,8.4792,33.9168,8.4792,8.4792,8.4792,33.9168,33.9168,33.9168,33.9168,16.9584,8.4792,8.4792
travel,7722.4,Diners Club Black,Diners Club Black,38.612,38.612,19.306,38.612,38.612,19.306,115.836,38.612,81.0852,38.612,48.265,38.612,19.306,28.959,57.918,38.612,9.653,9.653,57.918,38.612,38.612,38.612,38.612,96.53,38.612,28.959
travel,1378.15,Diners Club Black,Diners Club Black,6.8908,6.8908,3.4454,6.8908,6.8908,3.4454,20.6723,6.8908,14.4706,6.8908,8.6134,6.8908,3.4454,5.1681,10.3361,6.8908,1.7227,1.7227,10.3361,6.8908,6.8908,6.8908,6.8908,17.2269,6.8908,5.1681
groceries,9371.89,Tata Neu Infinity Credit Card,Tata Neu Infinity Credit Card,93.7189,93.7189,23.4297,46.8594,93.7189,23.4297,23.4297,11.7149,16.4008,46.8594,11.7149,93.7189,23.4297,11.7149,11.7149,93.7189,11.7149,11.7149,11.7149,140.5784,93.7189,93.7189,187.4378,23.4297,11.7149,11.7149
dining,7850.59,Cashback Credit Card,Millennia Credit Card,78.5059,39.2529,19.6265,39.2529,157.0118,19.6265,78.5059,19.6265,54.9541,39.2529,29.4397,39.2529,19.6265,19.6265,29.4397,78.5059,19.6265,19.6265,39.2529,78.5059,78.5059,78.5059,78.5059,39.2529,19.6265,19.6265
groceries,7669.58,Tata Neu Infinity Credit Card,Tata Neu Infinity Credit Card,76.6958,76.6958,19.174,38.3479,76.6958,19.174,19.174,9.587,13.4218,38.3479,9.587,76.6958,19.174,9.587,9.587,76.6958,9.587,9.587,9.587,115.0437,76.6958,76.6958,153.3916,19.174,9.587,9.587
fuel,6042.39,BPCL Octane Credit Card,BPCL Octane Credit Card,30.212,30.212,151.0598,30.212,30.212,7.553,15.106,7.553,10.5742,30.212,7.553,30.212,120.8478,7.553,7.553,30.212,7.553,7.553,7.553,30.212,30.212,30.212,30.212,15.106,7.553,7.553
dining,10810.59,Cashback Credit Card,My Zone Credit Card,108.1059,54.053,27.0265,54.053,216.2118,27.0265,108.1059,27.0265,75.6741,54.053,40.5397,54.053,27.0265,27.0265,40.5397,108.1059,27.0265,27.0265,54.053,108.1059,108.1059,108.1059,108.1059,54.053,27.0265,27.0265
dining,4466.49,Cashback Credit Card,Cashback Credit Card,44.6649,22.3324,11.1662,22.3324,89.3298,11.1662,44.6649,11.1662,31.2654,22.3324,16.7493,22.3324,11.1662,11.1662,16.7493,44.6649,11.1662,11.1662,22.3324,44.6649,44.6649,44.6649,44.6649,22.3324,11.1662,11.1662
shopping,7838.26,Millennia Credit Card,Millennia Credit Card,78.3826,235.1478,19.5956,39.1913,156.7652,19.5956,39.1913,19.5956,27.4339,39.1913,19.5956,235.1478,19.5956,19.5956,19.5956,235.1478,29.3935,39.1913,19.5956,235.1478,78.3826,78.3826,235.1478,19.5956,19.5956,39.1913
dining,14511.21,Cashback Credit Card,Vistara Infinite Credit Card,145.1121,72.556,36.278,72.556,290.2242,36.278,145.1121,36.278,101.5785,72.556,54.417,72.556,36.278,36.278,54.417,145.1121,36.278,36.278,72.556,145.1121,145.1121,145.1121,145.1121,72.556,36.278,36.278
groceries,636.63,Tata Neu Infinity Credit Card,Tata Neu Infinity Credit Card,6.3663,6.3663,1.5916,3.1831,6.3663,1.5916,1.5916,0.7958,1.1141,3.1831,0.7958,6.3663,1.5916,0.7958,0.7958,6.3663,0.7958,0.7958,0.7958,9.5495,6.3663,6.3663,12.7326,1.5916,0.7958,0.7958
groceries,13293.7,Tata Neu Infinity Credit Card,Tata Neu Infinity Credit Card,132.937,132.937,33.2343,66.4685,132.937,33.2343,33.2343,16.6171,23.264,66.4685,16.6171,132.937,33.2343,16.6171,16.6171,132.937,16.6171,16.6171,16.6171,199.4055,132.937,132.937,265.874,33.2343,16.6171,16.6171
dining,2800.42,Cashback Credit Card,Cashback Credit Card,28.0042,14.0021,7.0011,14.0021,56.0084,7.0011,28.0042,7.0011,19.6029,14.0021,10.5016,14.0021,7.0011,7.0011,10.5016,28.0042,7.0011,7.0011,14.0021,28.0042,28.0042,28.0042,28.0042,14.0021,7.0011,7.0011
shopping,5277.11,Millennia Credit Card,Millennia Credit Card,52.7711,158.3133,13.1928,26.3855,105.5422,13.1928,26.3855,13.1928,18.4699,26.3855,13.1928,158.3133,13.1928,13.1928,13.1928,158.3133,19.7892,26.3855,13.1928,158.3133,52.7711,52.7711,158.3133,13.1928,13.1928,26.3855
dining,6604.23,Cashback Credit Card,White Credit Card,66.0423,33.0211,16.5106,33.0211,132.0846,16.5106,66.0423,16.5106,46.2296,33.0211,24.7659,33.0211,16.5106,16.5106,24.7659,66.0423,16.5106,16.5106,33.0211,66.0423,66.0423,66.0423,66.0423,33.0211,16.5106,16.5106
dining,5120.2,Cashback Credit Card,Cashback Credit Card,51.202,25.601,12.8005,25.601,102.404,12.8005,51.202,12.8005,35.8414,25.601,19.2007,25.601,12.8005,12.8005,19.2007,51.202,12.8005,12.8005,25.601,51.202,51.202,51.202,51.202,25.601,12.8005,12.8005
shopping,15005.58,Millennia Credit Card,Millennia Credit Card,150.0558,450.1674,37.514,75.0279,300.1116,37.514,75.0279,37.514,52.5195,75.0279,37.514,450.1674,37.514,37.514,37.514,450.1674,56.2709,75.0279,37.514,450.1674,150.0558,150.0558,450.1674,37.514,37.514,75.0279
fuel,4562.02,BPCL Octane Credit Card,BPCL Octane Credit Card,22.8101,22.8101,114.0505,22.8101,22.8101,5.7025,11.4051,5.7025,7.9835,22.8101,5.7025,22.8101,91.2404,5.7025,5.7025,22.8101,5.7025,5.7025,5.7025,22.8101,22.8101,22.8101,22.8101,11.4051,5.7025,5.7025
shopping,15109.24,Millennia Credit Card,Millennia Credit Card,151.0924,453.2772,37.7731,75.5462,302.1848,37.7731,75.5462,37.7731,52.8823,75.5462,37.7731,453.2772,37.7731,37.7731,37.7731,453.2772,56.6596,75.5462,37.7731,453.2772,151.0924,151.0924,453.2772,37.7731,37.7731,75.5462
groceries,3132.41,Tata Neu Infinity Credit Card,Tata Neu Infinity Credit Card,31.3241,31.3241,7.831,15.662,31.3241,7.831,7.831,3.9155,5.4817,15.662,3.9155,31.3241,7.831,3.9155,3.9155,31.3241,3.9155,3.9155,3.9155,46.9861,31.3241,31.3241,62.6482,7.831,3.9155,3.9155
shopping,11322.99,Millennia Credit Card,Millennia Credit Card,113.2299,339.6897,28.3075,56.615,226.4598,28.3075,56.615,28.3075,39.6305,56.615,28.3075,339.6897,28.3075,28.3075,28.3075,339.6897,42.4612,56.615,28.3075,339.6897,113.2299,113.2299,339.6897,28.3075,28.3075,56.615
fuel,15361.27,BPCL Octane Credit Card,BPCL Octane Credit Card,76.8064,76.8064,384.0318,76.8064,76.8064,19.2016,38.4032,19.2016,26.8822,76.8064,19.2016,76.8064,307.2254,19.2016,19.2016,76.8064,19.2016,19.2016,19.2016,76.8064,76.8064,76.8064,76.8064,38.4032,19.2016,19.2016
groceries,19278.32,Tata Neu Infinity Credit Card,Amazon Pay Credit Card,192.7832,192.7832,48.1958,96.3916,192.7832,48.1958,48.1958,24.0979,33.7371,96.3916,24.0979,192.7832,48.1958,24.0979,24.0979,192.7832,24.0979,24.0979,24.0979,289.1748,192.7832,192.7832,385.5664,48.1958,24.0979,24.0979
fuel,2251.17,BPCL Octane Credit Card,BPCL Octane Credit Card,11.2559,11.2559,56.2793,11.2559,11.2559,2.814,5.6279,2.814,3.9395,11.2559,2.814,11.2559,45.0234,2.814,2.814,11.2559,2.814,2.814,2.814,11.2559,11.2559,11.2559,11.2559,5.6279,2.814,2.814
fuel,11558.35,BPCL Octane Credit Card,SimplySAVE Credit Card,57.7918,57.7918,288.9588,57.7918,57.7918,14.4479,28.8959,14.4479,20.2271,57.7918,14.4479,57.7918,231.167,14.4479,14.4479,57.7918,14.4479,14.4479,14.4479,57.7918,57.7918,57.7918,57.7918,28.8959,14.4479,14.4479
travel,1612.33,Diners Club Black,Diners Club Black,8.0617,8.0617,4.0308,8.0617,8.0617,4.0308,24.185,8.0617,16.9295,8.0617,10.0771,8.0617,4.0308,6.0462,12.0925,8.0617,2.0154,2.0154,12.0925,8.0617,8.0617,8.0617,8.0617,20.1541,8.0617,6.0462
travel,2127.84,Diners Club Black,First Wealth Credit Card,10.6392,10.6392,5.3196,10.6392,10.6392,5.3196,31.9176,10.6392,22.3423,10.6392,13.299,10.6392,5.3196,7.9794,15.9588,10.6392,2.6598,2.6598,15.9588,10.6392,10.6392,10.6392,10.6392,26.598,10.6392,7.9794
shopping,15944.92,Millennia Credit Card,Millennia Credit Card,159.4492,478.3476,39.8623,79.7246,318.8984,39.8623,79.7246,39.8623,55.8072,79.7246,39.8623,478.3476,39.8623,39.8623,39.8623,478.3476,59.7934,79.7246,39.8623,478.3476,159.4492,159.4492,478.3476,39.8623,39.8623,79.7246
shopping,7009.35,Millennia Credit Card,Millennia Credit Card,70.0935,210.2805,17.5234,35.0468,140.187,17.5234,35.0468,17.5234,24.5327,35.0468,17.5234,210.2805,17.5234,17.5234,17.5234,210.2805,26.2851,35.0468,17.5234,210.2805,70.0935,70.0935,210.2805,17.5234,17.5234,35.0468
fuel,1472.24,BPCL Octane Credit Card,BPCL Octane Credit Card,7.3612,7.3612,36.806,7.3612,7.3612,1.8403,3.6806,1.8403,2.5764,7.3612,1.8403,7.3612,29.4448,1.8403,1.8403,7.3612,1.8403,1.8403,1.8403,7.3612,7.3612,7.3612,7.3612,3.6806,1.8403,1.8403
shopping,17006.55,Millennia Credit Card,Ace Credit Card,170.0655,510.1965,42.5164,85.0327,340.131,42.5164,85.0327,42.5164,59.5229,85.0327,42.5164,510.1965,42.5164,42.5164,42.5164,510.1965,63.7746,85.0327,42.5164,510.1965,170.0655,170.0655,510.1965,42.5164,42.5164,85.0327
dining,14175.44,Cashback Credit Card,Cashback Credit Card,141.7544,70.8772,35.4386,70.8772,283.5088,35.4386,141.7544,35.4386,99.2281,70.8772,53.1579,70.8772,35.4386,35.4386,53.1579,141.7544,35.4386,35.4386,70.8772,141.7544,141.7544,141.7544,141.7544,70.8772,35.4386,35.4386
groceries,19312.93,Tata Neu Infinity Credit Card,Tata Neu Infinity Credit Card,193.1293,193.1293,48.2823,96.5647,193.1293,48.2823,48.2823,24.1412,33.7976,96.5647,24.1412,193.1293,48.2823,24.1412,24.1412,193.1293,24.1412,24.1412,24.1412,289.694,193.1293,193.1293,386.2586,48.2823,24.1412,24.1412
groceries,15515.36,Tata Neu Infinity Credit Card,Tata Neu Infinity Credit Card,155.1536,155.1536,38.7884,77.5768,155.1536,38.7884,38.7884,19.3942,27.1519,77.5768,19.3942,155.1536,38.7884,19.3942,19.3942,155.1536,19.3942,19.3942,19.3942,232.7304,155.1536,155.1536,310.3072,38.7884,19.3942,19.3942
groceries,5441.07,Tata Neu Infinity Credit Card,Diners Club Black,54.4107,54.4107,13.6027,27.2053,54.4107,13.6027,13.6027,6.8013,9.5219,27.2053,6.8013,54.4107,13.6027,6.8013,6.8013,54.4107,6.8013,6.8013,6.8013,81.6161,54.4107,54.4107,108.8214,13.6027,6.8013,6.8013
dining,4952.88,Cashback Credit Card,Cashback Credit Card,49.5288,24.7644,12.3822,24.7644,99.0576,12.3822,49.5288,12.3822,34.6702,24.7644,18.5733,24.7644,12.3822,12.3822,18.5733,49.5288,12.3822,12.3822,24.7644,49.5288,49.5288,49.5288,49.5288,24.7644,12.3822,12.3822
groceries,13396.95,Tata Neu Infinity Credit Card,Tata Neu Infinity Credit Card,133.9695,133.9695,33.4924,66.9848,133.9695,33.4924,33.4924,16.7462,23.4447,66.9848,16.7462,133.9695,33.4924,16.7462,16.7462,133.9695,16.7462,16.7462,16.7462,200.9543,133.9695,133.9695,267.939,33.4924,16.7462,16.7462
dining,17033.96,Cashback Credit Card,Cashback Credit Card,170.3396,85.1698,42.5849,85.1698,340.6792,42.5849,170.3396,42.5849,119.2377,85.1698,63.8773,85.1698,42.5849,42.5849,63.8773,170.3396,42.5849,42.5849,85.1698,170.3396,170.3396,170.3396,170.3396,85.1698,42.5849,42.5849
travel,7161.02,Diners Club Black,Diners Club Black,35.8051,35.8051,17.9026,35.8051,35.8051,17.9026,107.4153,35.8051,75.1907,35.8051,44.7564,35.8051,17.9026,26.8538,53.7077,35.8051,8.9513,8.9513,53.7077,35.8051,35.8051,35.8051,35.8051,89.5128,35.8051,26.8538
fuel,17618.37,BPCL Octane Credit Card,Millennia Credit Card,88.0918,88.0918,440.4592,88.0918,88.0918,22.023,44.0459,22.023,30.8321,88.0918,22.023,88.0918,352.3674,22.023,22.023,88.0918,22.023,22.023,22.023,88.0918,88.0918,88.0918,88.0918,44.0459,22.023,22.023
groceries,18966.45,Tata Neu Infinity Credit Card,Tata Neu Infinity Credit Card,189.6645,189.6645,47.4161,94.8323,189.6645,47.4161,47.4161,23.7081,33.1913,94.8323,23.7081,189.6645,47.4161,23.7081,23.7081,189.6645,23.7081,23.7081,23.7081,284.4968,189.6645,189.6645,379.329,47.4161,23.7081,23.7081
dining,9822.7,Cashback Credit Card,Super Value Titanium Credit Card,98.227,49.1135,24.5568,49.1135,196.454,24.5568,98.227,24.5568,68.7589,49.1135,36.8351,49.1135,24.5568,24.5568,36.8351,98.227,24.5568,24.5568,49.1135,98.227,98.227,98.227,98.227,49.1135,24.5568,24.5568
dining,9018.67,Cashback Credit Card,Cashback Credit Card,90.1867,45.0934,22.5467,45.0934,180.3734,22.5467,90.1867,22.5467,63.1307,45.0934,33.82,45.0934,22.5467,22.5467,33.82,90.1867,22.5467,22.5467,45.0934,90.1867,90.1867,90.1867,90.1867,45.0934,22.5467,22.5467
fuel,4509.77,BPCL Octane Credit Card,BPCL Octane Credit Card,22.5489,22.5489,112.7443,22.5489,22.5489,5.6372,11.2744,5.6372,7.8921,22.5489,5.6372,22.5489,90.1954,5.6372,5.6372,22.5489,5.6372,5.6372,5.6372,22.5489,22.5489,22.5489,22.5489,11.2744,5.6372,5.6372
fuel,13312.8,BPCL Octane Credit Card,BPCL Octane Credit Card,66.564,66.564,332.82,66.564,66.564,16.641,33.282,16.641,23.2974,66.564,16.641,66.564,266.256,16.641,16.641,66.564,16.641,16.641,16.641,66.564,66.564,66.564,66.564,33.282,16.641,16.641
groceries,10665.35,Tata Neu Infinity Credit Card,Tata Neu Infinity Credit Card,106.6535,106.6535,26.6634,53.3268,106.6535,26.6634,26.6634,13.3317,18.6644,53.3268,13.3317,106.6535,26.6634,13.3317,13.3317,106.6535,13.3317,13.3317,13.3317,159.9803,106.6535,106.6535,213.307,26.6634,13.3317,13.3317
groceries,6682.75,Tata Neu Infinity Credit Card,BPCL Octane Credit Card,66.8275,66.8275,16.7069,33.4138,66.8275,16.7069,16.7069,8.3534,11.6948,33.4138,8.3534,66.8275,16.7069,8.3534,8.3534,66.8275,8.3534,8.3534,8.3534,100.2412,66.8275,66.8275,133.655,16.7069,8.3534,8.3534
travel,2501.05,Diners Club Black,Diners Club Black,12.5053,12.5053,6.2526,12.5053,12.5053,6.2526,37.5158,12.5053,26.261,12.5053,15.6316,12.5053,6.2526,9.3789,18.7579,12.5053,3.1263,3.1263,18.7579,12.5053,12.5053,12.5053,12.5053,31.2631,12.5053,9.3789
shopping,14883.33,Millennia Credit Card,Coral Credit Card,148.8333,446.4999,37.2083,74.4167,297.6666,37.2083,74.4167,37.2083,52.0917,74.4167,37.2083,446.4999,37.2083,37.2083,37.2083,446.4999,55.8125,74.4167,37.2083,446.4999,148.8333,148.8333,446.4999,37.2083,37.2083,74.4167
dining,5602.34,Cashback Credit Card,Cashback Credit Card,56.0234,28.0117,14.0059,28.0117,112.0468,14.0059,56.0234,14.0059,39.2164,28.0117,21.0088,28.0117,14.0059,14.0059,21.0088,56.0234,14.0059,14.0059,28.0117,56.0234,56.0234,56.0234,56.0234,28.0117,14.0059,14.0059
groceries,11976.14,Tata Neu Infinity Credit Card,Elite Credit Card,119.7614,119.7614,29.9403,59.8807,119.7614,29.9403,29.9403,14.9702,20.9582,59.8807,14.9702,119.7614,29.9403,14.9702,14.9702,119.7614,14.9702,14.9702,14.9702,179.6421,119.7614,119.7614,239.5228,29.9403,14.9702,14.9702
fuel,3670.89,BPCL Octane Credit Card,BPCL Octane Credit Card,18.3544,18.3544,91.7722,18.3544,18.3544,4.5886,9.1772,4.5886,6.4241,18.3544,4.5886,18.3544,73.4178,4.5886,4.5886,18.3544,4.5886,4.5886,4.5886,18.3544,18.3544,18.3544,18.3544,9.1772,4.5886,4.5886
groceries,2619.0,Tata Neu Infinity Credit Card,Tata Neu Infinity Credit Card,26.19,26.19,6.5475,13.095,26.19,6.5475,6.5475,3.2738,4.5832,13.095,3.2738,26.19,6.5475,3.2738,3.2738,26.19,3.2738,3.2738,3.2738,39.285,26.19,26.19,52.38,6.5475,3.2738,3.2738
shopping,11111.84,Millennia Credit Card,Millennia Credit Card,111.1184,333.3552,27.7796,55.5592,222.2368,27.7796,55.5592,27.7796,38.8914,55.5592,27.7796,333.3552,27.7796,27.7796,27.7796,333.3552,41.6694,55.5592,27.7796,333.3552,111.1184,111.1184,333.3552,27.7796,27.7796,55.5592
travel,12793.61,Diners Club Black,Millennia Credit Card,63.9681,63.9681,31.984,63.9681,63.9681,31.984,191.9042,63.9681,134.3329,63.9681,79.9601,63.9681,31.984,47.976,95.9521,63.9681,15.992,15.992,95.9521,63.9681,63.9681,63.9681,63.9681,159.9201,63.9681,47.976
groceries,5758.35,Tata Neu Infinity Credit Card,Tata Neu Infinity Credit Card,57.5835,57.5835,14.3959,28.7918,57.5835,14.3959,14.3959,7.1979,10.0771,28.7918,7.1979,57.5835,14.3959,7.1979,7.1979,57.5835,7.1979,7.1979,7.1979,86.3753,57.5835,57.5835,115.167,14.3959,7.1979,7.1979
fuel,3768.84,BPCL Octane Credit Card,BPCL Octane Credit Card,18.8442,18.8442,94.221,18.8442,18.8442,4.7111,9.4221,4.7111,6.5955,18.8442,4.7111,18.8442,75.3768,4.7111,4.7111,18.8442,4.7111,4.7111,4.7111,18.8442,18.8442,18.8442,18.8442,9.4221,4.7111,4.7111
dining,2370.33,Cashback Credit Card,Cashback Credit Card,23.7033,11.8516,5.9258,11.8516,47.4066,5.9258,23.7033,5.9258,16.5923,11.8516,8.8887,11.8516,5.9258,5.9258,8.8887,23.7033,5.9258,5.9258,11.8516,23.7033,23.7033,23.7033,23.7033,11.8516,5.9258,5.9258
dining,1574.24,Cashback Credit Card,Cashback Credit Card,15.7424,7.8712,3.9356,7.8712,31.4848,3.9356,15.7424,3.9356,11.0197,7.8712,5.9034,7.8712,3.9356,3.9356,5.9034,15.7424,3.9356,3.9356,7.8712,15.7424,15.7424,15.7424,15.7424,7.8712,3.9356,3.9356
shopping,3119.37,Millennia Credit Card,Diners Club Black,31.1937,93.5811,7.7984,15.5968,62.3874,7.7984,15.5968,7.7984,10.9178,15.5968,7.7984,93.5811,7.7984,7.7984,7.7984,93.5811,11.6976,15.5968,7.7984,93.5811,31.1937,31.1937,93.5811,7.7984,7.7984,15.5968
travel,2457.19,Diners Club Black,Tata Neu Infinity Credit Card,12.2859,12.2859,6.143,12.2859,12.2859,6.143,36.8578,12.2859,25.8005,12.2859,15.3574,12.2859,6.143,9.2145,18.4289,12.2859,3.0715,3.0715,18.4289,12.2859,12.2859,12.2859,12.2859,30.7149,12.2859,9.2145
travel,15536.3,Diners Club Black,Diners Club Black,77.6815,77.6815,38.8407,77.6815,77.6815,38.8407,233.0445,77.6815,163.1311,77.6815,97.1019,77.6815,38.8407,58.2611,116.5222,77.6815,19.4204,19.4204,116.5222,77.6815,77.6815,77.6815,77.6815,194.2038,77.6815,58.2611
dining,6017.33,Cashback Credit Card,Cashback Credit Card,60.1733,30.0866,15.0433,30.0866,120.3466,15.0433,60.1733,15.0433,42.1213,30.0866,22.565,30.0866,15.0433,15.0433,22.565,60.1733,15.0433,15.0433,30.0866,60.1733,60.1733,60.1733,60.1733,30.0866,15.0433,15.0433
dining,6177.07,Cashback Credit Card,Cashback Credit Card,61.7707,30.8853,15.4427,30.8853,123.5414,15.4427,61.7707,15.4427,43.2395,30.8853,23.164,30.8853,15.4427,15.4427,23.164,61.7707,15.4427,15.4427,30.8853,61.7707,61.7707,61.7707,61.7707,30.8853,15.4427,15.4427
groceries,19206.16,Tata Neu Infinity Credit Card,Tata Neu Infinity Credit Card,192.0616,192.0616,48.0154,96.0308,192.0616,48.0154,48.0154,24.0077,33.6108,96.0308,24.0077,192.0616,48.0154,24.0077,24.0077,192.0616,24.0077,24.0077,24.0077,288.0924,192.0616,192.0616,384.1232,48.0154,24.0077,24.0077
travel,12547.75,Diners Club Black,Diners Club Black,62.7388,62.7388,31.3694,62.7388,62.7388,31.3694,188.2163,62.7388,131.7514,62.7388,78.4234,62.7388,31.3694,47.0541,94.1081,62.7388,15.6847,15.6847,94.1081,62.7388,62.7388,62.7388,62.7388,156.8469,62.7388,47.0541
shopping,3225.44,Millennia Credit Card,Millennia Credit Card,32.2544,96.7632,8.0636,16.1272,64.5088,8.0636,16.1272,8.0636,11.289,16.1272,8.0636,96.7632,8.0636,8.0636,8.0636,96.7632,12.0954,16.1272,8.0636,96.7632,32.2544,32.2544,96.7632,8.0636,8.0636,16.1272
shopping,3215.0,Millennia Credit Card,Millennia Credit Card,32.15,96.45,8.0375,16.075,64.3,8.0375,16.075,8.0375,11.2525,16.075,8.0375,96.45,8.0375,8.0375,8.0375,96.45,12.0563,16.075,8.0375,96.45,32.15,32.15,96.45,8.0375,8.0375,16.075
groceries,9451.26,Tata Neu Infinity Credit Card,Tata Neu Infinity Credit Card,94.5126,94.5126,23.6282,47.2563,94.5126,23.6282,23.6282,11.8141,16.5397,47.2563,11.8141,94.5126,23.6282,11.8141,11.8141,94.5126,11.8141,11.8141,11.8141,141.7689,94.5126,94.5126,189.0252,23.6282,11.8141,11.8141
fuel,14168.42,BPCL Octane Credit Card,HPCL Super Saver Credit Card,70.8421,70.8421,354.2105,70.8421,70.8421,17.7105,35.4211,17.7105,24.7947,70.8421,17.7105,70.8421,283.3684,17.7105,17.7105,70.8421,17.7105,17.7105,17.7105,70.8421,70.8421,70.8421,70.8421,35.4211,17.7105,17.7105
travel,18485.83,Diners Club Black,Super Value Titanium Credit Card,92.4292,92.4292,46.2146,92.4292,92.4292,46.2146,277.2875,92.4292,194.1012,92.4292,115.5364,92.4292,46.2146,69.3219,138.6437,92.4292,23.1073,23.1073,138.6437,92.4292,92.4292,92.4292,92.4292,231.0729,92.4292,69.3219
travel,8560.27,Diners Club Black,Diners Club Black,42.8013,42.8013,21.4007,42.8013,42.8013,21.4007,128.4041,42.8013,89.8828,42.8013,53.5017,42.8013,21.4007,32.101,64.202,42.8013,10.7003,10.7003,64.202,42.8013,42.8013,42.8013,42.8013,107.0034,42.8013,32.101
travel,18177.39,Diners Club Black,Emerald Private Metal,90.8869,90.8869,45.4435,90.8869,90.8869,45.4435,272.6608,90.8869,190.8626,90.8869,113.6087,90.8869,45.4435,68.1652,136.3304,90.8869,22.7217,22.7217,136.3304,90.8869,90.8869,90.8869,90.8869,227.2174,90.8869,68.1652
fuel,11941.38,BPCL Octane Credit Card,Magnus Credit Card,59.7069,59.7069,298.5345,59.7069,59.7069,14.9267,29.8534,14.9267,20.8974,59.7069,14.9267,59.7069,238.8276,14.9267,14.9267,59.7069,14.9267,14.9267,14.9267,59.7069,59.7069,59.7069,59.7069,29.8534,14.9267,14.9267
dining,13804.69,Cashback Credit Card,Cashback Credit Card,138.0469,69.0234,34.5117,69.0234,276.0938,34.5117,138.0469,34.5117,96.6328,69.0234,51.7676,69.0234,34.5117,34.5117,51.7676,138.0469,34.5117,34.5117,69.0234,138.0469,138.0469,138.0469,138.0469,69.0234,34.5117,34.5117
fuel,10059.4,BPCL Octane Credit Card,BPCL Octane Credit Card,50.297,50.297,251.485,50.297,50.297,12.5742,25.1485,12.5742,17.6039,50.297,12.5742,50.297,201.188,12.5742,12.5742,50.297,12.5742,12.5742,12.5742,50.297,50.297,50.297,50.297,25.1485,12.5742,12.5742
shopping,12000.93,Millennia Credit Card,First Wealth Credit Card,120.0093,360.0279,30.0023,60.0046,240.0186,30.0023,60.0046,30.0023,42.0033,60.0046,30.0023,360.0279,30.0023,30.0023,30.0023,360.0279,45.0035,60.0046,30.0023,360.0279,120.0093,120.0093,360.0279,30.0023,30.0023,60.0046
shopping,1917.41,Millennia Credit Card,First Classic Credit Card,19.1741,57.5223,4.7935,9.587,38.3482,4.7935,9.587,4.7935,6.7109,9.587,4.7935,57.5223,4.7935,4.7935,4.7935,57.5223,7.1903,9.587,4.7935,57.5223,19.1741,19.1741,57.5223,4.7935,4.7935,9.587
shopping,19991.49,Millennia Credit Card,Millennia Credit Card,199.9149,599.7447,49.9787,99.9575,399.8298,49.9787,99.9575,49.9787,69.9702,99.9575,49.9787,599.7447,49.9787,49.9787,49.9787,599.7447,74.9681,99.9575,49.9787,599.7447,199.9149,199.9149,599.7447,49.9787,49.9787,99.9575
fuel,11567.31,BPCL Octane Credit Card,Super Value Titanium Credit Card,57.8365,57.8365,289.1827,57.8365,57.8365,14.4591,28.9183,14.4591,20.2428,57.8365,14.4591,57.8365,231.3462,14.4591,14.4591,57.8365,14.4591,14.4591,14.4591,57.8365,57.8365,57.8365,57.8365,28.9183,14.4591,14.4591
dining,18329.85,Cashback Credit Card,Cashback Credit Card,183.2985,91.6492,45.8246,91.6492,366.597,45.8246,183.2985,45.8246,128.3089,91.6492,68.7369,91.6492,45.8246,45.8246,68.7369,183.2985,45.8246,45.8246,91.6492,183.2985,183.2985,183.2985,183.2985,91.6492,45.8246,45.8246
groceries,8774.11,Tata Neu Infinity Credit Card,Ace Credit Card,87.7411,87.7411,21.9353,43.8706,87.7411,21.9353,21.9353,10.9676,15.3547,43.8706,10.9676,87.7411,21.9353,10.9676,10.9676,87.7411,10.9676,10.9676,10.9676,131.6116,87.7411,87.7411,175.4822,21.9353,10.9676,10.9676
dining,6732.84,Cashback Credit Card,Cashback Credit Card,67.3284,33.6642,16.8321,33.6642,134.6568,16.8321,67.3284,16.8321,47.1299,33.6642,25.2481,33.6642,16.8321,16.8321,25.2481,67.3284,16.8321,16.8321,33.6642,67.3284,67.3284,67.3284,67.3284,33.6642,16.8321,16.8321
travel,6663.09,Diners Club Black,Diners Club Black,33.3154,33.3154,16.6577,33.3154,33.3154,16.6577,99.9463,33.3154,69.9624,33.3154,41.6443,33.3154,16.6577,24.9866,49.9732,33.3154,8.3289,8.3289,49.9732,33.3154,33.3154,33.3154,33.3154,83.2886,33.3154,24.9866
fuel,13285.41,BPCL Octane Credit Card,BPCL Octane Credit Card,66.427,66.427,332.1353,66.427,66.427,16.6068,33.2135,16.6068,23.2495,66.427,16.6068,66.427,265.7082,16.6068,16.6068,66.427,16.6068,16.6068,16.6068,66.427,66.427,66.427,66.427,33.2135,16.6068,16.6068
groceries,830.27,Tata Neu Infinity Credit Card,Tata Neu Infinity Credit Card,8.3027,8.3027,2.0757,4.1513,8.3027,2.0757,2.0757,1.0378,1.453,4.1513,1.0378,8.3027,2.0757,1.0378,1.0378,8.3027,1.0378,1.0378,1.0378,12.4541,8.3027,8.3027,16.6054,2.0757,1.0378,1.0378
fuel,6533.15,BPCL Octane Credit Card,Super Value Titanium Credit Card,32.6657,32.6657,163.3288,32.6657,32.6657,8.1664,16.3329,8.1664,11.433,32.6657,8.1664,32.6657,130.663,8.1664,8.1664,32.6657,8.1664,8.1664,8.1664,32.6657,32.6657,32.6657,32.6657,16.3329,8.1664,8.1664
shopping,13187.44,Millennia Credit Card,Millennia Credit Card,131.8744,395.6232,32.9686,65.9372,263.7488,32.9686,65.9372,32.9686,46.156,65.9372,32.9686,395.6232,32.9686,32.9686,32.9686,395.6232,49.4529,65.9372,32.9686,395.6232,131.8744,131.8744,395.6232,32.9686,32.9686,65.9372
dining,1178.66,Cashback Credit Card,Cashback Credit Card,11.7866,5.8933,2.9466,5.8933,23.5732,2.9466,11.7866,2.9466,8.2506,5.8933,4.42,5.8933,2.9466,2.9466,4.42,11.7866,2.9466,2.9466,5.8933,11.7866,11.7866,11.7866,11.7866,5.8933,2.9466,2.9466
groceries,15153.22,Tata Neu Infinity Credit Card,Tata Neu Infinity Credit Card,151.5322,151.5322,37.883,75.7661,151.5322,37.883,37.883,18.9415,26.5181,75.7661,18.9415,151.5322,37.883,18.9415,18.9415,151.5322,18.9415,18.9415,18.9415,227.2983,151.5322,151.5322,303.0644,37.883,18.9415,18.9415
shopping,4150.81,Millennia Credit Card,Millennia Credit Card,41.5081,124.5243,10.377,20.7541,83.0162,10.377,20.7541,10.377,14.5278,20.7541,10.377,124.5243,10.377,10.377,10.377,124.5243,15.5655,20.7541,10.377,124.5243,41.5081,41.5081,124.5243,10.377,10.377,20.7541
fuel,8818.51,BPCL Octane Credit Card,BPCL Octane Credit Card,44.0926,44.0926,220.4628,44.0926,44.0926,11.0231,22.0463,11.0231,15.4324,44.0926,11.0231,44.0926,176.3702,11.0231,11.0231,44.0926,11.0231,11.0231,11.0231,44.0926,44.0926,44.0926,44.0926,22.0463,11.0231,11.0231
shopping,674.5,Millennia Credit Card,Millennia Credit Card,6.745,20.235,1.6863,3.3725,13.49,1.6863,3.3725,1.6863,2.3607,3.3725,1.6863,20.235,1.6863,1.6863,1.6863,20.235,2.5294,3.3725,1.6863,20.235,6.745,6.745,20.235,1.6863,1.6863,3.3725
travel,14224.68,Diners Club Black,Diners Club Black,71.1234,71.1234,35.5617,71.1234,71.1234,35.5617,213.3702,71.1234,149.3591,71.1234,88.9042,71.1234,35.5617,53.3426,106.6851,71.1234,17.7809,17.7809,106.6851,71.1234,71.1234,71.1234,71.1234,177.8085,71.1234,53.3426
shopping,11089.8,Millennia Credit Card,Millennia Credit Card,110.898,332.694,27.7245,55.449,221.796,27.7245,55.449,27.7245,38.8143,55.449,27.7245,332.694,27.7245,27.7245,27.7245,332.694,41.5867,55.449,27.7245,332.694,110.898,110.898,332.694,27.7245,27.7245,55.449
shopping,9282.81,Millennia Credit Card,Millennia Credit Card,92.8281,278.4843,23.207,46.414,185.6562,23.207,46.414,23.207,32.4898,46.414,23.207,278.4843,23.207,23.207,23.207,278.4843,34.8105,46.414,23.207,278.4843,92.8281,92.8281,278.4843,23.207,23.207,46.414
travel,10017.67,Diners Club Black,SimplyCLICK Credit Card,50.0883,50.0883,25.0442,50.0883,50.0883,25.0442,150.2651,50.0883,105.1855,50.0883,62.6104,50.0883,25.0442,37.5663,75.1325,50.0883,12.5221,12.5221,75.1325,50.0883,50.0883,50.0883,50.0883,125.2209,50.0883,37.5663
dining,19606.87,Cashback Credit Card,Cashback Credit Card,196.0687,98.0343,49.0172,98.0343,392.1374,49.0172,196.0687,49.0172,137.2481,98.0343,73.5258,98.0343,49.0172,49.0172,73.5258,196.0687,49.0172,49.0172,98.0343,196.0687,196.0687,196.0687,196.0687,98.0343,49.0172,49.0172
groceries,2978.38,Tata Neu Infinity Credit Card,Tata Neu Infinity Credit Card,29.7838,29.7838,7.4459,14.8919,29.7838,7.4459,7.4459,3.723,5.2122,14.8919,3.723,29.7838,7.4459,3.723,3.723,29.7838,3.723,3.723,3.723,44.6757,29.7838,29.7838,59.5676,7.4459,3.723,3.723
groceries,10213.99,Tata Neu Infinity Credit Card,SimplyCLICK Credit Card,102.1399,102.1399,25.535,51.0699,102.1399,25.535,25.535,12.7675,17.8745,51.0699,12.7675,102.1399,25.535,12.7675,12.7675,102.1399,12.7675,12.7675,12.7675,153.2099,102.1399,102.1399,204.2798,25.535,12.7675,12.7675
dining,6863.52,Cashback Credit Card,Millennia Credit Card,68.6352,34.3176,17.1588,34.3176,137.2704,17.1588,68.6352,17.1588,48.0446,34.3176,25.7382,34.3176,17.1588,17.1588,25.7382,68.6352,17.1588,17.1588,34.3176,68.6352,68.6352,68.6352,68.6352,34.3176,17.1588,17.1588
fuel,14548.41,BPCL Octane Credit Card,Super Value Titanium Credit Card,72.7421,72.7421,363.7103,72.7421,72.7421,18.1855,36.371,18.1855,25.4597,72.7421,18.1855,72.7421,290.9682,18.1855,18.1855,72.7421,18.1855,18.1855,18.1855,72.7421,72.7421,72.7421,72.7421,36.371,18.1855,18.1855
travel,8986.29,Diners Club Black,Diners Club Black,44.9315,44.9315,22.4657,44.9315,44.9315,22.4657,134.7944,44.9315,94.356,44.9315,56.1643,44.9315,22.4657,33.6986,67.3972,44.9315,11.2329,11.2329,67.3972,44.9315,44.9315,44.9315,44.9315,112.3286,44.9315,33.6986
fuel,11083.16,BPCL Octane Credit Card,BPCL Octane Credit Card,55.4158,55.4158,277.079,55.4158,55.4158,13.8539,27.7079,13.8539,19.3955,55.4158,13.8539,55.4158,221.6632,13.8539,13.8539,55.4158,13.8539,13.8539,13.8539,55.4158,55.4158,55.4158,55.4158,27.7079,13.8539,13.8539
dining,18663.76,Cashback Credit Card,Emerald Private Metal,186.6376,93.3188,46.6594,93.3188,373.2752,46.6594,186.6376,46.6594,130.6463,93.3188,69.9891,93.3188,46.6594,46.6594,69.9891,186.6376,46.6594,46.6594,93.3188,186.6376,186.6376,186.6376,186.6376,93.3188,46.6594,46.6594
dining,4747.89,Cashback Credit Card,My Zone Credit Card,47.4789,23.7395,11.8697,23.7395,94.9578,11.8697,47.4789,11.8697,33.2352,23.7395,17.8046,23.7395,11.8697,11.8697,17.8046,47.4789,11.8697,11.8697,23.7395,47.4789,47.4789,47.4789,47.4789,23.7395,11.8697,11.8697
dining,14134.03,Cashback Credit Card,HPCL Super Saver Credit Card,141.3403,70.6702,35.3351,70.6702,282.6806,35.3351,141.3403,35.3351,98.9382,70.6702,53.0026,70.6702,35.3351,35.3351,53.0026,141.3403,35.3351,35.3351,70.6702,141.3403,141.3403,141.3403,141.3403,70.6702,35.3351,35.3351
travel,9957.04,Diners Club Black,Diners Club Black,49.7852,49.7852,24.8926,49.7852,49.7852,24.8926,149.3556,49.7852,104.5489,49.7852,62.2315,49.7852,24.8926,37.3389,74.6778,49.7852,12.4463,12.4463,74.6778,49.7852,49.7852,49.7852,49.7852,124.463,49.7852,37.3389
groceries,19310.54,Tata Neu Infinity Credit Card,Tata Neu Infinity Credit Card,193.1054,193.1054,48.2764,96.5527,193.1054,48.2764,48.2764,24.1382,33.7934,96.5527,24.1382,193.1054,48.2764,24.1382,24.1382,193.1054,24.1382,24.1382,24.1382,289.6581,193.1054,193.1054,386.2108,48.2764,24.1382,24.1382
shopping,17496.39,Millennia Credit Card,Millennia Credit Card,174.9639,524.8917,43.741,87.4819,349.9278,43.741,87.4819,43.741,61.2374,87.4819,43.741,524.8917,43.741,43.741,43.741,524.8917,65.6115,87.4819,43.741,524.8917,174.9639,174.9639,524.8917,43.741,43.741,87.4819
groceries,18217.79,Tata Neu Infinity Credit Card,Tata Neu Infinity Credit Card,182.1779,182.1779,45.5445,91.089,182.1779,45.5445,45.5445,22.7722,31.8811,91.089,22.7722,182.1779,45.5445,22.7722,22.7722,182.1779,22.7722,22.7722,22.7722,273.2669,182.1779,182.1779,364.3558,45.5445,22.7722,22.7722
travel,8258.57,Diners Club Black,Diners Club Black,41.2929,41.2929,20.6464,41.2929,41.2929,20.6464,123.8785,41.2929,86.715,41.2929,51.6161,41.2929,20.6464,30.9696,61.9393,41.2929,10.3232,10.3232,61.9393,41.2929,41.2929,41.2929,41.2929,103.2321,41.2929,30.9696
travel,1589.08,Diners Club Black,BankBazaar Credit Card,7.9454,7.9454,3.9727,7.9454,7.9454,3.9727,23.8362,7.9454,16.6853,7.9454,9.9317,7.9454,3.9727,5.959,11.9181,7.9454,1.9863,1.9863,11.9181,7.9454,7.9454,7.9454,7.9454,19.8635,7.9454,5.959
dining,13031.75,Cashback Credit Card,SimplySAVE Credit Card,130.3175,65.1587,32.5794,65.1587,260.635,32.5794,130.3175,32.5794,91.2222,65.1587,48.8691,65.1587,32.5794,32.5794,48.8691,130.3175,32.5794,32.5794,65.1587,130.3175,130.3175,130.3175,130.3175,65.1587,32.5794,32.5794
dining,19087.38,Cashback Credit Card,Cashback Credit Card,190.8738,95.4369,47.7185,95.4369,381.7476,47.7185,190.8738,47.7185,133.6117,95.4369,71.5777,95.4369,47.7185,47.7185,71.5777,190.8738,47.7185,47.7185,95.4369,190.8738,190.8738,190.8738,190.8738,95.4369,47.7185,47.7185
dining,17460.42,Cashback Credit Card,Cashback Credit Card,174.6042,87.3021,43.651,87.3021,349.2084,43.651,174.6042,43.651,122.2229,87.3021,65.4766,87.3021,43.651,43.651,65.4766,174.6042,43.651,43.651,87.3021,174.6042,174.6042,174.6042,174.6042,87.3021,43.651,43.651
shopping,4771.93,Millennia Credit Card,Millennia Credit Card,47.7193,143.1579,11.9298,23.8597,95.4386,11.9298,23.8597,11.9298,16.7018,23.8597,11.9298,143.1579,11.9298,11.9298,11.9298,143.1579,17.8947,23.8597,11.9298,143.1579,47.7193,47.7193,143.1579,11.9298,11.9298,23.8597
fuel,19948.78,BPCL Octane Credit Card,Amazon Pay Credit Card,99.7439,99.7439,498.7195,99.7439,99.7439,24.936,49.8719,24.936,34.9104,99.7439,24.936,99.7439,398.9756,24.936,24.936,99.7439,24.936,24.936,24.936,99.7439,99.7439,99.7439,99.7439,49.8719,24.936,24.936
shopping,8929.2,Millennia Credit Card,Millennia Credit Card,89.292,267.876,22.323,44.646,178.584,22.323,44.646,22.323,31.2522,44.646,22.323,267.876,22.323,22.323,22.323,267.876,33.4845,44.646,22.323,267.876,89.292,89.292,267.876,22.323,22.323,44.646
shopping,1015.22,Millennia Credit Card,Ace Credit Card,10.1522,30.4566,2.5381,5.0761,20.3044,2.5381,5.0761,2.5381,3.5533,5.0761,2.5381,30.4566,2.5381,2.5381,2.5381,30.4566,3.8071,5.0761,2.5381,30.4566,10.1522,10.1522,30.4566,2.5381,2.5381,5.0761
dining,2996.84,Cashback Credit Card,Cashback Credit Card,29.9684,14.9842,7.4921,14.9842,59.9368,7.4921,29.9684,7.4921,20.9779,14.9842,11.2382,14.9842,7.4921,7.4921,11.2382,29.9684,7.4921,7.4921,14.9842,29.9684,29.9684,29.9684,29.9684,14.9842,7.4921,7.4921
groceries,13667.83,Tata Neu Infinity Credit Card,Tata Neu Infinity Credit Card,136.6783,136.6783,34.1696,68.3392,136.6783,34.1696,34.1696,17.0848,23.9187,68.3392,17.0848,136.6783,34.1696,17.0848,17.0848,136.6783,17.0848,17.0848,17.0848,205.0174,136.6783,136.6783,273.3566,34.1696,17.0848,17.0848
travel,1671.47,Diners Club Black,Emerald Private Metal,8.3574,8.3574,4.1787,8.3574,8.3574,4.1787,25.0721,8.3574,17.5504,8.3574,10.4467,8.3574,4.1787,6.268,12.536,8.3574,2.0893,2.0893,12.536,8.3574,8.3574,8.3574,8.3574,20.8934,8.3574,6.268
groceries,2948.04,Tata Neu Infinity Credit Card,Tata Neu Infinity Credit Card,29.4804,29.4804,7.3701,14.7402,29.4804,7.3701,7.3701,3.685,5.1591,14.7402,3.685,29.4804,7.3701,3.685,3.685,29.4804,3.685,3.685,3.685,44.2206,29.4804,29.4804,58.9608,7.3701,3.685,3.685
fuel,9245.45,BPCL Octane Credit Card,BPCL Octane Credit Card,46.2273,46.2273,231.1362,46.2273,46.2273,11.5568,23.1136,11.5568,16.1795,46.2273,11.5568,46.2273,184.909,11.5568,11.5568,46.2273,11.5568,11.5568,11.5568,46.2273,46.2273,46.2273,46.2273,23.1136,11.5568,11.5568
dining,18034.07,Cashback Credit Card,Cashback Credit Card,180.3407,90.1703,45.0852,90.1703,360.6814,45.0852,180.3407,45.0852,126.2385,90.1703,67.6278,90.1703,45.0852,45.0852,67.6278,180.3407,45.0852,45.0852,90.1703,180.3407,180.3407,180.3407,180.3407,90.1703,45.0852,45.0852
travel,1569.85,Diners Club Black,Elite Credit Card,7.8492,7.8492,3.9246,7.8492,7.8492,3.9246,23.5477,7.8492,16.4834,7.8492,9.8116,7.8492,3.9246,5.8869,11.7739,7.8492,1.9623,1.9623,11.7739,7.8492,7.8492,7.8492,7.8492,19.6231,7.8492,5.8869
dining,13837.24,Cashback Credit Card,Cashback Credit Card,138.3724,69.1862,34.5931,69.1862,276.7448,34.5931,138.3724,34.5931,96.8607,69.1862,51.8897,69.1862,34.5931,34.5931,51.8897,138.3724,34.5931,34.5931,69.1862,138.3724,138.3724,138.3724,138.3724,69.1862,34.5931,34.5931
fuel,4064.42,BPCL Octane Credit Card,BPCL Octane Credit Card,20.3221,20.3221,101.6105,20.3221,20.3221,5.0805,10.161,5.0805,7.1127,20.3221,5.0805,20.3221,81.2884,5.0805,5.0805,20.3221,5.0805,5.0805,5.0805,20.3221,20.3221,20.3221,20.3221,10.161,5.0805,5.0805
dining,2222.4,Cashback Credit Card,Cashback Credit Card,22.224,11.112,5.556,11.112,44.448,5.556,22.224,5.556,15.5568,11.112,8.334,11.112,5.556,5.556,8.334,22.224,5.556,5.556,11.112,22.224,22.224,22.224,22.224,11.112,5.556,5.556
fuel,11538.76,BPCL Octane Credit Card,HPCL Super Saver Credit Card,57.6938,57.6938,288.469,57.6938,57.6938,14.4235,28.8469,14.4235,20.1928,57.6938,14.4235,57.6938,230.7752,14.4235,14.4235,57.6938,14.4235,14.4235,14.4235,57.6938,57.6938,57.6938,57.6938,28.8469,14.4235,14.4235
dining,5562.16,Cashback Credit Card,Cashback Credit Card,55.6216,27.8108,13.9054,27.8108,111.2432,13.9054,55.6216,13.9054,38.9351,27.8108,20.8581,27.8108,13.9054,13.9054,20.8581,55.6216,13.9054,13.9054,27.8108,55.6216,55.6216,55.6216,55.6216,27.8108,13.9054,13.9054
shopping,18221.28,Millennia Credit Card,My Zone Credit Card,182.2128,546.6384,45.5532,91.1064,364.4256,45.5532,91.1064,45.5532,63.7745,91.1064,45.5532,546.6384,45.5532,45.5532,45.5532,546.6384,68.3298,91.1064,45.5532,546.6384,182.2128,182.2128,546.6384,45.5532,45.5532,91.1064
travel,12180.59,Diners Club Black,Diners Club Black,60.903,60.903,30.4515,60.903,60.903,30.4515,182.7089,60.903,127.8962,60.903,76.1287,60.903,30.4515,45.6772,91.3544,60.903,15.2257,15.2257,91.3544,60.903,60.903,60.903,60.903,152.2574,60.903,45.6772
travel,12455.73,Diners Club Black,Diners Club Black,62.2786,62.2786,31.1393,62.2786,62.2786,31.1393,186.836,62.2786,130.7852,62.2786,77.8483,62.2786,31.1393,46.709,93.418,62.2786,15.5697,15.5697,93.418,62.2786,62.2786,62.2786,62.2786,155.6966,62.2786,46.709
travel,12602.14,Diners Club Black,Elite Credit Card,63.0107,63.0107,31.5053,63.0107,63.0107,31.5053,189.0321,63.0107,132.3225,63.0107,78.7634,63.0107,31.5053,47.258,94.516,63.0107,15.7527,15.7527,94.516,63.0107,63.0107,63.0107,63.0107,157.5267,63.0107,47.258
dining,763.95,Cashback Credit Card,Cashback Credit Card,7.6395,3.8198,1.9099,3.8198,15.279,1.9099,7.6395,1.9099,5.3477,3.8198,2.8648,3.8198,1.9099,1.9099,2.8648,7.6395,1.9099,1.9099,3.8198,7.6395,7.6395,7.6395,7.6395,3.8198,1.9099,1.9099
travel,1893.65,Diners Club Black,Diners Club Black,9.4683,9.4683,4.7341,9.4683,9.4683,4.7341,28.4048,9.4683,19.8833,9.4683,11.8353,9.4683,4.7341,7.1012,14.2024,9.4683,2.3671,2.3671,14.2024,9.4683,9.4683,9.4683,9.4683,23.6706,9.4683,7.1012
dining,3595.24,Cashback Credit Card,Cashback Credit Card,35.9524,17.9762,8.9881,17.9762,71.9048,8.9881,35.9524,8.9881,25.1667,17.9762,13.4821,17.9762,8.9881,8.9881,13.4821,35.9524,8.9881,8.9881,17.9762,35.9524,35.9524,35.9524,35.9524,17.9762,8.9881,8.9881
groceries,17541.57,Tata Neu Infinity Credit Card,Tata Neu Infinity Credit Card,175.4157,175.4157,43.8539,87.7078,175.4157,43.8539,43.8539,21.927,30.6977,87.7078,21.927,175.4157,43.8539,21.927,21.927,175.4157,21.927,21.927,21.927,263.1236,175.4157,175.4157,350.8314,43.8539,21.927,21.927
groceries,18278.39,Tata Neu Infinity Credit Card,First Wealth Credit Card,182.7839,182.7839,45.696,91.3919,182.7839,45.696,45.696,22.848,31.9872,91.3919,22.848,182.7839,45.696,22.848,22.848,182.7839,22.848,22.848,22.848,274.1758,182.7839,182.7839,365.5678,45.696,22.848,22.848
fuel,14956.53,BPCL Octane Credit Card,BPCL Octane Credit Card,74.7827,74.7827,373.9133,74.7827,74.7827,18.6957,37.3913,18.6957,26.1739,74.7827,18.6957,74.7827,299.1306,18.6957,18.6957,74.7827,18.6957,18.6957,18.6957,74.7827,74.7827,74.7827,74.7827,37.3913,18.6957,18.6957
shopping,9419.79,Millennia Credit Card,Millennia Credit Card,94.1979,282.5937,23.5495,47.099,188.3958,23.5495,47.099,23.5495,32.9693,47.099,23.5495,282.5937,23.5495,23.5495,23.5495,282.5937,35.3242,47.099,23.5495,282.5937,94.1979,94.1979,282.5937,23.5495,23.5495,47.099
travel,17216.8,Diners Club Black,Vistara Infinite Credit Card,86.084,86.084,43.042,86.084,86.084,43.042,258.252,86.084,180.7764,86.084,107.605,86.084,43.042,64.563,129.126,86.084,21.521,21.521,129.126,86.084,86.084,86.084,86.084,215.21,86.084,64.563
groceries,7378.92,Tata Neu Infinity Credit Card,Cashback Credit Card,73.7892,73.7892,18.4473,36.8946,73.7892,18.4473,18.4473,9.2236,12.9131,36.8946,9.2236,73.7892,18.4473,9.2236,9.2236,73.7892,9.2236,9.2236,9.2236,110.6838,73.7892,73.7892,147.5784,18.4473,9.2236,9.2236
shopping,9150.24,Millennia Credit Card,Millennia Credit Card,91.5024,274.5072,22.8756,45.7512,183.0048,22.8756,45.7512,22.8756,32.0258,45.7512,22.8756,274.5072,22.8756,22.8756,22.8756,274.5072,34.3134,45.7512,22.8756,274.5072,91.5024,91.5024,274.5072,22.8756,22.8756,45.7512
fuel,11732.75,BPCL Octane Credit Card,Diners Club Black,58.6638,58.6638,293.3188,58.6638,58.6638,14.6659,29.3319,14.6659,20.5323,58.6638,14.6659,58.6638,234.655,14.6659,14.6659,58.6638,14.6659,14.6659,14.6659,58.6638,58.6638,58.6638,58.6638,29.3319,14.6659,14.6659
travel,9482.39,Diners Club Black,Diners Club Black,47.4119,47.4119,23.706,47.4119,47.4119,23.706,142.2358,47.4119,99.5651,47.4119,59.2649,47.4119,23.706,35.559,71.1179,47.4119,11.853,11.853,71.1179,47.4119,47.4119,47.4119,47.4119,118.5299,47.4119,35.559
groceries,6627.33,Tata Neu Infinity Credit Card,Tata Neu Infinity Credit Card,66.2733,66.2733,16.5683,33.1367,66.2733,16.5683,16.5683,8.2842,11.5978,33.1367,8.2842,66.2733,16.5683,8.2842,8.2842,66.2733,8.2842,8.2842,8.2842,99.4099,66.2733,66.2733,132.5466,16.5683,8.2842,8.2842
shopping,12744.54,Millennia Credit Card,Millennia Credit Card,127.4454,382.3362,31.8614,63.7227,254.8908,31.8614,63.7227,31.8614,44.6059,63.7227,31.8614,382.3362,31.8614,31.8614,31.8614,382.3362,47.792,63.7227,31.8614,382.3362,127.4454,127.4454,382.3362,31.8614,31.8614,63.7227
fuel,13019.86,BPCL Octane Credit Card,BPCL Octane Credit Card,65.0993,65.0993,325.4965,65.0993,65.0993,16.2748,32.5496,16.2748,22.7848,65.0993,16.2748,65.0993,260.3972,16.2748,16.2748,65.0993,16.2748,16.2748,16.2748,65.0993,65.0993,65.0993,65.0993,32.5496,16.2748,16.2748
shopping,18930.6,Millennia Credit Card,Millennia Credit Card,189.306,567.918,47.3265,94.653,378.612,47.3265,94.653,47.3265,66.2571,94.653,47.3265,567.918,47.3265,47.3265,47.3265,567.918,70.9898,94.653,47.3265,567.918,189.306,189.306,567.918,47.3265,47.3265,94.653
dining,2410.8,Cashback Credit Card,Cashback Credit Card,24.108,12.054,6.027,12.054,48.216,6.027,24.108,6.027,16.8756,12.054,9.0405,12.054,6.027,6.027,9.0405,24.108,6.027,6.027,12.054,24.108,24.108,24.108,24.108,12.054,6.027,6.027
groceries,2799.71,Tata Neu Infinity Credit Card,Tata Neu Infinity Credit Card,27.9971,27.9971,6.9993,13.9985,27.9971,6.9993,6.9993,3.4996,4.8995,13.9985,3.4996,27.9971,6.9993,3.4996,3.4996,27.9971,3.4996,3.4996,3.4996,41.9957,27.9971,27.9971,55.9942,6.9993,3.4996,3.4996
groceries,8440.62,Tata Neu Infinity Credit Card,PVR Platinum Credit Card,84.4062,84.4062,21.1016,42.2031,84.4062,21.1016,21.1016,10.5508,14.7711,42.2031,10.5508,84.4062,21.1016,10.5508,10.5508,84.4062,10.5508,10.5508,10.5508,126.6093,84.4062,84.4062,168.8124,21.1016,10.5508,10.5508
shopping,16690.49,Millennia Credit Card,Millennia Credit Card,166.9049,500.7147,41.7262,83.4525,333.8098,41.7262,83.4525,41.7262,58.4167,83.4525,41.7262,500.7147,41.7262,41.7262,41.7262,500.7147,62.5893,83.4525,41.7262,500.7147,166.9049,166.9049,500.7147,41.7262,41.7262,83.4525
fuel,751.05,BPCL Octane Credit Card,BPCL Octane Credit Card,3.7552,3.7552,18.7763,3.7552,3.7552,0.9388,1.8776,0.9388,1.3143,3.7552,0.9388,3.7552,15.021,0.9388,0.9388,3.7552,0.9388,0.9388,0.9388,3.7552,3.7552,3.7552,3.7552,1.8776,0.9388,0.9388
dining,8949.45,Cashback Credit Card,Cashback Credit Card,89.4945,44.7473,22.3736,44.7473,178.989,22.3736,89.4945,22.3736,62.6461,44.7473,33.5604,44.7473,22.3736,22.3736,33.5604,89.4945,22.3736,22.3736,44.7473,89.4945,89.4945,89.4945,89.4945,44.7473,22.3736,22.3736
fuel,2077.16,BPCL Octane Credit Card,BPCL Octane Credit Card,10.3858,10.3858,51.929,10.3858,10.3858,2.5964,5.1929,2.5964,3.635,10.3858,2.5964,10.3858,41.5432,2.5964,2.5964,10.3858,2.5964,2.5964,2.5964,10.3858,10.3858,10.3858,10.3858,5.1929,2.5964,2.5964
groceries,18043.75,Tata Neu Infinity Credit Card,Tata Neu Infinity Credit Card,180.4375,180.4375,45.1094,90.2188,180.4375,45.1094,45.1094,22.5547,31.5766,90.2188,22.5547,180.4375,45.1094,22.5547,22.5547,180.4375,22.5547,22.5547,22.5547,270.6562,180.4375,180.4375,360.875,45.1094,22.5547,22.5547
shopping,8022.98,Millennia Credit Card,Millennia Credit Card,80.2298,240.6894,20.0574,40.1149,160.4596,20.0574,40.1149,20.0574,28.0804,40.1149,20.0574,240.6894,20.0574,20.0574,20.0574,240.6894,30.0862,40.1149,20.0574,240.6894,80.2298,80.2298,240.6894,20.0574,20.0574,40.1149
shopping,18985.31,Millennia Credit Card,SimplyCLICK Credit Card,189.8531,569.5593,47.4633,94.9266,379.7062,47.4633,94.9266,47.4633,66.4486,94.9266,47.4633,569.5593,47.4633,47.4633,47.4633,569.5593,71.1949,94.9266,47.4633,569.5593,189.8531,189.8531,569.5593,47.4633,47.4633,94.9266
groceries,19424.76,Tata Neu Infinity Credit Card,Tata Neu Infinity Credit Card,194.2476,194.2476,48.5619,97.1238,194.2476,48.5619,48.5619,24.2809,33.9933,97.1238,24.2809,194.2476,48.5619,24.2809,24.2809,194.2476,24.2809,24.2809,24.2809,291.3714,194.2476,194.2476,388.4952,48.5619,24.2809,24.2809
fuel,4947.02,BPCL Octane Credit Card,BPCL Octane Credit Card,24.7351,24.7351,123.6755,24.7351,24.7351,6.1838,12.3676,6.1838,8.6573,24.7351,6.1838,24.7351,98.9404,6.1838,6.1838,24.7351,6.1838,6.1838,6.1838,24.7351,24.7351,24.7351,24.7351,12.3676,6.1838,6.1838
groceries,4183.59,Tata Neu Infinity Credit Card,First Classic Credit Card,41.8359,41.8359,10.459,20.918,41.8359,10.459,10.459,5.2295,7.3213,20.918,5.2295,41.8359,10.459,5.2295,5.2295,41.8359,5.2295,5.2295,5.2295,62.7538,41.8359,41.8359,83.6718,10.459,5.2295,5.2295
travel,6638.34,Diners Club Black,Diners Club Black,33.1917,33.1917,16.5958,33.1917,33.1917,16.5958,99.5751,33.1917,69.7026,33.1917,41.4896,33.1917,16.5958,24.8938,49.7876,33.1917,8.2979,8.2979,49.7876,33.1917,33.1917,33.1917,33.1917,82.9792,33.1917,24.8938
groceries,156.43,Tata Neu Infinity Credit Card,Coral Credit Card,1.5643,1.5643,0.3911,0.7822,1.5643,0.3911,0.3911,0.1955,0.2738,0.7822,0.1955,1.5643,0.3911,0.1955,0.1955,1.5643,0.1955,0.1955,0.1955,2.3464,1.5643,1.5643,3.1286,0.3911,0.1955,0.1955
groceries,5088.02,Tata Neu Infinity Credit Card,Tata Neu Infinity Credit Card,50.8802,50.8802,12.7201,25.4401,50.8802,12.7201,12.7201,6.36,8.904,25.4401,6.36,50.8802,12.7201,6.36,6.36,50.8802,6.36,6.36,6.36,76.3203,50.8802,50.8802,101.7604,12.7201,6.36,6.36
shopping,2722.88,Millennia Credit Card,Millennia Credit Card,27.2288,81.6864,6.8072,13.6144,54.4576,6.8072,13.6144,6.8072,9.5301,13.6144,6.8072,81.6864,6.8072,6.8072,6.8072,81.6864,10.2108,13.6144,6.8072,81.6864,27.2288,27.2288,81.6864,6.8072,6.8072,13.6144
travel,11818.17,Diners Club Black,Diners Club Black,59.0909,59.0909,29.5454,59.0909,59.0909,29.5454,177.2726,59.0909,124.0908,59.0909,73.8636,59.0909,29.5454,44.3181,88.6363,59.0909,14.7727,14.7727,88.6363,59.0909,59.0909,59.0909,59.0909,147.7271,59.0909,44.3181
fuel,1142.74,BPCL Octane Credit Card,BankBazaar Credit Card,5.7137,5.7137,28.5685,5.7137,5.7137,1.4284,2.8569,1.4284,1.9998,5.7137,1.4284,5.7137,22.8548,1.4284,1.4284,5.7137,1.4284,1.4284,1.4284,5.7137,5.7137,5.7137,5.7137,2.8569,1.4284,1.4284
dining,9020.68,Cashback Credit Card,Cashback Credit Card,90.2068,45.1034,22.5517,45.1034,180.4136,22.5517,90.2068,22.5517,63.1448,45.1034,33.8276,45.1034,22.5517,22.5517,33.8276,90.2068,22.5517,22.5517,45.1034,90.2068,90.2068,90.2068,90.2068,45.1034,22.5517,22.5517
groceries,2270.17,Tata Neu Infinity Credit Card,Tata Neu Infinity Credit Card,22.7017,22.7017,5.6754,11.3509,22.7017,5.6754,5.6754,2.8377,3.9728,11.3509,2.8377,22.7017,5.6754,2.8377,2.8377,22.7017,2.8377,2.8377,2.8377,34.0526,22.7017,22.7017,45.4034,5.6754,2.8377,2.8377
groceries,962.96,Tata Neu Infinity Credit Card,PVR Platinum Credit Card,9.6296,9.6296,2.4074,4.8148,9.6296,2.4074,2.4074,1.2037,1.6852,4.8148,1.2037,9.6296,2.4074,1.2037,1.2037,9.6296,1.2037,1.2037,1.2037,14.4444,9.6296,9.6296,19.2592,2.4074,1.2037,1.2037
dining,12902.48,Cashback Credit Card,Cashback Credit Card,129.0248,64.5124,32.2562,64.5124,258.0496,32.2562,129.0248,32.2562,90.3174,64.5124,48.3843,64.5124,32.2562,32.2562,48.3843,129.0248,32.2562,32.2562,64.5124,129.0248,129.0248,129.0248,129.0248,64.5124,32.2562,32.2562
dining,16961.24,Cashback Credit Card,Cashback Credit Card,169.6124,84.8062,42.4031,84.8062,339.2248,42.4031,169.6124,42.4031,118.7287,84.8062,63.6046,84.8062,42.4031,42.4031,63.6046,169.6124,42.4031,42.4031,84.8062,169.6124,169.6124,169.6124,169.6124,84.8062,42.4031,42.4031
shopping,9856.35,Millennia Credit Card,Diners Club Black,98.5635,295.6905,24.6409,49.2818,197.127,24.6409,49.2818,24.6409,34.4972,49.2818,24.6409,295.6905,24.6409,24.6409,24.6409,295.6905,36.9613,49.2818,24.6409,295.6905,98.5635,98.5635,295.6905,24.6409,24.6409,49.2818
fuel,12205.12,BPCL Octane Credit Card,BPCL Octane Credit Card,61.0256,61.0256,305.128,61.0256,61.0256,15.2564,30.5128,15.2564,21.359,61.0256,15.2564,61.0256,244.1024,15.2564,15.2564,61.0256,15.2564,15.2564,15.2564,61.0256,61.0256,61.0256,61.0256,30.5128,15.2564,15.2564
fuel,12523.92,BPCL Octane Credit Card,BPCL Octane Credit Card,62.6196,62.6196,313.098,62.6196,62.6196,15.6549,31.3098,15.6549,21.9169,62.6196,15.6549,62.6196,250.4784,15.6549,15.6549,62.6196,15.6549,15.6549,15.6549,62.6196,62.6196,62.6196,62.6196,31.3098,15.6549,15.6549
fuel,7680.0,BPCL Octane Credit Card,BPCL Octane Credit Card,38.4,38.4,192.0,38.4,38.4,9.6,19.2,9.6,13.44,38.4,9.6,38.4,153.6,9.6,9.6,38.4,9.6,9.6,9.6,38.4,38.4,38.4,38.4,19.2,9.6,9.6
fuel,9128.94,BPCL Octane Credit Card,BPCL Octane Credit Card,45.6447,45.6447,228.2235,45.6447,45.6447,11.4112,22.8224,11.4112,15.9756,45.6447,11.4112,45.6447,182.5788,11.4112,11.4112,45.6447,11.4112,11.4112,11.4112,45.6447,45.6447,45.6447,45.6447,22.8224,11.4112,11.4112
shopping,15882.61,Millennia Credit Card,Millennia Credit Card,158.8261,476.4783,39.7065,79.413,317.6522,39.7065,79.413,39.7065,55.5891,79.413,39.7065,476.4783,39.7065,39.7065,39.7065,476.4783,59.5598,79.413,39.7065,476.4783,158.8261,158.8261,476.4783,39.7065,39.7065,79.413
groceries,14444.71,Tata Neu Infinity Credit Card,Tata Neu Infinity Credit Card,144.4471,144.4471,36.1118,72.2235,144.4471,36.1118,36.1118,18.0559,25.2782,72.2235,18.0559,144.4471,36.1118,18.0559,18.0559,144.4471,18.0559,18.0559,18.0559,216.6706,144.4471,144.4471,288.8942,36.1118,18.0559,18.0559
dining,17773.01,Cashback Credit Card,Cashback Credit Card,177.7301,88.865,44.4325,88.865,355.4602,44.4325,177.7301,44.4325,124.4111,88.865,66.6488,88.865,44.4325,44.4325,66.6488,177.7301,44.4325,44.4325,88.865,177.7301,177.7301,177.7301,177.7301,88.865,44.4325,44.4325
dining,8034.73,Cashback Credit Card,Magnus Credit Card,80.3473,40.1736,20.0868,40.1736,160.6946,20.0868,80.3473,20.0868,56.2431,40.1736,30.1302,40.1736,20.0868,20.0868,30.1302,80.3473,20.0868,20.0868,40.1736,80.3473,80.3473,80.3473,80.3473,40.1736,20.0868,20.0868
fuel,7548.59,BPCL Octane Credit Card,BPCL Octane Credit Card,37.743,37.743,188.7147,37.743,37.743,9.4357,18.8715,9.4357,13.21,37.743,9.4357,37.743,150.9718,9.4357,9.4357,37.743,9.4357,9.4357,9.4357,37.743,37.743,37.743,37.743,18.8715,9.4357,9.4357
dining,1435.95,Cashback Credit Card,Amazon Pay Credit Card,14.3595,7.1798,3.5899,7.1798,28.719,3.5899,14.3595,3.5899,10.0517,7.1798,5.3848,7.1798,3.5899,3.5899,5.3848,14.3595,3.5899,3.5899,7.1798,14.3595,14.3595,14.3595,14.3595,7.1798,3.5899,3.5899
fuel,16254.21,BPCL Octane Credit Card,BPCL Octane Credit Card,81.2711,81.2711,406.3552,81.2711,81.2711,20.3178,40.6355,20.3178,28.4449,81.2711,20.3178,81.2711,325.0842,20.3178,20.3178,81.2711,20.3178,20.3178,20.3178,81.2711,81.2711,81.2711,81.2711,40.6355,20.3178,20.3178
groceries,19136.83,Tata Neu Infinity Credit Card,Tata Neu Infinity Credit Card,191.3683,191.3683,47.8421,95.6842,191.3683,47.8421,47.8421,23.921,33.4895,95.6842,23.921,191.3683,47.8421,23.921,23.921,191.3683,23.921,23.921,23.921,287.0525,191.3683,191.3683,382.7366,47.8421,23.921,23.921
shopping,8275.09,Millennia Credit Card,Magnus Credit Card,82.7509,248.2527,20.6877,41.3755,165.5018,20.6877,41.3755,20.6877,28.9628,41.3755,20.6877,248.2527,20.6877,20.6877,20.6877,248.2527,31.0316,41.3755,20.6877,248.2527,82.7509,82.7509,248.2527,20.6877,20.6877,41.3755
shopping,19371.13,Millennia Credit Card,Millennia Credit Card,193.7113,581.1339,48.4278,96.8557,387.4226,48.4278,96.8557,48.4278,67.799,96.8557,48.4278,581.1339,48.4278,48.4278,48.4278,581.1339,72.6417,96.8557,48.4278,581.1339,193.7113,193.7113,581.1339,48.4278,48.4278,96.8557
fuel,2161.65,BPCL Octane Credit Card,BPCL Octane Credit Card,10.8083,10.8083,54.0412,10.8083,10.8083,2.7021,5.4041,2.7021,3.7829,10.8083,2.7021,10.8083,43.233,2.7021,2.7021,10.8083,2.7021,2.7021,2.7021,10.8083,10.8083,10.8083,10.8083,5.4041,2.7021,2.7021
travel,13169.05,Diners Club Black,Diners Club Black,65.8452,65.8452,32.9226,65.8452,65.8452,32.9226,197.5357,65.8452,138.275,65.8452,82.3066,65.8452,32.9226,49.3839,98.7679,65.8452,16.4613,16.4613,98.7679,65.8452,65.8452,65.8452,65.8452,164.6131,65.8452,49.3839
shopping,7067.27,Millennia Credit Card,Millennia Credit Card,70.6727,212.0181,17.6682,35.3364,141.3454,17.6682,35.3364,17.6682,24.7354,35.3364,17.6682,212.0181,17.6682,17.6682,17.6682,212.0181,26.5023,35.3364,17.6682,212.0181,70.6727,70.6727,212.0181,17.6682,17.6682,35.3364
shopping,15275.85,Millennia Credit Card,Millennia Credit Card,152.7585,458.2755,38.1896,76.3792,305.517,38.1896,76.3792,38.1896,53.4655,76.3792,38.1896,458.2755,38.1896,38.1896,38.1896,458.2755,57.2844,76.3792,38.1896,458.2755,152.7585,152.7585,458.2755,38.1896,38.1896,76.3792
dining,16918.59,Cashback Credit Card,First Wealth Credit Card,169.1859,84.593,42.2965,84.593,338.3718,42.2965,169.1859,42.2965,118.4301,84.593,63.4447,84.593,42.2965,42.2965,63.4447,169.1859,42.2965,42.2965,84.593,169.1859,169.1859,169.1859,169.1859,84.593,42.2965,42.2965
groceries,622.45,Tata Neu Infinity Credit Card,SimplyCLICK Credit Card,6.2245,6.2245,1.5561,3.1123,6.2245,1.5561,1.5561,0.7781,1.0893,3.1123,0.7781,6.2245,1.5561,0.7781,0.7781,6.2245,0.7781,0.7781,0.7781,9.3368,6.2245,6.2245,12.449,1.5561,0.7781,0.7781
travel,5538.08,Diners Club Black,BPCL Octane Credit Card,27.6904,27.6904,13.8452,27.6904,27.6904,13.8452,83.0712,27.6904,58.1498,27.6904,34.613,27.6904,13.8452,20.7678,41.5356,27.6904,6.9226,6.9226,41.5356,27.6904,27.6904,27.6904,27.6904,69.226,27.6904,20.7678
travel,17410.27,Diners Club Black,Diners Club Black,87.0513,87.0513,43.5257,87.0513,87.0513,43.5257,261.154,87.0513,182.8078,87.0513,108.8142,87.0513,43.5257,65.2885,130.577,87.0513,21.7628,21.7628,130.577,87.0513,87.0513,87.0513,87.0513,217.6284,87.0513,65.2885
dining,1484.75,Cashback Credit Card,Diners Club Black,14.8475,7.4238,3.7119,7.4238,29.695,3.7119,14.8475,3.7119,10.3933,7.4238,5.5678,7.4238,3.7119,3.7119,5.5678,14.8475,3.7119,3.7119,7.4238,14.8475,14.8475,14.8475,14.8475,7.4238,3.7119,3.7119
groceries,4381.14,Tata Neu Infinity Credit Card,Tata Neu Infinity Credit Card,43.8114,43.8114,10.9529,21.9057,43.8114,10.9529,10.9529,5.4764,7.667,21.9057,5.4764,43.8114,10.9529,5.4764,5.4764,43.8114,5.4764,5.4764,5.4764,65.7171,43.8114,43.8114,87.6228,10.9529,5.4764,5.4764
fuel,3232.44,BPCL Octane Credit Card,BPCL Octane Credit Card,16.1622,16.1622,80.811,16.1622,16.1622,4.0405,8.0811,4.0405,5.6568,16.1622,4.0405,16.1622,64.6488,4.0405,4.0405,16.1622,4.0405,4.0405,4.0405,16.1622,16.1622,16.1622,16.1622,8.0811,4.0405,4.0405
fuel,15559.03,BPCL Octane Credit Card,BPCL Octane Credit Card,77.7952,77.7952,388.9758,77.7952,77.7952,19.4488,38.8976,19.4488,27.2283,77.7952,19.4488,77.7952,311.1806,19.4488,19.4488,77.7952,19.4488,19.4488,19.4488,77.7952,77.7952,77.7952,77.7952,38.8976,19.4488,19.4488
shopping,17678.51,Millennia Credit Card,Millennia Credit Card,176.7851,530.3553,44.1963,88.3925,353.5702,44.1963,88.3925,44.1963,61.8748,88.3925,44.1963,530.3553,44.1963,44.1963,44.1963,530.3553,66.2944,88.3925,44.1963,530.3553,176.7851,176.7851,530.3553,44.1963,44.1963,88.3925
groceries,1090.27,Tata Neu Infinity Credit Card,Tata Neu Infinity Credit Card,10.9027,10.9027,2.7257,5.4513,10.9027,2.7257,2.7257,1.3628,1.908,5.4513,1.3628,10.9027,2.7257,1.3628,1.3628,10.9027,1.3628,1.3628,1.3628,16.3541,10.9027,10.9027,21.8054,2.7257,1.3628,1.3628
dining,13272.58,Cashback Credit Card,Cashback Credit Card,132.7258,66.3629,33.1814,66.3629,265.4516,33.1814,132.7258,33.1814,92.9081,66.3629,49.7722,66.3629,33.1814,33.1814,49.7722,132.7258,33.1814,33.1814,66.3629,132.7258,132.7258,132.7258,132.7258,66.3629,33.1814,33.1814
dining,8342.26,Cashback Credit Card,Cashback Credit Card,83.4226,41.7113,20.8557,41.7113,166.8452,20.8557,83.4226,20.8557,58.3958,41.7113,31.2835,41.7113,20.8557,20.8557,31.2835,83.4226,20.8557,20.8557,41.7113,83.4226,83.4226,83.4226,83.4226,41.7113,20.8557,20.8557
groceries,2364.97,Tata Neu Infinity Credit Card,Tata Neu Infinity Credit Card,23.6497,23.6497,5.9124,11.8248,23.6497,5.9124,5.9124,2.9562,4.1387,11.8248,2.9562,23.6497,5.9124,2.9562,2.9562,23.6497,2.9562,2.9562,2.9562,35.4746,23.6497,23.6497,47.2994,5.9124,2.9562,2.9562
fuel,13596.54,BPCL Octane Credit Card,BPCL Octane Credit Card,67.9827,67.9827,339.9135,67.9827,67.9827,16.9957,33.9914,16.9957,23.7939,67.9827,16.9957,67.9827,271.9308,16.9957,16.9957,67.9827,16.9957,16.9957,16.9957,67.9827,67.9827,67.9827,67.9827,33.9914,16.9957,16.9957
groceries,13375.94,Tata Neu Infinity Credit Card,Tata Neu Infinity Credit Card,133.7594,133.7594,33.4398,66.8797,133.7594,33.4398,33.4398,16.7199,23.4079,66.8797,16.7199,133.7594,33.4398,16.7199,16.7199,133.7594,16.7199,16.7199,16.7199,200.6391,133.7594,133.7594,267.5188,33.4398,16.7199,16.7199
dining,19690.47,Cashback Credit Card,Cashback Credit Card,196.9047,98.4524,49.2262,98.4524,393.8094,49.2262,196.9047,49.2262,137.8333,98.4524,73.8393,98.4524,49.2262,49.2262,73.8393,196.9047,49.2262,49.2262,98.4524,196.9047,196.9047,196.9047,196.9047,98.4524,49.2262,49.2262
travel,6098.25,Diners Club Black,Diners Club Black,30.4913,30.4913,15.2456,30.4913,30.4913,15.2456,91.4737,30.4913,64.0316,30.4913,38.1141,30.4913,15.2456,22.8684,45.7369,30.4913,7.6228,7.6228,45.7369,30.4913,30.4913,30.4913,30.4913,76.2281,30.4913,22.8684
travel,15306.8,Diners Club Black,Diners Club Black,76.534,76.534,38.267,76.534,76.534,38.267,229.602,76.534,160.7214,76.534,95.6675,76.534,38.267,57.4005,114.801,76.534,19.1335,19.1335,114.801,76.534,76.534,76.534,76.534,191.335,76.534,57.4005
shopping,253.83,Millennia Credit Card,League Platinum Credit Card,2.5383,7.6149,0.6346,1.2692,5.0766,0.6346,1.2692,0.6346,0.8884,1.2692,0.6346,7.6149,0.6346,0.6346,0.6346,7.6149,0.9519,1.2692,0.6346,7.6149,2.5383,2.5383,7.6149,0.6346,0.6346,1.2692
groceries,14103.06,Tata Neu Infinity Credit Card,Tata Neu Infinity Credit Card,141.0306,141.0306,35.2576,70.5153,141.0306,35.2576,35.2576,17.6288,24.6804,70.5153,17.6288,141.0306,35.2576,17.6288,17.6288,141.0306,17.6288,17.6288,17.6288,211.5459,141.0306,141.0306,282.0612,35.2576,17.6288,17.6288
fuel,1534.3,BPCL Octane Credit Card,Millennia Credit Card,7.6715,7.6715,38.3575,7.6715,7.6715,1.9179,3.8357,1.9179,2.685,7.6715,1.9179,7.6715,30.686,1.9179,1.9179,7.6715,1.9179,1.9179,1.9179,7.6715,7.6715,7.6715,7.6715,3.8357,1.9179,1.9179
dining,18431.13,Cashback Credit Card,First Classic Credit Card,184.3113,92.1557,46.0778,92.1557,368.6226,46.0778,184.3113,46.0778,129.0179,92.1557,69.1167,92.1557,46.0778,46.0778,69.1167,184.3113,46.0778,46.0778,92.1557,184.3113,184.3113,184.3113,184.3113,92.1557,46.0778,46.0778
dining,5861.35,Cashback Credit Card,Cashback Credit Card,58.6135,29.3068,14.6534,29.3068,117.227,14.6534,58.6135,14.6534,41.0294,29.3068,21.9801,29.3068,14.6534,14.6534,21.9801,58.6135,14.6534,14.6534,29.3068,58.6135,58.6135,58.6135,58.6135,29.3068,14.6534,14.6534
fuel,3520.28,BPCL Octane Credit Card,SimplySAVE Credit Card,17.6014,17.6014,88.007,17.6014,17.6014,4.4004,8.8007,4.4004,6.1605,17.6014,4.4004,17.6014,70.4056,4.4004,4.4004,17.6014,4.4004,4.4004,4.4004,17.6014,17.6014,17.6014,17.6014,8.8007,4.4004,4.4004
fuel,1853.78,BPCL Octane Credit Card,YES First Business Credit Card,9.2689,9.2689,46.3445,9.2689,9.2689,2.3172,4.6345,2.3172,3.2441,9.2689,2.3172,9.2689,37.0756,2.3172,2.3172,9.2689,2.3172,2.3172,2.3172,9.2689,9.2689,9.2689,9.2689,4.6345,2.3172,2.3172
dining,10526.85,Cashback Credit Card,Cashback Credit Card,105.2685,52.6343,26.3171,52.6343,210.537,26.3171,105.2685,26.3171,73.688,52.6343,39.4757,52.6343,26.3171,26.3171,39.4757,105.2685,26.3171,26.3171,52.6343,105.2685,105.2685,105.2685,105.2685,52.6343,26.3171,26.3171
fuel,14941.52,BPCL Octane Credit Card,BPCL Octane Credit Card,74.7076,74.7076,373.538,74.7076,74.7076,18.6769,37.3538,18.6769,26.1477,74.7076,18.6769,74.7076,298.8304,18.6769,18.6769,74.7076,18.6769,18.6769,18.6769,74.7076,74.7076,74.7076,74.7076,37.3538,18.6769,18.6769
travel,1619.95,Diners Club Black,Diners Club Black,8.0998,8.0998,4.0499,8.0998,8.0998,4.0499,24.2993,8.0998,17.0095,8.0998,10.1247,8.0998,4.0499,6.0748,12.1496,8.0998,2.0249,2.0249,12.1496,8.0998,8.0998,8.0998,8.0998,20.2494,8.0998,6.0748
groceries,10248.05,Tata Neu Infinity Credit Card,My Zone Credit Card,102.4805,102.4805,25.6201,51.2402,102.4805,25.6201,25.6201,12.8101,17.9341,51.2402,12.8101,102.4805,25.6201,12.8101,12.8101,102.4805,12.8101,12.8101,12.8101,153.7207,102.4805,102.4805,204.961,25.6201,12.8101,12.8101
travel,4801.75,Diners Club Black,Diners Club Black,24.0087,24.0087,12.0044,24.0087,24.0087,12.0044,72.0263,24.0087,50.4184,24.0087,30.0109,24.0087,12.0044,18.0066,36.0131,24.0087,6.0022,6.0022,36.0131,24.0087,24.0087,24.0087,24.0087,60.0219,24.0087,18.0066
travel,3552.63,Diners Club Black,Diners Club Black,17.7631,17.7631,8.8816,17.7631,17.7631,8.8816,53.2894,17.7631,37.3026,17.7631,22.2039,17.7631,8.8816,13.3224,26.6447,17.7631,4.4408,4.4408,26.6447,17.7631,17.7631,17.7631,17.7631,44.4079,17.7631,13.3224
shopping,3625.21,Millennia Credit Card,White Credit Card,36.2521,108.7563,9.063,18.126,72.5042,9.063,18.126,9.063,12.6882,18.126,9.063,108.7563,9.063,9.063,9.063,108.7563,13.5945,18.126,9.063,108.7563,36.2521,36.2521,108.7563,9.063,9.063,18.126
groceries,15221.56,Tata Neu Infinity Credit Card,Tata Neu Infinity Credit Card,152.2156,152.2156,38.0539,76.1078,152.2156,38.0539,38.0539,19.0269,26.6377,76.1078,19.0269,152.2156,38.0539,19.0269,19.0269,152.2156,19.0269,19.0269,19.0269,228.3234,152.2156,152.2156,304.4312,38.0539,19.0269,19.0269
groceries,12895.54,Tata Neu Infinity Credit Card,Tata Neu Infinity Credit Card,128.9554,128.9554,32.2388,64.4777,128.9554,32.2388,32.2388,16.1194,22.5672,64.4777,16.1194,128.9554,32.2388,16.1194,16.1194,128.9554,16.1194,16.1194,16.1194,193.4331,128.9554,128.9554,257.9108,32.2388,16.1194,16.1194
fuel,3104.05,BPCL Octane Credit Card,BPCL Octane Credit Card,15.5203,15.5203,77.6012,15.5203,15.5203,3.8801,7.7601,3.8801,5.4321,15.5203,3.8801,15.5203,62.081,3.8801,3.8801,15.5203,3.8801,3.8801,3.8801,15.5203,15.5203,15.5203,15.5203,7.7601,3.8801,3.8801
dining,12664.56,Cashback Credit Card,BPCL Octane Credit Card,126.6456,63.3228,31.6614,63.3228,253.2912,31.6614,126.6456,31.6614,88.6519,63.3228,47.4921,63.3228,31.6614,31.6614,47.4921,126.6456,31.6614,31.6614,63.3228,126.6456,126.6456,126.6456,126.6456,63.3228,31.6614,31.6614
shopping,6277.12,Millennia Credit Card,Millennia Credit Card,62.7712,188.3136,15.6928,31.3856,125.5424,15.6928,31.3856,15.6928,21.9699,31.3856,15.6928,188.3136,15.6928,15.6928,15.6928,188.3136,23.5392,31.3856,15.6928,188.3136,62.7712,62.7712,188.3136,15.6928,15.6928,31.3856
shopping,7437.88,Millennia Credit Card,Millennia Credit Card,74.3788,223.1364,18.5947,37.1894,148.7576,18.5947,37.1894,18.5947,26.0326,37.1894,18.5947,223.1364,18.5947,18.5947,18.5947,223.1364,27.892,37.1894,18.5947,223.1364,74.3788,74.3788,223.1364,18.5947,18.5947,37.1894
shopping,12338.67,Millennia Credit Card,Millennia Credit Card,123.3867,370.1601,30.8467,61.6934,246.7734,30.8467,61.6934,30.8467,43.1853,61.6934,30.8467,370.1601,30.8467,30.8467,30.8467,370.1601,46.27,61.6934,30.8467,370.1601,123.3867,123.3867,370.1601,30.8467,30.8467,61.6934
dining,11648.56,Cashback Credit Card,Millennia Credit Card,116.4856,58.2428,29.1214,58.2428,232.9712,29.1214,116.4856,29.1214,81.5399,58.2428,43.6821,58.2428,29.1214,29.1214,43.6821,116.4856,29.1214,29.1214,58.2428,116.4856,116.4856,116.4856,116.4856,58.2428,29.1214,29.1214
groceries,13071.57,Tata Neu Infinity Credit Card,Tata Neu Infinity Credit Card,130.7157,130.7157,32.6789,65.3578,130.7157,32.6789,32.6789,16.3395,22.8752,65.3578,16.3395,130.7157,32.6789,16.3395,16.3395,130.7157,16.3395,16.3395,16.3395,196.0735,130.7157,130.7157,261.4314,32.6789,16.3395,16.3395
dining,10077.21,Cashback Credit Card,Vistara Infinite Credit Card,100.7721,50.386,25.193,50.386,201.5442,25.193,100.7721,25.193,70.5405,50.386,37.7895,50.386,25.193,25.193,37.7895,100.7721,25.193,25.193,50.386,100.7721,100.7721,100.7721,100.7721,50.386,25.193,25.193
fuel,19649.47,BPCL Octane Credit Card,BPCL Octane Credit Card,98.2474,98.2474,491.2368,98.2474,98.2474,24.5618,49.1237,24.5618,34.3866,98.2474,24.5618,98.2474,392.9894,24.5618,24.5618,98.2474,24.5618,24.5618,24.5618,98.2474,98.2474,98.2474,98.2474,49.1237,24.5618,24.5618
travel,878.93,Diners Club Black,PVR Platinum Credit Card,4.3946,4.3946,2.1973,4.3946,4.3946,2.1973,13.1839,4.3946,9.2288,4.3946,5.4933,4.3946,2.1973,3.296,6.592,4.3946,1.0987,1.0987,6.592,4.3946,4.3946,4.3946,4.3946,10.9866,4.3946,3.296
groceries,3259.05,Tata Neu Infinity Credit Card,Tata Neu Infinity Credit Card,32.5905,32.5905,8.1476,16.2952,32.5905,8.1476,8.1476,4.0738,5.7033,16.2952,4.0738,32.5905,8.1476,4.0738,4.0738,32.5905,4.0738,4.0738,4.0738,48.8858,32.5905,32.5905,65.181,8.1476,4.0738,4.0738
fuel,7809.59,BPCL Octane Credit Card,Regalia Gold,39.048,39.048,195.2397,39.048,39.048,9.762,19.524,9.762,13.6668,39.048,9.762,39.048,156.1918,9.762,9.762,39.048,9.762,9.762,9.762,39.048,39.048,39.048,39.048,19.524,9.762,9.762
fuel,1411.65,BPCL Octane Credit Card,BPCL Octane Credit Card,7.0583,7.0583,35.2912,7.0583,7.0583,1.7646,3.5291,1.7646,2.4704,7.0583,1.7646,7.0583,28.233,1.7646,1.7646,7.0583,1.7646,1.7646,1.7646,7.0583,7.0583,7.0583,7.0583,3.5291,1.7646,1.7646
dining,5754.52,Cashback Credit Card,My Zone Credit Card,57.5452,28.7726,14.3863,28.7726,115.0904,14.3863,57.5452,14.3863,40.2816,28.7726,21.5795,28.7726,14.3863,14.3863,21.5795,57.5452,14.3863,14.3863,28.7726,57.5452,57.5452,57.5452,57.5452,28.7726,14.3863,14.3863
travel,6733.9,Diners Club Black,Diners Club Black,33.6695,33.6695,16.8347,33.6695,33.6695,16.8347,101.0085,33.6695,70.7059,33.6695,42.0869,33.6695,16.8347,25.2521,50.5042,33.6695,8.4174,8.4174,50.5042,33.6695,33.6695,33.6695,33.6695,84.1737,33.6695,25.2521
travel,18343.25,Diners Club Black,Diners Club Black,91.7163,91.7163,45.8581,91.7163,91.7163,45.8581,275.1488,91.7163,192.6041,91.7163,114.6453,91.7163,45.8581,68.7872,137.5744,91.7163,22.9291,22.9291,137.5744,91.7163,91.7163,91.7163,91.7163,229.2906,91.7163,68.7872
dining,2666.14,Cashback Credit Card,Cashback Credit Card,26.6614,13.3307,6.6654,13.3307,53.3228,6.6654,26.6614,6.6654,18.663,13.3307,9.998,13.3307,6.6654,6.6654,9.998,26.6614,6.6654,6.6654,13.3307,26.6614,26.6614,26.6614,26.6614,13.3307,6.6654,6.6654
dining,12905.52,Cashback Credit Card,Cashback Credit Card,129.0552,64.5276,32.2638,64.5276,258.1104,32.2638,129.0552,32.2638,90.3386,64.5276,48.3957,64.5276,32.2638,32.2638,48.3957,129.0552,32.2638,32.2638,64.5276,129.0552,129.0552,129.0552,129.0552,64.5276,32.2638,32.2638
travel,13435.32,Diners Club Black,Cashback Credit Card,67.1766,67.1766,33.5883,67.1766,67.1766,33.5883,201.5298,67.1766,141.0709,67.1766,83.9708,67.1766,33.5883,50.3824,100.7649,67.1766,16.7941,16.7941,100.7649,67.1766,67.1766,67.1766,67.1766,167.9415,67.1766,50.3824
groceries,1959.71,Tata Neu Infinity Credit Card,Tata Neu Infinity Credit Card,19.5971,19.5971,4.8993,9.7986,19.5971,4.8993,4.8993,2.4496,3.4295,9.7986,2.4496,19.5971,4.8993,2.4496,2.4496,19.5971,2.4496,2.4496,2.4496,29.3956,19.5971,19.5971,39.1942,4.8993,2.4496,2.4496
groceries,7300.38,Tata Neu Infinity Credit Card,Tata Neu Infinity Credit Card,73.0038,73.0038,18.2509,36.5019,73.0038,18.2509,18.2509,9.1255,12.7757,36.5019,9.1255,73.0038,18.2509,9.1255,9.1255,73.0038,9.1255,9.1255,9.1255,109.5057,73.0038,73.0038,146.0076,18.2509,9.1255,9.1255
travel,19028.27,Diners Club Black,Diners Club Black,95.1414,95.1414,47.5707,95.1414,95.1414,47.5707,285.424,95.1414,199.7968,95.1414,118.9267,95.1414,47.5707,71.356,142.712,95.1414,23.7853,23.7853,142.712,95.1414,95.1414,95.1414,95.1414,237.8534,95.1414,71.356
dining,3920.9,Cashback Credit Card,Flipkart Axis Bank Credit Card,39.209,19.6045,9.8023,19.6045,78.418,9.8023,39.209,9.8023,27.4463,19.6045,14.7034,19.6045,9.8023,9.8023,14.7034,39.209,9.8023,9.8023,19.6045,39.209,39.209,39.209,39.209,19.6045,9.8023,9.8023
shopping,10203.03,Millennia Credit Card,Millennia Credit Card,102.0303,306.0909,25.5076,51.0152,204.0606,25.5076,51.0152,25.5076,35.7106,51.0152,25.5076,306.0909,25.5076,25.5076,25.5076,306.0909,38.2614,51.0152,25.5076,306.0909,102.0303,102.0303,306.0909,25.5076,25.5076,51.0152
groceries,851.18,Tata Neu Infinity Credit Card,Tata Neu Infinity Credit Card,8.5118,8.5118,2.1279,4.2559,8.5118,2.1279,2.1279,1.064,1.4896,4.2559,1.064,8.5118,2.1279,1.064,1.064,8.5118,1.064,1.064,1.064,12.7677,8.5118,8.5118,17.0236,2.1279,1.064,1.064
groceries,2707.88,Tata Neu Infinity Credit Card,Tata Neu Infinity Credit Card,27.0788,27.0788,6.7697,13.5394,27.0788,6.7697,6.7697,3.3849,4.7388,13.5394,3.3849,27.0788,6.7697,3.3849,3.3849,27.0788,3.3849,3.3849,3.3849,40.6182,27.0788,27.0788,54.1576,6.7697,3.3849,3.3849
travel,3698.83,Diners Club Black,Diners Club Black,18.4942,18.4942,9.2471,18.4942,18.4942,9.2471,55.4825,18.4942,38.8377,18.4942,23.1177,18.4942,9.2471,13.8706,27.7412,18.4942,4.6235,4.6235,27.7412,18.4942,18.4942,18.4942,18.4942,46.2354,18.4942,13.8706
groceries,16199.97,Tata Neu Infinity Credit Card,Tata Neu Infinity Credit Card,161.9997,161.9997,40.4999,80.9998,161.9997,40.4999,40.4999,20.25,28.3499,80.9998,20.25,161.9997,40.4999,20.25,20.25,161.9997,20.25,20.25,20.25,242.9995,161.9997,161.9997,323.9994,40.4999,20.25,20.25
dining,969.48,Cashback Credit Card,Cashback Credit Card,9.6948,4.8474,2.4237,4.8474,19.3896,2.4237,9.6948,2.4237,6.7864,4.8474,3.6356,4.8474,2.4237,2.4237,3.6356,9.6948,2.4237,2.4237,4.8474,9.6948,9.6948,9.6948,9.6948,4.8474,2.4237,2.4237
travel,19394.81,Diners Club Black,Diners Club Black,96.9741,96.9741,48.487,96.9741,96.9741,48.487,290.9222,96.9741,203.6455,96.9741,121.2176,96.9741,48.487,72.7305,145.4611,96.9741,24.2435,24.2435,145.4611,96.9741,96.9741,96.9741,96.9741,242.4351,96.9741,72.7305
dining,4756.66,Cashback Credit Card,Cashback Credit Card,47.5666,23.7833,11.8917,23.7833,95.1332,11.8917,47.5666,11.8917,33.2966,23.7833,17.8375,23.7833,11.8917,11.8917,17.8375,47.5666,11.8917,11.8917,23.7833,47.5666,47.5666,47.5666,47.5666,23.7833,11.8917,11.8917
dining,18089.09,Cashback Credit Card,Cashback Credit Card,180.8909,90.4454,45.2227,90.4454,361.7818,45.2227,180.8909,45.2227,126.6236,90.4454,67.8341,90.4454,45.2227,45.2227,67.8341,180.8909,45.2227,45.2227,90.4454,180.8909,180.8909,180.8909,180.8909,90.4454,45.2227,45.2227
groceries,19690.35,Tata Neu Infinity Credit Card,Tata Neu Infinity Credit Card,196.9035,196.9035,49.2259,98.4517,196.9035,49.2259,49.2259,24.6129,34.4581,98.4517,24.6129,196.9035,49.2259,24.6129,24.6129,196.9035,24.6129,24.6129,24.6129,295.3552,196.9035,196.9035,393.807,49.2259,24.6129,24.6129
fuel,15584.67,BPCL Octane Credit Card,BPCL Octane Credit Card,77.9233,77.9233,389.6168,77.9233,77.9233,19.4808,38.9617,19.4808,27.2732,77.9233,19.4808,77.9233,311.6934,19.4808,19.4808,77.9233,19.4808,19.4808,19.4808,77.9233,77.9233,77.9233,77.9233,38.9617,19.4808,19.4808
dining,19328.74,Cashback Credit Card,Amazon Pay Credit Card,193.2874,96.6437,48.3219,96.6437,386.5748,48.3219,193.2874,48.3219,135.3012,96.6437,72.4828,96.6437,48.3219,48.3219,72.4828,193.2874,48.3219,48.3219,96.6437,193.2874,193.2874,193.2874,193.2874,96.6437,48.3219,48.3219
fuel,1138.38,BPCL Octane Credit Card,BPCL Octane Credit Card,5.6919,5.6919,28.4595,5.6919,5.6919,1.423,2.846,1.423,1.9922,5.6919,1.423,5.6919,22.7676,1.423,1.423,5.6919,1.423,1.423,1.423,5.6919,5.6919,5.6919,5.6919,2.846,1.423,1.423
fuel,11135.36,BPCL Octane Credit Card,BPCL Octane Credit Card,55.6768,55.6768,278.384,55.6768,55.6768,13.9192,27.8384,13.9192,19.4869,55.6768,13.9192,55.6768,222.7072,13.9192,13.9192,55.6768,13.9192,13.9192,13.9192,55.6768,55.6768,55.6768,55.6768,27.8384,13.9192,13.9192
groceries,17038.2,Tata Neu Infinity Credit Card,Tata Neu Infinity Credit Card,170.382,170.382,42.5955,85.191,170.382,42.5955,42.5955,21.2978,29.8168,85.191,21.2978,170.382,42.5955,21.2978,21.2978,170.382,21.2978,21.2978,21.2978,255.573,170.382,170.382,340.764,42.5955,21.2978,21.2978
travel,5528.55,Diners Club Black,PVR Platinum Credit Card,27.6427,27.6427,13.8214,27.6427,27.6427,13.8214,82.9283,27.6427,58.0498,27.6427,34.5534,27.6427,13.8214,20.7321,41.4641,27.6427,6.9107,6.9107,41.4641,27.6427,27.6427,27.6427,27.6427,69.1069,27.6427,20.7321
shopping,18933.62,Millennia Credit Card,Millennia Credit Card,189.3362,568.0086,47.334,94.6681,378.6724,47.334,94.6681,47.334,66.2677,94.6681,47.334,568.0086,47.334,47.334,47.334,568.0086,71.0011,94.6681,47.334,568.0086,189.3362,189.3362,568.0086,47.334,47.334,94.6681
dining,17704.13,Cashback Credit Card,League Platinum Credit Card,177.0413,88.5207,44.2603,88.5207,354.0826,44.2603,177.0413,44.2603,123.9289,88.5207,66.3905,88.5207,44.2603,44.2603,66.3905,177.0413,44.2603,44.2603,88.5207,177.0413,177.0413,177.0413,177.0413,88.5207,44.2603,44.2603
groceries,7541.83,Tata Neu Infinity Credit Card,Tata Neu Infinity Credit Card,75.4183,75.4183,18.8546,37.7092,75.4183,18.8546,18.8546,9.4273,13.1982,37.7092,9.4273,75.4183,18.8546,9.4273,9.4273,75.4183,9.4273,9.4273,9.4273,113.1274,75.4183,75.4183,150.8366,18.8546,9.4273,9.4273
shopping,7560.76,Millennia Credit Card,Millennia Credit Card,75.6076,226.8228,18.9019,37.8038,151.2152,18.9019,37.8038,18.9019,26.4627,37.8038,18.9019,226.8228,18.9019,18.9019,18.9019,226.8228,28.3529,37.8038,18.9019,226.8228,75.6076,75.6076,226.8228,18.9019,18.9019,37.8038
shopping,16799.61,Millennia Credit Card,Millennia Credit Card,167.9961,503.9883,41.999,83.9981,335.9922,41.999,83.9981,41.999,58.7986,83.9981,41.999,503.9883,41.999,41.999,41.999,503.9883,62.9985,83.9981,41.999,503.9883,167.9961,167.9961,503.9883,41.999,41.999,83.9981
travel,2838.23,Diners Club Black,Diners Club Black,14.1912,14.1912,7.0956,14.1912,14.1912,7.0956,42.5735,14.1912,29.8014,14.1912,17.7389,14.1912,7.0956,10.6434,21.2867,14.1912,3.5478,3.5478,21.2867,14.1912,14.1912,14.1912,14.1912,35.4779,14.1912,10.6434
dining,13951.83,Cashback Credit Card,Cashback Credit Card,139.5183,69.7592,34.8796,69.7592,279.0366,34.8796,139.5183,34.8796,97.6628,69.7592,52.3194,69.7592,34.8796,34.8796,52.3194,139.5183,34.8796,34.8796,69.7592,139.5183,139.5183,139.5183,139.5183,69.7592,34.8796,34.8796
dining,9027.17,Cashback Credit Card,Cashback Credit Card,90.2717,45.1358,22.5679,45.1358,180.5434,22.5679,90.2717,22.5679,63.1902,45.1358,33.8519,45.1358,22.5679,22.5679,33.8519,90.2717,22.5679,22.5679,45.1358,90.2717,90.2717,90.2717,90.2717,45.1358,22.5679,22.5679
shopping,478.18,Millennia Credit Card,Millennia Credit Card,4.7818,14.3454,1.1955,2.3909,9.5636,1.1955,2.3909,1.1955,1.6736,2.3909,1.1955,14.3454,1.1955,1.1955,1.1955,14.3454,1.7932,2.3909,1.1955,14.3454,4.7818,4.7818,14.3454,1.1955,1.1955,2.3909
travel,11021.2,Diners Club Black,Diners Club Black,55.106,55.106,27.553,55.106,55.106,27.553,165.318,55.106,115.7226,55.106,68.8825,55.106,27.553,41.3295,82.659,55.106,13.7765,13.7765,82.659,55.106,55.106,55.106,55.106,137.765,55.106,41.3295
fuel,4829.04,BPCL Octane Credit Card,BPCL Octane Credit Card,24.1452,24.1452,120.726,24.1452,24.1452,6.0363,12.0726,6.0363,8.4508,24.1452,6.0363,24.1452,96.5808,6.0363,6.0363,24.1452,6.0363,6.0363,6.0363,24.1452,24.1452,24.1452,24.1452,12.0726,6.0363,6.0363
travel,8454.53,Diners Club Black,Amazon Pay Credit Card,42.2727,42.2727,21.1363,42.2727,42.2727,21.1363,126.818,42.2727,88.7726,42.2727,52.8408,42.2727,21.1363,31.7045,63.409,42.2727,10.5682,10.5682,63.409,42.2727,42.2727,42.2727,42.2727,105.6816,42.2727,31.7045
dining,11975.11,Cashback Credit Card,Cashback Credit Card,119.7511,59.8756,29.9378,59.8756,239.5022,29.9378,119.7511,29.9378,83.8258,59.8756,44.9067,59.8756,29.9378,29.9378,44.9067,119.7511,29.9378,29.9378,59.8756,119.7511,119.7511,119.7511,119.7511,59.8756,29.9378,29.9378
groceries,11543.44,Tata Neu Infinity Credit Card,Millennia Credit Card,115.4344,115.4344,28.8586,57.7172,115.4344,28.8586,28.8586,14.4293,20.201,57.7172,14.4293,115.4344,28.8586,14.4293,14.4293,115.4344,14.4293,14.4293,14.4293,173.1516,115.4344,115.4344,230.8688,28.8586,14.4293,14.4293
groceries,7121.04,Tata Neu Infinity Credit Card,Tata Neu Infinity Credit Card,71.2104,71.2104,17.8026,35.6052,71.2104,17.8026,17.8026,8.9013,12.4618,35.6052,8.9013,71.2104,17.8026,8.9013,8.9013,71.2104,8.9013,8.9013,8.9013,106.8156,71.2104,71.2104,142.4208,17.8026,8.9013,8.9013
travel,13320.99,Diners Club Black,Diners Club Black,66.605,66.605,33.3025,66.605,66.605,33.3025,199.8149,66.605,139.8704,66.605,83.2562,66.605,33.3025,49.9537,99.9074,66.605,16.6512,16.6512,99.9074,66.605,66.605,66.605,66.605,166.5124,66.605,49.9537
fuel,1446.82,BPCL Octane Credit Card,BPCL Octane Credit Card,7.2341,7.2341,36.1705,7.2341,7.2341,1.8085,3.617,1.8085,2.5319,7.2341,1.8085,7.2341,28.9364,1.8085,1.8085,7.2341,1.8085,1.8085,1.8085,7.2341,7.2341,7.2341,7.2341,3.617,1.8085,1.8085
groceries,15749.61,Tata Neu Infinity Credit Card,Tata Neu Infinity Credit Card,157.4961,157.4961,39.374,78.7481,157.4961,39.374,39.374,19.687,27.5618,78.7481,19.687,157.4961,39.374,19.687,19.687,157.4961,19.687,19.687,19.687,236.2442,157.4961,157.4961,314.9922,39.374,19.687,19.687
shopping,7870.03,Millennia Credit Card,Millennia Credit Card,78.7003,236.1009,19.6751,39.3501,157.4006,19.6751,39.3501,19.6751,27.5451,39.3501,19.6751,236.1009,19.6751,19.6751,19.6751,236.1009,29.5126,39.3501,19.6751,236.1009,78.7003,78.7003,236.1009,19.6751,19.6751,39.3501
dining,19622.68,Cashback Credit Card,Cashback Credit Card,196.2268,98.1134,49.0567,98.1134,392.4536,49.0567,196.2268,49.0567,137.3588,98.1134,73.585,98.1134,49.0567,49.0567,73.585,196.2268,49.0567,49.0567,98.1134,196.2268,196.2268,196.2268,196.2268,98.1134,49.0567,49.0567
shopping,7206.17,Millennia Credit Card,Millennia Credit Card,72.0617,216.1851,18.0154,36.0309,144.1234,18.0154,36.0309,18.0154,25.2216,36.0309,18.0154,216.1851,18.0154,18.0154,18.0154,216.1851,27.0231,36.0309,18.0154,216.1851,72.0617,72.0617,216.1851,18.0154,18.0154,36.0309
travel,14685.53,Diners Club Black,Diners Club Black,73.4276,73.4276,36.7138,73.4276,73.4276,36.7138,220.283,73.4276,154.1981,73.4276,91.7846,73.4276,36.7138,55.0707,110.1415,73.4276,18.3569,18.3569,110.1415,73.4276,73.4276,73.4276,73.4276,183.5691,73.4276,55.0707
groceries,14730.22,Tata Neu Infinity Credit Card,Tata Neu Infinity Credit Card,147.3022,147.3022,36.8255,73.6511,147.3022,36.8255,36.8255,18.4128,25.7779,73.6511,18.4128,147.3022,36.8255,18.4128,18.4128,147.3022,18.4128,18.4128,18.4128,220.9533,147.3022,147.3022,294.6044,36.8255,18.4128,18.4128
shopping,7110.75,Millennia Credit Card,Millennia Credit Card,71.1075,213.3225,17.7769,35.5538,142.215,17.7769,35.5538,17.7769,24.8876,35.5538,17.7769,213.3225,17.7769,17.7769,17.7769,213.3225,26.6653,35.5538,17.7769,213.3225,71.1075,71.1075,213.3225,17.7769,17.7769,35.5538
travel,16624.63,Diners Club Black,Diners Club Black,83.1232,83.1232,41.5616,83.1232,83.1232,41.5616,249.3695,83.1232,174.5586,83.1232,103.9039,83.1232,41.5616,62.3424,124.6847,83.1232,20.7808,20.7808,124.6847,83.1232,83.1232,83.1232,83.1232,207.8079,83.1232,62.3424
dining,12671.54,Cashback Credit Card,White Credit Card,126.7154,63.3577,31.6789,63.3577,253.4308,31.6789,126.7154,31.6789,88.7008,63.3577,47.5183,63.3577,31.6789,31.6789,47.5183,126.7154,31.6789,31.6789,63.3577,126.7154,126.7154,126.7154,126.7154,63.3577,31.6789,31.6789
dining,835.98,Cashback Credit Card,Cashback Credit Card,8.3598,4.1799,2.0899,4.1799,16.7196,2.0899,8.3598,2.0899,5.8519,4.1799,3.1349,4.1799,2.0899,2.0899,3.1349,8.3598,2.0899,2.0899,4.1799,8.3598,8.3598,8.3598,8.3598,4.1799,2.0899,2.0899
travel,17727.23,Diners Club Black,Diners Club Black,88.6362,88.6362,44.3181,88.6362,88.6362,44.3181,265.9085,88.6362,186.1359,88.6362,110.7952,88.6362,44.3181,66.4771,132.9542,88.6362,22.159,22.159,132.9542,88.6362,88.6362,88.6362,88.6362,221.5904,88.6362,66.4771
fuel,10356.13,BPCL Octane Credit Card,SimplyCLICK Credit Card,51.7806,51.7806,258.9032,51.7806,51.7806,12.9452,25.8903,12.9452,18.1232,51.7806,12.9452,51.7806,207.1226,12.9452,12.9452,51.7806,12.9452,12.9452,12.9452,51.7806,51.7806,51.7806,51.7806,25.8903,12.9452,12.9452
travel,5793.61,Diners Club Black,Tata Neu Infinity Credit Card,28.968,28.968,14.484,28.968,28.968,14.484,86.9041,28.968,60.8329,28.968,36.2101,28.968,14.484,21.726,43.4521,28.968,7.242,7.242,43.4521,28.968,28.968,28.968,28.968,72.4201,28.968,21.726
fuel,5537.01,BPCL Octane Credit Card,League Platinum Credit Card,27.6851,27.6851,138.4253,27.6851,27.6851,6.9213,13.8425,6.9213,9.6898,27.6851,6.9213,27.6851,110.7402,6.9213,6.9213,27.6851,6.9213,6.9213,6.9213,27.6851,27.6851,27.6851,27.6851,13.8425,6.9213,6.9213
dining,17903.29,Cashback Credit Card,Cashback Credit Card,179.0329,89.5165,44.7582,89.5165,358.0658,44.7582,179.0329,44.7582,125.323,89.5165,67.1373,89.5165,44.7582,44.7582,67.1373,179.0329,44.7582,44.7582,89.5165,179.0329,179.0329,179.0329,179.0329,89.5165,44.7582,44.7582
travel,9974.44,Diners Club Black,Diners Club Black,49.8722,49.8722,24.9361,49.8722,49.8722,24.9361,149.6166,49.8722,104.7316,49.8722,62.3403,49.8722,24.9361,37.4042,74.8083,49.8722,12.468,12.468,74.8083,49.8722,49.8722,49.8722,49.8722,124.6805,49.8722,37.4042
groceries,5407.74,Tata Neu Infinity Credit Card,Tata Neu Infinity Credit Card,54.0774,54.0774,13.5193,27.0387,54.0774,13.5193,13.5193,6.7597,9.4635,27.0387,6.7597,54.0774,13.5193,6.7597,6.7597,54.0774,6.7597,6.7597,6.7597,81.1161,54.0774,54.0774,108.1548,13.5193,6.7597,6.7597
dining,1670.65,Cashback Credit Card,Cashback Credit Card,16.7065,8.3533,4.1766,8.3533,33.413,4.1766,16.7065,4.1766,11.6946,8.3533,6.2649,8.3533,4.1766,4.1766,6.2649,16.7065,4.1766,4.1766,8.3533,16.7065,16.7065,16.7065,16.7065,8.3533,4.1766,4.1766
travel,10954.94,Diners Club Black,Diners Club Black,54.7747,54.7747,27.3874,54.7747,54.7747,27.3874,164.3241,54.7747,115.0269,54.7747,68.4684,54.7747,27.3874,41.081,82.162,54.7747,13.6937,13.6937,82.162,54.7747,54.7747,54.7747,54.7747,136.9368,54.7747,41.081
shopping,6625.61,Millennia Credit Card,Millennia Credit Card,66.2561,198.7683,16.564,33.1281,132.5122,16.564,33.1281,16.564,23.1896,33.1281,16.564,198.7683,16.564,16.564,16.564,198.7683,24.846,33.1281,16.564,198.7683,66.2561,66.2561,198.7683,16.564,16.564,33.1281
dining,12092.17,Cashback Credit Card,Cashback Credit Card,120.9217,60.4609,30.2304,60.4609,241.8434,30.2304,120.9217,30.2304,84.6452,60.4609,45.3456,60.4609,30.2304,30.2304,45.3456,120.9217,30.2304,30.2304,60.4609,120.9217,120.9217,120.9217,120.9217,60.4609,30.2304,30.2304
dining,7095.78,Cashback Credit Card,Cashback Credit Card,70.9578,35.4789,17.7394,35.4789,141.9156,17.7394,70.9578,17.7394,49.6705,35.4789,26.6092,35.4789,17.7394,17.7394,26.6092,70.9578,17.7394,17.7394,35.4789,70.9578,70.9578,70.9578,70.9578,35.4789,17.7394,17.7394
fuel,12335.54,BPCL Octane Credit Card,BPCL Octane Credit Card,61.6777,61.6777,308.3885,61.6777,61.6777,15.4194,30.8389,15.4194,21.5872,61.6777,15.4194,61.6777,246.7108,15.4194,15.4194,61.6777,15.4194,15.4194,15.4194,61.6777,61.6777,61.6777,61.6777,30.8389,15.4194,15.4194
shopping,1593.32,Millennia Credit Card,Millennia Credit Card,15.9332,47.7996,3.9833,7.9666,31.8664,3.9833,7.9666,3.9833,5.5766,7.9666,3.9833,47.7996,3.9833,3.9833,3.9833,47.7996,5.9749,7.9666,3.9833,47.7996,15.9332,15.9332,47.7996,3.9833,3.9833,7.9666
fuel,10310.41,BPCL Octane Credit Card,Millennia Credit Card,51.5521,51.5521,257.7603,51.5521,51.5521,12.888,25.776,12.888,18.0432,51.5521,12.888,51.5521,206.2082,12.888,12.888,51.5521,12.888,12.888,12.888,51.5521,51.5521,51.5521,51.5521,25.776,12.888,12.888
travel,16988.52,Diners Club Black,Diners Club Black,84.9426,84.9426,42.4713,84.9426,84.9426,42.4713,254.8278,84.9426,178.3795,84.9426,106.1783,84.9426,42.4713,63.7069,127.4139,84.9426,21.2356,21.2356,127.4139,84.9426,84.9426,84.9426,84.9426,212.3565,84.9426,63.7069
dining,792.5,Cashback Credit Card,Cashback Credit Card,7.925,3.9625,1.9812,3.9625,15.85,1.9812,7.925,1.9812,5.5475,3.9625,2.9719,3.9625,1.9812,1.9812,2.9719,7.925,1.9812,1.9812,3.9625,7.925,7.925,7.925,7.925,3.9625,1.9812,1.9812
fuel,7306.8,BPCL Octane Credit Card,Coral Credit Card,36.534,36.534,182.67,36.534,36.534,9.1335,18.267,9.1335,12.7869,36.534,9.1335,36.534,146.136,9.1335,9.1335,36.534,9.1335,9.1335,9.1335,36.534,36.534,36.534,36.534,18.267,9.1335,9.1335
dining,18981.59,Cashback Credit Card,Cashback Credit Card,189.8159,94.9079,47.454,94.9079,379.6318,47.454,189.8159,47.454,132.8711,94.9079,71.181,94.9079,47.454,47.454,71.181,189.8159,47.454,47.454,94.9079,189.8159,189.8159,189.8159,189.8159,94.9079,47.454,47.454
shopping,11521.04,Millennia Credit Card,Millennia Credit Card,115.2104,345.6312,28.8026,57.6052,230.4208,28.8026,57.6052,28.8026,40.3236,57.6052,28.8026,345.6312,28.8026,28.8026,28.8026,345.6312,43.2039,57.6052,28.8026,345.6312,115.2104,115.2104,345.6312,28.8026,28.8026,57.6052
dining,6356.27,Cashback Credit Card,Cashback Credit Card,63.5627,31.7814,15.8907,31.7814,127.1254,15.8907,63.5627,15.8907,44.4939,31.7814,23.836,31.7814,15.8907,15.8907,23.836,63.5627,15.8907,15.8907,31.7814,63.5627,63.5627,63.5627,63.5627,31.7814,15.8907,15.8907
shopping,615.68,Millennia Credit Card,Millennia Credit Card,6.1568,18.4704,1.5392,3.0784,12.3136,1.5392,3.0784,1.5392,2.1549,3.0784,1.5392,18.4704,1.5392,1.5392,1.5392,18.4704,2.3088,3.0784,1.5392,18.4704,6.1568,6.1568,18.4704,1.5392,1.5392,3.0784
groceries,7801.05,Tata Neu Infinity Credit Card,Tata Neu Infinity Credit Card,78.0105,78.0105,19.5026,39.0053,78.0105,19.5026,19.5026,9.7513,13.6518,39.0053,9.7513,78.0105,19.5026,9.7513,9.7513,78.0105,9.7513,9.7513,9.7513,117.0158,78.0105,78.0105,156.021,19.5026,9.7513,9.7513
fuel,15521.79,BPCL Octane Credit Card,BankBazaar Credit Card,77.609,77.609,388.0448,77.609,77.609,19.4022,38.8045,19.4022,27.1631,77.609,19.4022,77.609,310.4358,19.4022,19.4022,77.609,19.4022,19.4022,19.4022,77.609,77.609,77.609,77.609,38.8045,19.4022,19.4022
fuel,13910.21,BPCL Octane Credit Card,Coral Credit Card,69.551,69.551,347.7552,69.551,69.551,17.3878,34.7755,17.3878,24.3429,69.551,17.3878,69.551,278.2042,17.3878,17.3878,69.551,17.3878,17.3878,17.3878,69.551,69.551,69.551,69.551,34.7755,17.3878,17.3878
shopping,9095.65,Millennia Credit Card,Diners Club Black,90.9565,272.8695,22.7391,45.4782,181.913,22.7391,45.4782,22.7391,31.8348,45.4782,22.7391,272.8695,22.7391,22.7391,22.7391,272.8695,34.1087,45.4782,22.7391,272.8695,90.9565,90.9565,272.8695,22.7391,22.7391,45.4782
fuel,13390.01,BPCL Octane Credit Card,Elite Credit Card,66.9501,66.9501,334.7502,66.9501,66.9501,16.7375,33.475,16.7375,23.4325,66.9501,16.7375,66.9501,267.8002,16.7375,16.7375,66.9501,16.7375,16.7375,16.7375,66.9501,66.9501,66.9501,66.9501,33.475,16.7375,16.7375
fuel,17042.1,BPCL Octane Credit Card,Super Value Titanium Credit Card,85.2105,85.2105,426.0525,85.2105,85.2105,21.3026,42.6052,21.3026,29.8237,85.2105,21.3026,85.2105,340.842,21.3026,21.3026,85.2105,21.3026,21.3026,21.3026,85.2105,85.2105,85.2105,85.2105,42.6052,21.3026,21.3026
fuel,10224.24,BPCL Octane Credit Card,BPCL Octane Credit Card,51.1212,51.1212,255.606,51.1212,51.1212,12.7803,25.5606,12.7803,17.8924,51.1212,12.7803,51.1212,204.4848,12.7803,12.7803,51.1212,12.7803,12.7803,12.7803,51.1212,51.1212,51.1212,51.1212,25.5606,12.7803,12.7803
travel,15862.11,Diners Club Black,Diners Club Black,79.3106,79.3106,39.6553,79.3106,79.3106,39.6553,237.9317,79.3106,166.5522,79.3106,99.1382,79.3106,39.6553,59.4829,118.9658,79.3106,19.8276,19.8276,118.9658,79.3106,79.3106,79.3106,79.3106,198.2764,79.3106,59.4829
dining,623.05,Cashback Credit Card,Cashback Credit Card,6.2305,3.1152,1.5576,3.1152,12.461,1.5576,6.2305,1.5576,4.3613,3.1152,2.3364,3.1152,1.5576,1.5576,2.3364,6.2305,1.5576,1.5576,3.1152,6.2305,6.2305,6.2305,6.2305,3.1152,1.5576,1.5576
fuel,9401.38,BPCL Octane Credit Card,Diners Club Black,47.0069,47.0069,235.0345,47.0069,47.0069,11.7517,23.5034,11.7517,16.4524,47.0069,11.7517,47.0069,188.0276,11.7517,11.7517,47.0069,11.7517,11.7517,11.7517,47.0069,47.0069,47.0069,47.0069,23.5034,11.7517,11.7517
shopping,6254.89,Millennia Credit Card,PVR Platinum Credit Card,62.5489,187.6467,15.6372,31.2745,125.0978,15.6372,31.2745,15.6372,21.8921,31.2745,15.6372,187.6467,15.6372,15.6372,15.6372,187.6467,23.4558,31.2745,15.6372,187.6467,62.5489,62.5489,187.6467,15.6372,15.6372,31.2745
dining,16484.45,Cashback Credit Card,Cashback Credit Card,164.8445,82.4223,41.2111,82.4223,329.689,41.2111,164.8445,41.2111,115.3911,82.4223,61.8167,82.4223,41.2111,41.2111,61.8167,164.8445,41.2111,41.2111,82.4223,164.8445,164.8445,164.8445,164.8445,82.4223,41.2111,41.2111
fuel,12882.54,BPCL Octane Credit Card,BPCL Octane Credit Card,64.4127,64.4127,322.0635,64.4127,64.4127,16.1032,32.2064,16.1032,22.5444,64.4127,16.1032,64.4127,257.6508,16.1032,16.1032,64.4127,16.1032,16.1032,16.1032,64.4127,64.4127,64.4127,64.4127,32.2064,16.1032,16.1032
groceries,6955.84,Tata Neu Infinity Credit Card,Super Value Titanium Credit Card,69.5584,69.5584,17.3896,34.7792,69.5584,17.3896,17.3896,8.6948,12.1727,34.7792,8.6948,69.5584,17.3896,8.6948,8.6948,69.5584,8.6948,8.6948,8.6948,104.3376,69.5584,69.5584,139.1168,17.3896,8.6948,8.6948
travel,15378.85,Diners Club Black,Diners Club Black,76.8942,76.8942,38.4471,76.8942,76.8942,38.4471,230.6828,76.8942,161.4779,76.8942,96.1178,76.8942,38.4471,57.6707,115.3414,76.8942,19.2236,19.2236,115.3414,76.8942,76.8942,76.8942,76.8942,192.2356,76.8942,57.6707
groceries,18223.17,Tata Neu Infinity Credit Card,Tata Neu Infinity Credit Card,182.2317,182.2317,45.5579,91.1158,182.2317,45.5579,45.5579,22.779,31.8905,91.1158,22.779,182.2317,45.5579,22.779,22.779,182.2317,22.779,22.779,22.779,273.3475,182.2317,182.2317,364.4634,45.5579,22.779,22.779
shopping,10410.23,Millennia Credit Card,Millennia Credit Card,104.1023,312.3069,26.0256,52.0511,208.2046,26.0256,52.0511,26.0256,36.4358,52.0511,26.0256,312.3069,26.0256,26.0256,26.0256,312.3069,39.0384,52.0511,26.0256,312.3069,104.1023,104.1023,312.3069,26.0256,26.0256,52.0511
travel,6520.95,Diners Club Black,Super Value Titanium Credit Card,32.6047,32.6047,16.3024,32.6047,32.6047,16.3024,97.8142,32.6047,68.47,32.6047,40.7559,32.6047,16.3024,24.4536,48.9071,32.6047,8.1512,8.1512,48.9071,32.6047,32.6047,32.6047,32.6047,81.5119,32.6047,24.4536
fuel,16934.08,BPCL Octane Credit Card,BPCL Octane Credit Card,84.6704,84.6704,423.352,84.6704,84.6704,21.1676,42.3352,21.1676,29.6346,84.6704,21.1676,84.6704,338.6816,21.1676,21.1676,84.6704,21.1676,21.1676,21.1676,84.6704,84.6704,84.6704,84.6704,42.3352,21.1676,21.1676
groceries,5561.58,Tata Neu Infinity Credit Card,Tata Neu Infinity Credit Card,55.6158,55.6158,13.904,27.8079,55.6158,13.904,13.904,6.952,9.7328,27.8079,6.952,55.6158,13.904,6.952,6.952,55.6158,6.952,6.952,6.952,83.4237,55.6158,55.6158,111.2316,13.904,6.952,6.952
groceries,10716.21,Tata Neu Infinity Credit Card,Tata Neu Infinity Credit Card,107.1621,107.1621,26.7905,53.581,107.1621,26.7905,26.7905,13.3953,18.7534,53.581,13.3953,107.1621,26.7905,13.3953,13.3953,107.1621,13.3953,13.3953,13.3953,160.7431,107.1621,107.1621,214.3242,26.7905,13.3953,13.3953
travel,11876.99,Diners Club Black,Diners Club Black,59.3849,59.3849,29.6925,59.3849,59.3849,29.6925,178.1549,59.3849,124.7084,59.3849,74.2312,59.3849,29.6925,44.5387,89.0774,59.3849,14.8462,14.8462,89.0774,59.3849,59.3849,59.3849,59.3849,148.4624,59.3849,44.5387
travel,13208.78,Diners Club Black,HPCL Super Saver Credit Card,66.0439,66.0439,33.022,66.0439,66.0439,33.022,198.1317,66.0439,138.6922,66.0439,82.5549,66.0439,33.022,49.5329,99.0659,66.0439,16.511,16.511,99.0659,66.0439,66.0439,66.0439,66.0439,165.1098,66.0439,49.5329
groceries,919.77,Tata Neu Infinity Credit Card,Tata Neu Infinity Credit Card,9.1977,9.1977,2.2994,4.5988,9.1977,2.2994,2.2994,1.1497,1.6096,4.5988,1.1497,9.1977,2.2994,1.1497,1.1497,9.1977,1.1497,1.1497,1.1497,13.7965,9.1977,9.1977,18.3954,2.2994,1.1497,1.1497
groceries,5366.65,Tata Neu Infinity Credit Card,Tata Neu Infinity Credit Card,53.6665,53.6665,13.4166,26.8332,53.6665,13.4166,13.4166,6.7083,9.3916,26.8332,6.7083,53.6665,13.4166,6.7083,6.7083,53.6665,6.7083,6.7083,6.7083,80.4997,53.6665,53.6665,107.333,13.4166,6.7083,6.7083
groceries,8390.08,Tata Neu Infinity Credit Card,Tata Neu Infinity Credit Card,83.9008,83.9008,20.9752,41.9504,83.9008,20.9752,20.9752,10.4876,14.6826,41.9504,10.4876,83.9008,20.9752,10.4876,10.4876,83.9008,10.4876,10.4876,10.4876,125.8512,83.9008,83.9008,167.8016,20.9752,10.4876,10.4876
dining,17791.04,Cashback Credit Card,Cashback Credit Card,177.9104,88.9552,44.4776,88.9552,355.8208,44.4776,177.9104,44.4776,124.5373,88.9552,66.7164,88.9552,44.4776,44.4776,66.7164,177.9104,44.4776,44.4776,88.9552,177.9104,177.9104,177.9104,177.9104,88.9552,44.4776,44.4776
fuel,9710.6,BPCL Octane Credit Card,Elite Credit Card,48.553,48.553,242.765,48.553,48.553,12.1383,24.2765,12.1383,16.9935,48.553,12.1383,48.553,194.212,12.1383,12.1383,48.553,12.1383,12.1383,12.1383,48.553,48.553,48.553,48.553,24.2765,12.1383,12.1383
shopping,13803.41,Millennia Credit Card,Millennia Credit Card,138.0341,414.1023,34.5085,69.017,276.0682,34.5085,69.017,34.5085,48.3119,69.017,34.5085,414.1023,34.5085,34.5085,34.5085,414.1023,51.7628,69.017,34.5085,414.1023,138.0341,138.0341,414.1023,34.5085,34.5085,69.017
dining,9736.6,Cashback Credit Card,Cashback Credit Card,97.366,48.683,24.3415,48.683,194.732,24.3415,97.366,24.3415,68.1562,48.683,36.5123,48.683,24.3415,24.3415,36.5123,97.366,24.3415,24.3415,48.683,97.366,97.366,97.366,97.366,48.683,24.3415,24.3415
groceries,2959.01,Tata Neu Infinity Credit Card,Ace Credit Card,29.5901,29.5901,7.3975,14.7951,29.5901,7.3975,7.3975,3.6988,5.1783,14.7951,3.6988,29.5901,7.3975,3.6988,3.6988,29.5901,3.6988,3.6988,3.6988,44.3852,29.5901,29.5901,59.1802,7.3975,3.6988,3.6988
dining,2702.25,Cashback Credit Card,Cashback Credit Card,27.0225,13.5113,6.7556,13.5113,54.045,6.7556,27.0225,6.7556,18.9157,13.5113,10.1334,13.5113,6.7556,6.7556,10.1334,27.0225,6.7556,6.7556,13.5113,27.0225,27.0225,27.0225,27.0225,13.5113,6.7556,6.7556
groceries,2213.06,Tata Neu Infinity Credit Card,Tata Neu Infinity Credit Card,22.1306,22.1306,5.5327,11.0653,22.1306,5.5327,5.5327,2.7663,3.8729,11.0653,2.7663,22.1306,5.5327,2.7663,2.7663,22.1306,2.7663,2.7663,2.7663,33.1959,22.1306,22.1306,44.2612,5.5327,2.7663,2.7663
shopping,5422.69,Millennia Credit Card,Millennia Credit Card,54.2269,162.6807,13.5567,27.1134,108.4538,13.5567,27.1134,13.5567,18.9794,27.1134,13.5567,162.6807,13.5567,13.5567,13.5567,162.6807,20.3351,27.1134,13.5567,162.6807,54.2269,54.2269,162.6807,13.5567,13.5567,27.1134
shopping,1107.05,Millennia Credit Card,Magnus Credit Card,11.0705,33.2115,2.7676,5.5352,22.141,2.7676,5.5352,2.7676,3.8747,5.5352,2.7676,33.2115,2.7676,2.7676,2.7676,33.2115,4.1514,5.5352,2.7676,33.2115,11.0705,11.0705,33.2115,2.7676,2.7676,5.5352
travel,16288.21,Diners Club Black,Coral Credit Card,81.441,81.441,40.7205,81.441,81.441,40.7205,244.3231,81.441,171.0262,81.441,101.8013,81.441,40.7205,61.0808,122.1616,81.441,20.3603,20.3603,122.1616,81.441,81.441,81.441,81.441,203.6026,81.441,61.0808
travel,10015.48,Diners Club Black,Diners Club Black,50.0774,50.0774,25.0387,50.0774,50.0774,25.0387,150.2322,50.0774,105.1625,50.0774,62.5967,50.0774,25.0387,37.5581,75.1161,50.0774,12.5193,12.5193,75.1161,50.0774,50.0774,50.0774,50.0774,125.1935,50.0774,37.5581
dining,17593.61,Cashback Credit Card,Cashback Credit Card,175.9361,87.9681,43.984,87.9681,351.8722,43.984,175.9361,43.984,123.1553,87.9681,65.976,87.9681,43.984,43.984,65.976,175.9361,43.984,43.984,87.9681,175.9361,175.9361,175.9361,175.9361,87.9681,43.984,43.984
shopping,18910.13,Millennia Credit Card,Millennia Credit Card,189.1013,567.3039,47.2753,94.5507,378.2026,47.2753,94.5507,47.2753,66.1855,94.5507,47.2753,567.3039,47.2753,47.2753,47.2753,567.3039,70.913,94.5507,47.2753,567.3039,189.1013,189.1013,567.3039,47.2753,47.2753,94.5507
travel,4381.37,Diners Club Black,Diners Club Black,21.9068,21.9068,10.9534,21.9068,21.9068,10.9534,65.7206,21.9068,46.0044,21.9068,27.3836,21.9068,10.9534,16.4301,32.8603,21.9068,5.4767,5.4767,32.8603,21.9068,21.9068,21.9068,21.9068,54.7671,21.9068,16.4301
shopping,5698.99,Millennia Credit Card,Millennia Credit Card,56.9899,170.9697,14.2475,28.4949,113.9798,14.2475,28.4949,14.2475,19.9465,28.4949,14.2475,170.9697,14.2475,14.2475,14.2475,170.9697,21.3712,28.4949,14.2475,170.9697,56.9899,56.9899,170.9697,14.2475,14.2475,28.4949
dining,5786.39,Cashback Credit Card,Cashback Credit Card,57.8639,28.932,14.466,28.932,115.7278,14.466,57.8639,14.466,40.5047,28.932,21.699,28.932,14.466,14.466,21.699,57.8639,14.466,14.466,28.932,57.8639,57.8639,57.8639,57.8639,28.932,14.466,14.466
shopping,8675.46,Millennia Credit Card,BankBazaar Credit Card,86.7546,260.2638,21.6886,43.3773,173.5092,21.6886,43.3773,21.6886,30.3641,43.3773,21.6886,260.2638,21.6886,21.6886,21.6886,260.2638,32.533,43.3773,21.6886,260.2638,86.7546,86.7546,260.2638,21.6886,21.6886,43.3773
fuel,1000.32,BPCL Octane Credit Card,BPCL Octane Credit Card,5.0016,5.0016,25.008,5.0016,5.0016,1.2504,2.5008,1.2504,1.7506,5.0016,1.2504,5.0016,20.0064,1.2504,1.2504,5.0016,1.2504,1.2504,1.2504,5.0016,5.0016,5.0016,5.0016,2.5008,1.2504,1.2504
groceries,3973.64,Tata Neu Infinity Credit Card,Tata Neu Infinity Credit Card,39.7364,39.7364,9.9341,19.8682,39.7364,9.9341,9.9341,4.967,6.9539,19.8682,4.967,39.7364,9.9341,4.967,4.967,39.7364,4.967,4.967,4.967,59.6046,39.7364,39.7364,79.4728,9.9341,4.967,4.967
shopping,7788.34,Millennia Credit Card,Millennia Credit Card,77.8834,233.6502,19.4708,38.9417,155.7668,19.4708,38.9417,19.4708,27.2592,38.9417,19.4708,233.6502,19.4708,19.4708,19.4708,233.6502,29.2063,38.9417,19.4708,233.6502,77.8834,77.8834,233.6502,19.4708,19.4708,38.9417
groceries,5666.44,Tata Neu Infinity Credit Card,Diners Club Black,56.6644,56.6644,14.1661,28.3322,56.6644,14.1661,14.1661,7.083,9.9163,28.3322,7.083,56.6644,14.1661,7.083,7.083,56.6644,7.083,7.083,7.083,84.9966,56.6644,56.6644,113.3288,14.1661,7.083,7.083
shopping,7938.68,Millennia Credit Card,Ace Credit Card,79.3868,238.1604,19.8467,39.6934,158.7736,19.8467,39.6934,19.8467,27.7854,39.6934,19.8467,238.1604,19.8467,19.8467,19.8467,238.1604,29.7701,39.6934,19.8467,238.1604,79.3868,79.3868,238.1604,19.8467,19.8467,39.6934
travel,4061.25,Diners Club Black,Diners Club Black,20.3062,20.3062,10.1531,20.3062,20.3062,10.1531,60.9188,20.3062,42.6431,20.3062,25.3828,20.3062,10.1531,15.2297,30.4594,20.3062,5.0766,5.0766,30.4594,20.3062,20.3062,20.3062,20.3062,50.7656,20.3062,15.2297
groceries,901.07,Tata Neu Infinity Credit Card,Tata Neu Infinity Credit Card,9.0107,9.0107,2.2527,4.5053,9.0107,2.2527,2.2527,1.1263,1.5769,4.5053,1.1263,9.0107,2.2527,1.1263,1.1263,9.0107,1.1263,1.1263,1.1263,13.516,9.0107,9.0107,18.0214,2.2527,1.1263,1.1263
fuel,16098.92,BPCL Octane Credit Card,BPCL Octane Credit Card,80.4946,80.4946,402.473,80.4946,80.4946,20.1237,40.2473,20.1237,28.1731,80.4946,20.1237,80.4946,321.9784,20.1237,20.1237,80.4946,20.1237,20.1237,20.1237,80.4946,80.4946,80.4946,80.4946,40.2473,20.1237,20.1237
travel,12164.58,Diners Club Black,Diners Club Black,60.8229,60.8229,30.4114,60.8229,60.8229,30.4114,182.4687,60.8229,127.7281,60.8229,76.0286,60.8229,30.4114,45.6172,91.2343,60.8229,15.2057,15.2057,91.2343,60.8229,60.8229,60.8229,60.8229,152.0573,60.8229,45.6172
fuel,18634.24,BPCL Octane Credit Card,BPCL Octane Credit Card,93.1712,93.1712,465.856,93.1712,93.1712,23.2928,46.5856,23.2928,32.6099,93.1712,23.2928,93.1712,372.6848,23.2928,23.2928,93.1712,23.2928,23.2928,23.2928,93.1712,93.1712,93.1712,93.1712,46.5856,23.2928,23.2928
dining,19813.25,Cashback Credit Card,Magnus Credit Card,198.1325,99.0662,49.5331,99.0662,396.265,49.5331,198.1325,49.5331,138.6927,99.0662,74.2997,99.0662,49.5331,49.5331,74.2997,198.1325,49.5331,49.5331,99.0662,198.1325,198.1325,198.1325,198.1325,99.0662,49.5331,49.5331
groceries,16582.96,Tata Neu Infinity Credit Card,Tata Neu Infinity Credit Card,165.8296,165.8296,41.4574,82.9148,165.8296,41.4574,41.4574,20.7287,29.0202,82.9148,20.7287,165.8296,41.4574,20.7287,20.7287,165.8296,20.7287,20.7287,20.7287,248.7444,165.8296,165.8296,331.6592,41.4574,20.7287,20.7287
groceries,6065.83,Tata Neu Infinity Credit Card,HPCL Super Saver Credit Card,60.6583,60.6583,15.1646,30.3291,60.6583,15.1646,15.1646,7.5823,10.6152,30.3291,7.5823,60.6583,15.1646,7.5823,7.5823,60.6583,7.5823,7.5823,7.5823,90.9874,60.6583,60.6583,121.3166,15.1646,7.5823,7.5823
shopping,19599.97,Millennia Credit Card,Millennia Credit Card,195.9997,587.9991,48.9999,97.9999,391.9994,48.9999,97.9999,48.9999,68.5999,97.9999,48.9999,587.9991,48.9999,48.9999,48.9999,587.9991,73.4999,97.9999,48.9999,587.9991,195.9997,195.9997,587.9991,48.9999,48.9999,97.9999
shopping,11978.5,Millennia Credit Card,Millennia Credit Card,119.785,359.355,29.9462,59.8925,239.57,29.9462,59.8925,29.9462,41.9247,59.8925,29.9462,359.355,29.9462,29.9462,29.9462,359.355,44.9194,59.8925,29.9462,359.355,119.785,119.785,359.355,29.9462,29.9462,59.8925
groceries,11594.92,Tata Neu Infinity Credit Card,Coral Credit Card,115.9492,115.9492,28.9873,57.9746,115.9492,28.9873,28.9873,14.4937,20.2911,57.9746,14.4937,115.9492,28.9873,14.4937,14.4937,115.9492,14.4937,14.4937,14.4937,173.9238,115.9492,115.9492,231.8984,28.9873,14.4937,14.4937
groceries,15514.66,Tata Neu Infinity Credit Card,Tata Neu Infinity Credit Card,155.1466,155.1466,38.7867,77.5733,155.1466,38.7867,38.7867,19.3933,27.1507,77.5733,19.3933,155.1466,38.7867,19.3933,19.3933,155.1466,19.3933,19.3933,19.3933,232.7199,155.1466,155.1466,310.2932,38.7867,19.3933,19.3933
travel,728.25,Diners Club Black,Millennia Credit Card,3.6412,3.6412,1.8206,3.6412,3.6412,1.8206,10.9238,3.6412,7.6466,3.6412,4.5516,3.6412,1.8206,2.7309,5.4619,3.6412,0.9103,0.9103,5.4619,3.6412,3.6412,3.6412,3.6412,9.1031,3.6412,2.7309
dining,6342.48,Cashback Credit Card,Cashback Credit Card,63.4248,31.7124,15.8562,31.7124,126.8496,15.8562,63.4248,15.8562,44.3974,31.7124,23.7843,31.7124,15.8562,15.8562,23.7843,63.4248,15.8562,15.8562,31.7124,63.4248,63.4248,63.4248,63.4248,31.7124,15.8562,15.8562
travel,8266.51,Diners Club Black,SimplySAVE Credit Card,41.3325,41.3325,20.6663,41.3325,41.3325,20.6663,123.9976,41.3325,86.7984,41.3325,51.6657,41.3325,20.6663,30.9994,61.9988,41.3325,10.3331,10.3331,61.9988,41.3325,41.3325,41.3325,41.3325,103.3314,41.3325,30.9994
shopping,14144.93,Millennia Credit Card,Millennia Credit Card,141.4493,424.3479,35.3623,70.7246,282.8986,35.3623,70.7246,35.3623,49.5073,70.7246,35.3623,424.3479,35.3623,35.3623,35.3623,424.3479,53.0435,70.7246,35.3623,424.3479,141.4493,141.4493,424.3479,35.3623,35.3623,70.7246
groceries,6568.49,Tata Neu Infinity Credit Card,Tata Neu Infinity Credit Card,65.6849,65.6849,16.4212,32.8424,65.6849,16.4212,16.4212,8.2106,11.4949,32.8424,8.2106,65.6849,16.4212,8.2106,8.2106,65.6849,8.2106,8.2106,8.2106,98.5274,65.6849,65.6849,131.3698,16.4212,8.2106,8.2106
groceries,7598.81,Tata Neu Infinity Credit Card,Cashback Credit Card,75.9881,75.9881,18.997,37.9941,75.9881,18.997,18.997,9.4985,13.2979,37.9941,9.4985,75.9881,18.997,9.4985,9.4985,75.9881,9.4985,9.4985,9.4985,113.9822,75.9881,75.9881,151.9762,18.997,9.4985,9.4985
fuel,10970.84,BPCL Octane Credit Card,BPCL Octane Credit Card,54.8542,54.8542,274.271,54.8542,54.8542,13.7135,27.4271,13.7135,19.199,54.8542,13.7135,54.8542,219.4168,13.7135,13.7135,54.8542,13.7135,13.7135,13.7135,54.8542,54.8542,54.8542,54.8542,27.4271,13.7135,13.7135
fuel,12240.52,BPCL Octane Credit Card,BPCL Octane Credit Card,61.2026,61.2026,306.013,61.2026,61.2026,15.3007,30.6013,15.3007,21.4209,61.2026,15.3007,61.2026,244.8104,15.3007,15.3007,61.2026,15.3007,15.3007,15.3007,61.2026,61.2026,61.2026,61.2026,30.6013,15.3007,15.3007
travel,5652.23,Diners Club Black,Diners Club Black,28.2611,28.2611,14.1306,28.2611,28.2611,14.1306,84.7834,28.2611,59.3484,28.2611,35.3264,28.2611,14.1306,21.1959,42.3917,28.2611,7.0653,7.0653,42.3917,28.2611,28.2611,28.2611,28.2611,70.6529,28.2611,21.1959
fuel,15446.37,BPCL Octane Credit Card,League Platinum Credit Card,77.2319,77.2319,386.1593,77.2319,77.2319,19.308,38.6159,19.308,27.0311,77.2319,19.308,77.2319,308.9274,19.308,19.308,77.2319,19.308,19.308,19.308,77.2319,77.2319,77.2319,77.2319,38.6159,19.308,19.308
dining,7041.18,Cashback Credit Card,SimplyCLICK Credit Card,70.4118,35.2059,17.6029,35.2059,140.8236,17.6029,70.4118,17.6029,49.2883,35.2059,26.4044,35.2059,17.6029,17.6029,26.4044,70.4118,17.6029,17.6029,35.2059,70.4118,70.4118,70.4118,70.4118,35.2059,17.6029,17.6029
shopping,11512.19,Millennia Credit Card,Millennia Credit Card,115.1219,345.3657,28.7805,57.561,230.2438,28.7805,57.561,28.7805,40.2927,57.561,28.7805,345.3657,28.7805,28.7805,28.7805,345.3657,43.1707,57.561,28.7805,345.3657,115.1219,115.1219,345.3657,28.7805,28.7805,57.561
dining,16385.71,Cashback Credit Card,Elite Credit Card,163.8571,81.9286,40.9643,81.9286,327.7142,40.9643,163.8571,40.9643,114.7,81.9286,61.4464,81.9286,40.9643,40.9643,61.4464,163.8571,40.9643,40.9643,81.9286,163.8571,163.8571,163.8571,163.8571,81.9286,40.9643,40.9643
fuel,19110.74,BPCL Octane Credit Card,BPCL Octane Credit Card,95.5537,95.5537,477.7685,95.5537,95.5537,23.8884,47.7769,23.8884,33.4438,95.5537,23.8884,95.5537,382.2148,23.8884,23.8884,95.5537,23.8884,23.8884,23.8884,95.5537,95.5537,95.5537,95.5537,47.7769,23.8884,23.8884
dining,13153.84,Cashback Credit Card,Cashback Credit Card,131.5384,65.7692,32.8846,65.7692,263.0768,32.8846,131.5384,32.8846,92.0769,65.7692,49.3269,65.7692,32.8846,32.8846,49.3269,131.5384,32.8846,32.8846,65.7692,131.5384,131.5384,131.5384,131.5384,65.7692,32.8846,32.8846
fuel,18667.18,BPCL Octane Credit Card,BPCL Octane Credit Card,93.3359,93.3359,466.6795,93.3359,93.3359,23.334,46.6679,23.334,32.6676,93.3359,23.334,93.3359,373.3436,23.334,23.334,93.3359,23.334,23.334,23.334,93.3359,93.3359,93.3359,93.3359,46.6679,23.334,23.334
travel,2273.61,Diners Club Black,Regalia Gold,11.3681,11.3681,5.684,11.3681,11.3681,5.684,34.1041,11.3681,23.8729,11.3681,14.2101,11.3681,5.684,8.526,17.0521,11.3681,2.842,2.842,17.0521,11.3681,11.3681,11.3681,11.3681,28.4201,11.3681,8.526
groceries,4590.87,Tata Neu Infinity Credit Card,Tata Neu Infinity Credit Card,45.9087,45.9087,11.4772,22.9543,45.9087,11.4772,11.4772,5.7386,8.034,22.9543,5.7386,45.9087,11.4772,5.7386,5.7386,45.9087,5.7386,5.7386,5.7386,68.8631,45.9087,45.9087,91.8174,11.4772,5.7386,5.7386
shopping,8324.7,Millennia Credit Card,White Credit Card,83.247,249.741,20.8118,41.6235,166.494,20.8118,41.6235,20.8118,29.1365,41.6235,20.8118,249.741,20.8118,20.8118,20.8118,249.741,31.2176,41.6235,20.8118,249.741,83.247,83.247,249.741,20.8118,20.8118,41.6235
travel,203.11,Diners Club Black,Diners Club Black,1.0156,1.0156,0.5078,1.0156,1.0156,0.5078,3.0467,1.0156,2.1327,1.0156,1.2694,1.0156,0.5078,0.7617,1.5233,1.0156,0.2539,0.2539,1.5233,1.0156,1.0156,1.0156,1.0156,2.5389,1.0156,0.7617
travel,8197.46,Diners Club Black,Ace Credit Card,40.9873,40.9873,20.4936,40.9873,40.9873,20.4936,122.9619,40.9873,86.0733,40.9873,51.2341,40.9873,20.4936,30.7405,61.4809,40.9873,10.2468,10.2468,61.4809,40.9873,40.9873,40.9873,40.9873,102.4682,40.9873,30.7405
travel,15142.63,Diners Club Black,Diners Club Black,75.7131,75.7131,37.8566,75.7131,75.7131,37.8566,227.1395,75.7131,158.9976,75.7131,94.6414,75.7131,37.8566,56.7849,113.5697,75.7131,18.9283,18.9283,113.5697,75.7131,75.7131,75.7131,75.7131,189.2829,75.7131,56.7849
fuel,12953.37,BPCL Octane Credit Card,YES First Business Credit Card,64.7669,64.7669,323.8343,64.7669,64.7669,16.1917,32.3834,16.1917,22.6684,64.7669,16.1917,64.7669,259.0674,16.1917,16.1917,64.7669,16.1917,16.1917,16.1917,64.7669,64.7669,64.7669,64.7669,32.3834,16.1917,16.1917
travel,10749.53,Diners Club Black,My Zone Credit Card,53.7477,53.7477,26.8738,53.7477,53.7477,26.8738,161.243,53.7477,112.8701,53.7477,67.1846,53.7477,26.8738,40.3107,80.6215,53.7477,13.4369,13.4369,80.6215,53.7477,53.7477,53.7477,53.7477,134.3691,53.7477,40.3107
travel,8415.91,Diners Club Black,Millennia Credit Card,42.0795,42.0795,21.0398,42.0795,42.0795,21.0398,126.2386,42.0795,88.3671,42.0795,52.5994,42.0795,21.0398,31.5597,63.1193,42.0795,10.5199,10.5199,63.1193,42.0795,42.0795,42.0795,42.0795,105.1989,42.0795,31.5597
dining,15780.42,Cashback Credit Card,Cashback Credit Card,157.8042,78.9021,39.4511,78.9021,315.6084,39.4511,157.8042,39.4511,110.4629,78.9021,59.1766,78.9021,39.4511,39.4511,59.1766,157.8042,39.4511,39.4511,78.9021,157.8042,157.8042,157.8042,157.8042,78.9021,39.4511,39.4511
fuel,17547.19,BPCL Octane Credit Card,BPCL Octane Credit Card,87.7359,87.7359,438.6798,87.7359,87.7359,21.934,43.868,21.934,30.7076,87.7359,21.934,87.7359,350.9438,21.934,21.934,87.7359,21.934,21.934,21.934,87.7359,87.7359,87.7359,87.7359,43.868,21.934,21.934
groceries,12095.38,Tata Neu Infinity Credit Card,First Classic Credit Card,120.9538,120.9538,30.2384,60.4769,120.9538,30.2384,30.2384,15.1192,21.1669,60.4769,15.1192,120.9538,30.2384,15.1192,15.1192,120.9538,15.1192,15.1192,15.1192,181.4307,120.9538,120.9538,241.9076,30.2384,15.1192,15.1192
groceries,10533.94,Tata Neu Infinity Credit Card,Super Value Titanium Credit Card,105.3394,105.3394,26.3349,52.6697,105.3394,26.3349,26.3349,13.1674,18.4344,52.6697,13.1674,105.3394,26.3349,13.1674,13.1674,105.3394,13.1674,13.1674,13.1674,158.0091,105.3394,105.3394,210.6788,26.3349,13.1674,13.1674
dining,5529.46,Cashback Credit Card,My Zone Credit Card,55.2946,27.6473,13.8237,27.6473,110.5892,13.8237,55.2946,13.8237,38.7062,27.6473,20.7355,27.6473,13.8237,13.8237,20.7355,55.2946,13.8237,13.8237,27.6473,55.2946,55.2946,55.2946,55.2946,27.6473,13.8237,13.8237
dining,13000.88,Cashback Credit Card,Magnus Credit Card,130.0088,65.0044,32.5022,65.0044,260.0176,32.5022,130.0088,32.5022,91.0062,65.0044,48.7533,65.0044,32.5022,32.5022,48.7533,130.0088,32.5022,32.5022,65.0044,130.0088,130.0088,130.0088,130.0088,65.0044,32.5022,32.5022
fuel,11398.85,BPCL Octane Credit Card,Tata Neu Infinity Credit Card,56.9943,56.9943,284.9712,56.9943,56.9943,14.2486,28.4971,14.2486,19.948,56.9943,14.2486,56.9943,227.977,14.2486,14.2486,56.9943,14.2486,14.2486,14.2486,56.9943,56.9943,56.9943,56.9943,28.4971,14.2486,14.2486
dining,16557.1,Cashback Credit Card,Cashback Credit Card,165.571,82.7855,41.3927,82.7855,331.142,41.3927,165.571,41.3927,115.8997,82.7855,62.0891,82.7855,41.3927,41.3927,62.0891,165.571,41.3927,41.3927,82.7855,165.571,165.571,165.571,165.571,82.7855,41.3927,41.3927
shopping,8076.58,Millennia Credit Card,Millennia Credit Card,80.7658,242.2974,20.1914,40.3829,161.5316,20.1914,40.3829,20.1914,28.268,40.3829,20.1914,242.2974,20.1914,20.1914,20.1914,242.2974,30.2872,40.3829,20.1914,242.2974,80.7658,80.7658,242.2974,20.1914,20.1914,40.3829
travel,9601.34,Diners Club Black,League Platinum Credit Card,48.0067,48.0067,24.0034,48.0067,48.0067,24.0034,144.0201,48.0067,100.8141,48.0067,60.0084,48.0067,24.0034,36.005,72.0101,48.0067,12.0017,12.0017,72.0101,48.0067,48.0067,48.0067,48.0067,120.0167,48.0067,36.005
travel,8990.04,Diners Club Black,Diners Club Black,44.9502,44.9502,22.4751,44.9502,44.9502,22.4751,134.8506,44.9502,94.3954,44.9502,56.1878,44.9502,22.4751,33.7127,67.4253,44.9502,11.2376,11.2376,67.4253,44.9502,44.9502,44.9502,44.9502,112.3755,44.9502,33.7127
fuel,6108.72,BPCL Octane Credit Card,Tata Neu Infinity Credit Card,30.5436,30.5436,152.718,30.5436,30.5436,7.6359,15.2718,7.6359,10.6903,30.5436,7.6359,30.5436,122.1744,7.6359,7.6359,30.5436,7.6359,7.6359,7.6359,30.5436,30.5436,30.5436,30.5436,15.2718,7.6359,7.6359
fuel,13886.09,BPCL Octane Credit Card,BPCL Octane Credit Card,69.4305,69.4305,347.1522,69.4305,69.4305,17.3576,34.7152,17.3576,24.3007,69.4305,17.3576,69.4305,277.7218,17.3576,17.3576,69.4305,17.3576,17.3576,17.3576,69.4305,69.4305,69.4305,69.4305,34.7152,17.3576,17.3576
shopping,9361.36,Millennia Credit Card,Millennia Credit Card,93.6136,280.8408,23.4034,46.8068,187.2272,23.4034,46.8068,23.4034,32.7648,46.8068,23.4034,280.8408,23.4034,23.4034,23.4034,280.8408,35.1051,46.8068,23.4034,280.8408,93.6136,93.6136,280.8408,23.4034,23.4034,46.8068
groceries,18469.81,Tata Neu Infinity Credit Card,Cashback Credit Card,184.6981,184.6981,46.1745,92.3491,184.6981,46.1745,46.1745,23.0873,32.3222,92.3491,23.0873,184.6981,46.1745,23.0873,23.0873,184.6981,23.0873,23.0873,23.0873,277.0472,184.6981,184.6981,369.3962,46.1745,23.0873,23.0873
fuel,7414.12,BPCL Octane Credit Card,BPCL Octane Credit Card,37.0706,37.0706,185.353,37.0706,37.0706,9.2676,18.5353,9.2676,12.9747,37.0706,9.2676,37.0706,148.2824,9.2676,9.2676,37.0706,9.2676,9.2676,9.2676,37.0706,37.0706,37.0706,37.0706,18.5353,9.2676,9.2676
travel,9615.82,Diners Club Black,Diners Club Black,48.0791,48.0791,24.0395,48.0791,48.0791,24.0395,144.2373,48.0791,100.9661,48.0791,60.0989,48.0791,24.0395,36.0593,72.1187,48.0791,12.0198,12.0198,72.1187,48.0791,48.0791,48.0791,48.0791,120.1977,48.0791,36.0593
groceries,7535.13,Tata Neu Infinity Credit Card,BankBazaar Credit Card,75.3513,75.3513,18.8378,37.6756,75.3513,18.8378,18.8378,9.4189,13.1865,37.6756,9.4189,75.3513,18.8378,9.4189,9.4189,75.3513,9.4189,9.4189,9.4189,113.0269,75.3513,75.3513,150.7026,18.8378,9.4189,9.4189
travel,15261.01,Diners Club Black,Diners Club Black,76.305,76.305,38.1525,76.305,76.305,38.1525,228.9151,76.305,160.2406,76.305,95.3813,76.305,38.1525,57.2288,114.4576,76.305,19.0763,19.0763,114.4576,76.305,76.305,76.305,76.305,190.7626,76.305,57.2288
groceries,17475.39,Tata Neu Infinity Credit Card,Tata Neu Infinity Credit Card,174.7539,174.7539,43.6885,87.3769,174.7539,43.6885,43.6885,21.8442,30.5819,87.3769,21.8442,174.7539,43.6885,21.8442,21.8442,174.7539,21.8442,21.8442,21.8442,262.1309,174.7539,174.7539,349.5078,43.6885,21.8442,21.8442
dining,10610.65,Cashback Credit Card,Cashback Credit Card,106.1065,53.0532,26.5266,53.0532,212.213,26.5266,106.1065,26.5266,74.2745,53.0532,39.7899,53.0532,26.5266,26.5266,39.7899,106.1065,26.5266,26.5266,53.0532,106.1065,106.1065,106.1065,106.1065,53.0532,26.5266,26.5266
groceries,2332.95,Tata Neu Infinity Credit Card,Coral Credit Card,23.3295,23.3295,5.8324,11.6647,23.3295,5.8324,5.8324,2.9162,4.0827,11.6647,2.9162,23.3295,5.8324,2.9162,2.9162,23.3295,2.9162,2.9162,2.9162,34.9942,23.3295,23.3295,46.659,5.8324,2.9162,2.9162
groceries,3082.06,Tata Neu Infinity Credit Card,Tata Neu Infinity Credit Card,30.8206,30.8206,7.7051,15.4103,30.8206,7.7051,7.7051,3.8526,5.3936,15.4103,3.8526,30.8206,7.7051,3.8526,3.8526,30.8206,3.8526,3.8526,3.8526,46.2309,30.8206,30.8206,61.6412,7.7051,3.8526,3.8526
groceries,8892.63,Tata Neu Infinity Credit Card,Tata Neu Infinity Credit Card,88.9263,88.9263,22.2316,44.4631,88.9263,22.2316,22.2316,11.1158,15.5621,44.4631,11.1158,88.9263,22.2316,11.1158,11.1158,88.9263,11.1158,11.1158,11.1158,133.3895,88.9263,88.9263,177.8526,22.2316,11.1158,11.1158
groceries,9827.68,Tata Neu Infinity Credit Card,Regalia Gold,98.2768,98.2768,24.5692,49.1384,98.2768,24.5692,24.5692,12.2846,17.1984,49.1384,12.2846,98.2768,24.5692,12.2846,12.2846,98.2768,12.2846,12.2846,12.2846,147.4152,98.2768,98.2768,196.5536,24.5692,12.2846,12.2846
dining,2725.69,Cashback Credit Card,Cashback Credit Card,27.2569,13.6285,6.8142,13.6285,54.5138,6.8142,27.2569,6.8142,19.0798,13.6285,10.2213,13.6285,6.8142,6.8142,10.2213,27.2569,6.8142,6.8142,13.6285,27.2569,27.2569,27.2569,27.2569,13.6285,6.8142,6.8142
groceries,1248.96,Tata Neu Infinity Credit Card,Tata Neu Infinity Credit Card,12.4896,12.4896,3.1224,6.2448,12.4896,3.1224,3.1224,1.5612,2.1857,6.2448,1.5612,12.4896,3.1224,1.5612,1.5612,12.4896,1.5612,1.5612,1.5612,18.7344,12.4896,12.4896,24.9792,3.1224,1.5612,1.5612
fuel,14493.27,BPCL Octane Credit Card,BPCL Octane Credit Card,72.4664,72.4664,362.3318,72.4664,72.4664,18.1166,36.2332,18.1166,25.3632,72.4664,18.1166,72.4664,289.8654,18.1166,18.1166,72.4664,18.1166,18.1166,18.1166,72.4664,72.4664,72.4664,72.4664,36.2332,18.1166,18.1166
shopping,14941.51,Millennia Credit Card,Millennia Credit Card,149.4151,448.2453,37.3538,74.7075,298.8302,37.3538,74.7075,37.3538,52.2953,74.7075,37.3538,448.2453,37.3538,37.3538,37.3538,448.2453,56.0307,74.7075,37.3538,448.2453,149.4151,149.4151,448.2453,37.3538,37.3538,74.7075
shopping,8531.58,Millennia Credit Card,Regalia Gold,85.3158,255.9474,21.3289,42.6579,170.6316,21.3289,42.6579,21.3289,29.8605,42.6579,21.3289,255.9474,21.3289,21.3289,21.3289,255.9474,31.9934,42.6579,21.3289,255.9474,85.3158,85.3158,255.9474,21.3289,21.3289,42.6579
shopping,19724.13,Millennia Credit Card,Millennia Credit Card,197.2413,591.7239,49.3103,98.6207,394.4826,49.3103,98.6207,49.3103,69.0345,98.6207,49.3103,591.7239,49.3103,49.3103,49.3103,591.7239,73.9655,98.6207,49.3103,591.7239,197.2413,197.2413,591.7239,49.3103,49.3103,98.6207
fuel,8236.45,BPCL Octane Credit Card,Vistara Infinite Credit Card,41.1823,41.1823,205.9112,41.1823,41.1823,10.2956,20.5911,10.2956,14.4138,41.1823,10.2956,41.1823,164.729,10.2956,10.2956,41.1823,10.2956,10.2956,10.2956,41.1823,41.1823,41.1823,41.1823,20.5911,10.2956,10.2956
dining,7551.77,Cashback Credit Card,League Platinum Credit Card,75.5177,37.7589,18.8794,37.7589,151.0354,18.8794,75.5177,18.8794,52.8624,37.7589,28.3191,37.7589,18.8794,18.8794,28.3191,75.5177,18.8794,18.8794,37.7589,75.5177,75.5177,75.5177,75.5177,37.7589,18.8794,18.8794
dining,1696.97,Cashback Credit Card,Amazon Pay Credit Card,16.9697,8.4848,4.2424,8.4848,33.9394,4.2424,16.9697,4.2424,11.8788,8.4848,6.3636,8.4848,4.2424,4.2424,6.3636,16.9697,4.2424,4.2424,8.4848,16.9697,16.9697,16.9697,16.9697,8.4848,4.2424,4.2424
fuel,2460.8,BPCL Octane Credit Card,Coral Credit Card,12.304,12.304,61.52,12.304,12.304,3.076,6.152,3.076,4.3064,12.304,3.076,12.304,49.216,3.076,3.076,12.304,3.076,3.076,3.076,12.304,12.304,12.304,12.304,6.152,3.076,3.076
travel,16712.95,Diners Club Black,Ace Credit Card,83.5648,83.5648,41.7824,83.5648,83.5648,41.7824,250.6943,83.5648,175.486,83.5648,104.4559,83.5648,41.7824,62.6736,125.3471,83.5648,20.8912,20.8912,125.3471,83.5648,83.5648,83.5648,83.5648,208.9119,83.5648,62.6736
groceries,8540.15,Tata Neu Infinity Credit Card,Tata Neu Infinity Credit Card,85.4015,85.4015,21.3504,42.7007,85.4015,21.3504,21.3504,10.6752,14.9453,42.7007,10.6752,85.4015,21.3504,10.6752,10.6752,85.4015,10.6752,10.6752,10.6752,128.1022,85.4015,85.4015,170.803,21.3504,10.6752,10.6752
travel,5025.49,Diners Club Black,Diners Club Black,25.1274,25.1274,12.5637,25.1274,25.1274,12.5637,75.3824,25.1274,52.7676,25.1274,31.4093,25.1274,12.5637,18.8456,37.6912,25.1274,6.2819,6.2819,37.6912,25.1274,25.1274,25.1274,25.1274,62.8186,25.1274,18.8456
fuel,3850.76,BPCL Octane Credit Card,Millennia Credit Card,19.2538,19.2538,96.269,19.2538,19.2538,4.8135,9.6269,4.8135,6.7388,19.2538,4.8135,19.2538,77.0152,4.8135,4.8135,19.2538,4.8135,4.8135,4.8135,19.2538,19.2538,19.2538,19.2538,9.6269,4.8135,4.8135
dining,12336.97,Cashback Credit Card,Emerald Private Metal,123.3697,61.6848,30.8424,61.6848,246.7394,30.8424,123.3697,30.8424,86.3588,61.6848,46.2636,61.6848,30.8424,30.8424,46.2636,123.3697,30.8424,30.8424,61.6848,123.3697,123.3697,123.3697,123.3697,61.6848,30.8424,30.8424
shopping,2107.84,Millennia Credit Card,Millennia Credit Card,21.0784,63.2352,5.2696,10.5392,42.1568,5.2696,10.5392,5.2696,7.3774,10.5392,5.2696,63.2352,5.2696,5.2696,5.2696,63.2352,7.9044,10.5392,5.2696,63.2352,21.0784,21.0784,63.2352,5.2696,5.2696,10.5392
groceries,13473.27,Tata Neu Infinity Credit Card,Regalia Gold,134.7327,134.7327,33.6832,67.3663,134.7327,33.6832,33.6832,16.8416,23.5782,67.3663,16.8416,134.7327,33.6832,16.8416,16.8416,134.7327,16.8416,16.8416,16.8416,202.099,134.7327,134.7327,269.4654,33.6832,16.8416,16.8416
dining,8835.36,Cashback Credit Card,Cashback Credit Card,88.3536,44.1768,22.0884,44.1768,176.7072,22.0884,88.3536,22.0884,61.8475,44.1768,33.1326,44.1768,22.0884,22.0884,33.1326,88.3536,22.0884,22.0884,44.1768,88.3536,88.3536,88.3536,88.3536,44.1768,22.0884,22.0884
shopping,2888.7,Millennia Credit Card,My Zone Credit Card,28.887,86.661,7.2217,14.4435,57.774,7.2217,14.4435,7.2217,10.1104,14.4435,7.2217,86.661,7.2217,7.2217,7.2217,86.661,10.8326,14.4435,7.2217,86.661,28.887,28.887,86.661,7.2217,7.2217,14.4435
groceries,6446.18,Tata Neu Infinity Credit Card,Tata Neu Infinity Credit Card,64.4618,64.4618,16.1154,32.2309,64.4618,16.1154,16.1154,8.0577,11.2808,32.2309,8.0577,64.4618,16.1154,8.0577,8.0577,64.4618,8.0577,8.0577,8.0577,96.6927,64.4618,64.4618,128.9236,16.1154,8.0577,8.0577
fuel,4814.39,BPCL Octane Credit Card,PVR Platinum Credit Card,24.072,24.072,120.3598,24.072,24.072,6.018,12.036,6.018,8.4252,24.072,6.018,24.072,96.2878,6.018,6.018,24.072,6.018,6.018,6.018,24.072,24.072,24.072,24.072,12.036,6.018,6.018
dining,6079.97,Cashback Credit Card,Cashback Credit Card,60.7997,30.3999,15.1999,30.3999,121.5994,15.1999,60.7997,15.1999,42.5598,30.3999,22.7999,30.3999,15.1999,15.1999,22.7999,60.7997,15.1999,15.1999,30.3999,60.7997,60.7997,60.7997,60.7997,30.3999,15.1999,15.1999
groceries,17606.31,Tata Neu Infinity Credit Card,Magnus Credit Card,176.0631,176.0631,44.0158,88.0316,176.0631,44.0158,44.0158,22.0079,30.811,88.0316,22.0079,176.0631,44.0158,22.0079,22.0079,176.0631,22.0079,22.0079,22.0079,264.0947,176.0631,176.0631,352.1262,44.0158,22.0079,22.0079
dining,1032.99,Cashback Credit Card,Cashback Credit Card,10.3299,5.165,2.5825,5.165,20.6598,2.5825,10.3299,2.5825,7.2309,5.165,3.8737,5.165,2.5825,2.5825,3.8737,10.3299,2.5825,2.5825,5.165,10.3299,10.3299,10.3299,10.3299,5.165,2.5825,2.5825
dining,15737.51,Cashback Credit Card,Cashback Credit Card,157.3751,78.6876,39.3438,78.6876,314.7502,39.3438,157.3751,39.3438,110.1626,78.6876,59.0157,78.6876,39.3438,39.3438,59.0157,157.3751,39.3438,39.3438,78.6876,157.3751,157.3751,157.3751,157.3751,78.6876,39.3438,39.3438
dining,8224.36,Cashback Credit Card,Cashback Credit Card,82.2436,41.1218,20.5609,41.1218,164.4872,20.5609,82.2436,20.5609,57.5705,41.1218,30.8414,41.1218,20.5609,20.5609,30.8414,82.2436,20.5609,20.5609,41.1218,82.2436,82.2436,82.2436,82.2436,41.1218,20.5609,20.5609
travel,15112.88,Diners Club Black,Diners Club Black,75.5644,75.5644,37.7822,75.5644,75.5644,37.7822,226.6932,75.5644,158.6852,75.5644,94.4555,75.5644,37.7822,56.6733,113.3466,75.5644,18.8911,18.8911,113.3466,75.5644,75.5644,75.5644,75.5644,188.911,75.5644,56.6733
travel,6084.65,Diners Club Black,My Zone Credit Card,30.4232,30.4232,15.2116,30.4232,30.4232,15.2116,91.2697,30.4232,63.8888,30.4232,38.0291,30.4232,15.2116,22.8174,45.6349,30.4232,7.6058,7.6058,45.6349,30.4232,30.4232,30.4232,30.4232,76.0581,30.4232,22.8174
groceries,8312.28,Tata Neu Infinity Credit Card,Tata Neu Infinity Credit Card,83.1228,83.1228,20.7807,41.5614,83.1228,20.7807,20.7807,10.3904,14.5465,41.5614,10.3904,83.1228,20.7807,10.3904,10.3904,83.1228,10.3904,10.3904,10.3904,124.6842,83.1228,83.1228,166.2456,20.7807,10.3904,10.3904
groceries,2768.45,Tata Neu Infinity Credit Card,Tata Neu Infinity Credit Card,27.6845,27.6845,6.9211,13.8422,27.6845,6.9211,6.9211,3.4606,4.8448,13.8422,3.4606,27.6845,6.9211,3.4606,3.4606,27.6845,3.4606,3.4606,3.4606,41.5267,27.6845,27.6845,55.369,6.9211,3.4606,3.4606
travel,6672.23,Diners Club Black,Diners Club Black,33.3611,33.3611,16.6806,33.3611,33.3611,16.6806,100.0834,33.3611,70.0584,33.3611,41.7014,33.3611,16.6806,25.0209,50.0417,33.3611,8.3403,8.3403,50.0417,33.3611,33.3611,33.3611,33.3611,83.4029,33.3611,25.0209
dining,16957.95,Cashback Credit Card,Cashback Credit Card,169.5795,84.7897,42.3949,84.7897,339.159,42.3949,169.5795,42.3949,118.7056,84.7897,63.5923,84.7897,42.3949,42.3949,63.5923,169.5795,42.3949,42.3949,84.7897,169.5795,169.5795,169.5795,169.5795,84.7897,42.3949,42.3949
travel,1125.58,Diners Club Black,Diners Club Black,5.6279,5.6279,2.8139,5.6279,5.6279,2.8139,16.8837,5.6279,11.8186,5.6279,7.0349,5.6279,2.8139,4.2209,8.4418,5.6279,1.407,1.407,8.4418,5.6279,5.6279,5.6279,5.6279,14.0697,5.6279,4.2209
groceries,12098.15,Tata Neu Infinity Credit Card,White Credit Card,120.9815,120.9815,30.2454,60.4907,120.9815,30.2454,30.2454,15.1227,21.1718,60.4907,15.1227,120.9815,30.2454,15.1227,15.1227,120.9815,15.1227,15.1227,15.1227,181.4722,120.9815,120.9815,241.963,30.2454,15.1227,15.1227
groceries,14513.67,Tata Neu Infinity Credit Card,Tata Neu Infinity Credit Card,145.1367,145.1367,36.2842,72.5683,145.1367,36.2842,36.2842,18.1421,25.3989,72.5683,18.1421,145.1367,36.2842,18.1421,18.1421,145.1367,18.1421,18.1421,18.1421,217.705,145.1367,145.1367,290.2734,36.2842,18.1421,18.1421
dining,4256.89,Cashback Credit Card,Millennia Credit Card,42.5689,21.2845,10.6422,21.2845,85.1378,10.6422,42.5689,10.6422,29.7982,21.2845,15.9633,21.2845,10.6422,10.6422,15.9633,42.5689,10.6422,10.6422,21.2845,42.5689,42.5689,42.5689,42.5689,21.2845,10.6422,10.6422
travel,18749.48,Diners Club Black,White Credit Card,93.7474,93.7474,46.8737,93.7474,93.7474,46.8737,281.2422,93.7474,196.8695,93.7474,117.1842,93.7474,46.8737,70.3106,140.6211,93.7474,23.4368,23.4368,140.6211,93.7474,93.7474,93.7474,93.7474,234.3685,93.7474,70.3106
dining,18297.38,Cashback Credit Card,Cashback Credit Card,182.9738,91.4869,45.7435,91.4869,365.9476,45.7435,182.9738,45.7435,128.0817,91.4869,68.6152,91.4869,45.7435,45.7435,68.6152,182.9738,45.7435,45.7435,91.4869,182.9738,182.9738,182.9738,182.9738,91.4869,45.7435,45.7435
travel,7992.98,Diners Club Black,Diners Club Black,39.9649,39.9649,19.9825,39.9649,39.9649,19.9825,119.8947,39.9649,83.9263,39.9649,49.9561,39.9649,19.9825,29.9737,59.9474,39.9649,9.9912,9.9912,59.9474,39.9649,39.9649,39.9649,39.9649,99.9122,39.9649,29.9737
fuel,15532.73,BPCL Octane Credit Card,BPCL Octane Credit Card,77.6637,77.6637,388.3182,77.6637,77.6637,19.4159,38.8318,19.4159,27.1823,77.6637,19.4159,77.6637,310.6546,19.4159,19.4159,77.6637,19.4159,19.4159,19.4159,77.6637,77.6637,77.6637,77.6637,38.8318,19.4159,19.4159
groceries,13009.55,Tata Neu Infinity Credit Card,Tata Neu Infinity Credit Card,130.0955,130.0955,32.5239,65.0477,130.0955,32.5239,32.5239,16.2619,22.7667,65.0477,16.2619,130.0955,32.5239,16.2619,16.2619,130.0955,16.2619,16.2619,16.2619,195.1432,130.0955,130.0955,260.191,32.5239,16.2619,16.2619
fuel,10305.05,BPCL Octane Credit Card,BPCL Octane Credit Card,51.5252,51.5252,257.6263,51.5252,51.5252,12.8813,25.7626,12.8813,18.0338,51.5252,12.8813,51.5252,206.101,12.8813,12.8813,51.5252,12.8813,12.8813,12.8813,51.5252,51.5252,51.5252,51.5252,25.7626,12.8813,12.8813
shopping,16076.05,Millennia Credit Card,Elite Credit Card,160.7605,482.2815,40.1901,80.3802,321.521,40.1901,80.3802,40.1901,56.2662,80.3802,40.1901,482.2815,40.1901,40.1901,40.1901,482.2815,60.2852,80.3802,40.1901,482.2815,160.7605,160.7605,482.2815,40.1901,40.1901,80.3802
travel,7477.03,Diners Club Black,Diners Club Black,37.3851,37.3851,18.6926,37.3851,37.3851,18.6926,112.1555,37.3851,78.5088,37.3851,46.7314,37.3851,18.6926,28.0389,56.0777,37.3851,9.3463,9.3463,56.0777,37.3851,37.3851,37.3851,37.3851,93.4629,37.3851,28.0389
groceries,17295.29,Tata Neu Infinity Credit Card,Cashback Credit Card,172.9529,172.9529,43.2382,86.4764,172.9529,43.2382,43.2382,21.6191,30.2668,86.4764,21.6191,172.9529,43.2382,21.6191,21.6191,172.9529,21.6191,21.6191,21.6191,259.4293,172.9529,172.9529,345.9058,43.2382,21.6191,21.6191
groceries,11624.94,Tata Neu Infinity Credit Card,Tata Neu Infinity Credit Card,116.2494,116.2494,29.0624,58.1247,116.2494,29.0624,29.0624,14.5312,20.3436,58.1247,14.5312,116.2494,29.0624,14.5312,14.5312,116.2494,14.5312,14.5312,14.5312,174.3741,116.2494,116.2494,232.4988,29.0624,14.5312,14.5312
travel,4004.22,Diners Club Black,Diners Club Black,20.0211,20.0211,10.0106,20.0211,20.0211,10.0106,60.0633,20.0211,42.0443,20.0211,25.0264,20.0211,10.0106,15.0158,30.0316,20.0211,5.0053,5.0053,30.0316,20.0211,20.0211,20.0211,20.0211,50.0527,20.0211,15.0158
groceries,16683.92,Tata Neu Infinity Credit Card,Tata Neu Infinity Credit Card,166.8392,166.8392,41.7098,83.4196,166.8392,41.7098,41.7098,20.8549,29.1969,83.4196,20.8549,166.8392,41.7098,20.8549,20.8549,166.8392,20.8549,20.8549,20.8549,250.2588,166.8392,166.8392,333.6784,41.7098,20.8549,20.8549
fuel,5220.8,BPCL Octane Credit Card,Super Value Titanium Credit Card,26.104,26.104,130.52,26.104,26.104,6.526,13.052,6.526,9.1364,26.104,6.526,26.104,104.416,6.526,6.526,26.104,6.526,6.526,6.526,26.104,26.104,26.104,26.104,13.052,6.526,6.526
dining,9270.5,Cashback Credit Card,Coral Credit Card,92.705,46.3525,23.1762,46.3525,185.41,23.1762,92.705,23.1762,64.8935,46.3525,34.7644,46.3525,23.1762,23.1762,34.7644,92.705,23.1762,23.1762,46.3525,92.705,92.705,92.705,92.705,46.3525,23.1762,23.1762
groceries,9817.49,Tata Neu Infinity Credit Card,Super Value Titanium Credit Card,98.1749,98.1749,24.5437,49.0874,98.1749,24.5437,24.5437,12.2719,17.1806,49.0874,12.2719,98.1749,24.5437,12.2719,12.2719,98.1749,12.2719,12.2719,12.2719,147.2623,98.1749,98.1749,196.3498,24.5437,12.2719,12.2719
shopping,10526.49,Millennia Credit Card,HPCL Super Saver Credit Card,105.2649,315.7947,26.3162,52.6324,210.5298,26.3162,52.6324,26.3162,36.8427,52.6324,26.3162,315.7947,26.3162,26.3162,26.3162,315.7947,39.4743,52.6324,26.3162,315.7947,105.2649,105.2649,315.7947,26.3162,26.3162,52.6324
shopping,15310.34,Millennia Credit Card,Millennia Credit Card,153.1034,459.3102,38.2758,76.5517,306.2068,38.2758,76.5517,38.2758,53.5862,76.5517,38.2758,459.3102,38.2758,38.2758,38.2758,459.3102,57.4138,76.5517,38.2758,459.3102,153.1034,153.1034,459.3102,38.2758,38.2758,76.5517
travel,1452.56,Diners Club Black,Diners Club Black,7.2628,7.2628,3.6314,7.2628,7.2628,3.6314,21.7884,7.2628,15.2519,7.2628,9.0785,7.2628,3.6314,5.4471,10.8942,7.2628,1.8157,1.8157,10.8942,7.2628,7.2628,7.2628,7.2628,18.157,7.2628,5.4471
travel,10164.09,Diners Club Black,Diners Club Black,50.8205,50.8205,25.4102,50.8205,50.8205,25.4102,152.4614,50.8205,106.7229,50.8205,63.5256,50.8205,25.4102,38.1153,76.2307,50.8205,12.7051,12.7051,76.2307,50.8205,50.8205,50.8205,50.8205,127.0511,50.8205,38.1153
groceries,12790.8,Tata Neu Infinity Credit Card,Super Value Titanium Credit Card,127.908,127.908,31.977,63.954,127.908,31.977,31.977,15.9885,22.3839,63.954,15.9885,127.908,31.977,15.9885,15.9885,127.908,15.9885,15.9885,15.9885,191.862,127.908,127.908,255.816,31.977,15.9885,15.9885
shopping,231.59,Millennia Credit Card,Millennia Credit Card,2.3159,6.9477,0.579,1.158,4.6318,0.579,1.158,0.579,0.8106,1.158,0.579,6.9477,0.579,0.579,0.579,6.9477,0.8685,1.158,0.579,6.9477,2.3159,2.3159,6.9477,0.579,0.579,1.158
shopping,432.85,Millennia Credit Card,Elite Credit Card,4.3285,12.9855,1.0821,2.1643,8.657,1.0821,2.1643,1.0821,1.515,2.1643,1.0821,12.9855,1.0821,1.0821,1.0821,12.9855,1.6232,2.1643,1.0821,12.9855,4.3285,4.3285,12.9855,1.0821,1.0821,2.1643
groceries,16281.83,Tata Neu Infinity Credit Card,Tata Neu Infinity Credit Card,162.8183,162.8183,40.7046,81.4091,162.8183,40.7046,40.7046,20.3523,28.4932,81.4091,20.3523,162.8183,40.7046,20.3523,20.3523,162.8183,20.3523,20.3523,20.3523,244.2274,162.8183,162.8183,325.6366,40.7046,20.3523,20.3523
travel,2229.63,Diners Club Black,Diners Club Black,11.1482,11.1482,5.5741,11.1482,11.1482,5.5741,33.4445,11.1482,23.4111,11.1482,13.9352,11.1482,5.5741,8.3611,16.7222,11.1482,2.787,2.787,16.7222,11.1482,11.1482,11.1482,11.1482,27.8704,11.1482,8.3611
travel,4895.28,Diners Club Black,Diners Club Black,24.4764,24.4764,12.2382,24.4764,24.4764,12.2382,73.4292,24.4764,51.4004,24.4764,30.5955,24.4764,12.2382,18.3573,36.7146,24.4764,6.1191,6.1191,36.7146,24.4764,24.4764,24.4764,24.4764,61.191,24.4764,18.3573
fuel,16322.77,BPCL Octane Credit Card,BPCL Octane Credit Card,81.6138,81.6138,408.0693,81.6138,81.6138,20.4035,40.8069,20.4035,28.5648,81.6138,20.4035,81.6138,326.4554,20.4035,20.4035,81.6138,20.4035,20.4035,20.4035,81.6138,81.6138,81.6138,81.6138,40.8069,20.4035,20.4035
dining,1672.48,Cashback Credit Card,Elite Credit Card,16.7248,8.3624,4.1812,8.3624,33.4496,4.1812,16.7248,4.1812,11.7074,8.3624,6.2718,8.3624,4.1812,4.1812,6.2718,16.7248,4.1812,4.1812,8.3624,16.7248,16.7248,16.7248,16.7248,8.3624,4.1812,4.1812
travel,6069.5,Diners Club Black,Tata Neu Infinity Credit Card,30.3475,30.3475,15.1738,30.3475,30.3475,15.1738,91.0425,30.3475,63.7297,30.3475,37.9344,30.3475,15.1738,22.7606,45.5213,30.3475,7.5869,7.5869,45.5213,30.3475,30.3475,30.3475,30.3475,75.8688,30.3475,22.7606
shopping,1960.66,Millennia Credit Card,Millennia Credit Card,19.6066,58.8198,4.9017,9.8033,39.2132,4.9017,9.8033,4.9017,6.8623,9.8033,4.9017,58.8198,4.9017,4.9017,4.9017,58.8198,7.3525,9.8033,4.9017,58.8198,19.6066,19.6066,58.8198,4.9017,4.9017,9.8033
groceries,9572.5,Tata Neu Infinity Credit Card,Tata Neu Infinity Credit Card,95.725,95.725,23.9312,47.8625,95.725,23.9312,23.9312,11.9656,16.7519,47.8625,11.9656,95.725,23.9312,11.9656,11.9656,95.725,11.9656,11.9656,11.9656,143.5875,95.725,95.725,191.45,23.9312,11.9656,11.9656
travel,1745.45,Diners Club Black,BPCL Octane Credit Card,8.7272,8.7272,4.3636,8.7272,8.7272,4.3636,26.1818,8.7272,18.3272,8.7272,10.9091,8.7272,4.3636,6.5454,13.0909,8.7272,2.1818,2.1818,13.0909,8.7272,8.7272,8.7272,8.7272,21.8181,8.7272,6.5454
shopping,17906.35,Millennia Credit Card,SimplySAVE Credit Card,179.0635,537.1905,44.7659,89.5317,358.127,44.7659,89.5317,44.7659,62.6722,89.5317,44.7659,537.1905,44.7659,44.7659,44.7659,537.1905,67.1488,89.5317,44.7659,537.1905,179.0635,179.0635,537.1905,44.7659,44.7659,89.5317
groceries,9562.46,Tata Neu Infinity Credit Card,Tata Neu Infinity Credit Card,95.6246,95.6246,23.9061,47.8123,95.6246,23.9061,23.9061,11.9531,16.7343,47.8123,11.9531,95.6246,23.9061,11.9531,11.9531,95.6246,11.9531,11.9531,11.9531,143.4369,95.6246,95.6246,191.2492,23.9061,11.9531,11.9531
shopping,13720.13,Millennia Credit Card,Millennia Credit Card,137.2013,411.6039,34.3003,68.6007,274.4026,34.3003,68.6007,34.3003,48.0205,68.6007,34.3003,411.6039,34.3003,34.3003,34.3003,411.6039,51.4505,68.6007,34.3003,411.6039,137.2013,137.2013,411.6039,34.3003,34.3003,68.6007
groceries,11313.85,Tata Neu Infinity Credit Card,Tata Neu Infinity Credit Card,113.1385,113.1385,28.2846,56.5693,113.1385,28.2846,28.2846,14.1423,19.7992,56.5693,14.1423,113.1385,28.2846,14.1423,14.1423,113.1385,14.1423,14.1423,14.1423,169.7078,113.1385,113.1385,226.277,28.2846,14.1423,14.1423
fuel,411.6,BPCL Octane Credit Card,BPCL Octane Credit Card,2.058,2.058,10.29,2.058,2.058,0.5145,1.029,0.5145,0.7203,2.058,0.5145,2.058,8.232,0.5145,0.5145,2.058,0.5145,0.5145,0.5145,2.058,2.058,2.058,2.058,1.029,0.5145,0.5145
travel,15069.86,Diners Club Black,Diners Club Black,75.3493,75.3493,37.6746,75.3493,75.3493,37.6746,226.0479,75.3493,158.2335,75.3493,94.1866,75.3493,37.6746,56.512,113.0239,75.3493,18.8373,18.8373,113.0239,75.3493,75.3493,75.3493,75.3493,188.3733,75.3493,56.512
fuel,3332.76,BPCL Octane Credit Card,BPCL Octane Credit Card,16.6638,16.6638,83.319,16.6638,16.6638,4.166,8.3319,4.166,5.8323,16.6638,4.166,16.6638,66.6552,4.166,4.166,16.6638,4.166,4.166,4.166,16.6638,16.6638,16.6638,16.6638,8.3319,4.166,4.166
dining,13573.0,Cashback Credit Card,Cashback Credit Card,135.73,67.865,33.9325,67.865,271.46,33.9325,135.73,33.9325,95.011,67.865,50.8987,67.865,33.9325,33.9325,50.8987,135.73,33.9325,33.9325,67.865,135.73,135.73,135.73,135.73,67.865,33.9325,33.9325
dining,15136.62,Cashback Credit Card,Cashback Credit Card,151.3662,75.6831,37.8416,75.6831,302.7324,37.8416,151.3662,37.8416,105.9563,75.6831,56.7623,75.6831,37.8416,37.8416,56.7623,151.3662,37.8416,37.8416,75.6831,151.3662,151.3662,151.3662,151.3662,75.6831,37.8416,37.8416
shopping,10065.78,Millennia Credit Card,PVR Platinum Credit Card,100.6578,301.9734,25.1645,50.3289,201.3156,25.1645,50.3289,25.1645,35.2302,50.3289,25.1645,301.9734,25.1645,25.1645,25.1645,301.9734,37.7467,50.3289,25.1645,301.9734,100.6578,100.6578,301.9734,25.1645,25.1645,50.3289
travel,16789.63,Diners Club Black,Diners Club Black,83.9481,83.9481,41.9741,83.9481,83.9481,41.9741,251.8444,83.9481,176.2911,83.9481,104.9352,83.9481,41.9741,62.9611,125.9222,83.9481,20.987,20.987,125.9222,83.9481,83.9481,83.9481,83.9481,209.8704,83.9481,62.9611
groceries,19101.68,Tata Neu Infinity Credit Card,Tata Neu Infinity Credit Card,191.0168,191.0168,47.7542,95.5084,191.0168,47.7542,47.7542,23.8771,33.4279,95.5084,23.8771,191.0168,47.7542,23.8771,23.8771,191.0168,23.8771,23.8771,23.8771,286.5252,191.0168,191.0168,382.0336,47.7542,23.8771,23.8771
fuel,689.55,BPCL Octane Credit Card,BPCL Octane Credit Card,3.4477,3.4477,17.2387,3.4477,3.4477,0.8619,1.7239,0.8619,1.2067,3.4477,0.8619,3.4477,13.791,0.8619,0.8619,3.4477,0.8619,0.8619,0.8619,3.4477,3.4477,3.4477,3.4477,1.7239,0.8619,0.8619
dining,9863.01,Cashback Credit Card,Cashback Credit Card,98.6301,49.315,24.6575,49.315,197.2602,24.6575,98.6301,24.6575,69.0411,49.315,36.9863,49.315,24.6575,24.6575,36.9863,98.6301,24.6575,24.6575,49.315,98.6301,98.6301,98.6301,98.6301,49.315,24.6575,24.6575
dining,8693.77,Cashback Credit Card,Cashback Credit Card,86.9377,43.4689,21.7344,43.4689,173.8754,21.7344,86.9377,21.7344,60.8564,43.4689,32.6016,43.4689,21.7344,21.7344,32.6016,86.9377,21.7344,21.7344,43.4689,86.9377,86.9377,86.9377,86.9377,43.4689,21.7344,21.7344
dining,1805.31,Cashback Credit Card,Cashback Credit Card,18.0531,9.0266,4.5133,9.0266,36.1062,4.5133,18.0531,4.5133,12.6372,9.0266,6.7699,9.0266,4.5133,4.5133,6.7699,18.0531,4.5133,4.5133,9.0266,18.0531,18.0531,18.0531,18.0531,9.0266,4.5133,4.5133
travel,14290.86,Diners Club Black,Diners Club Black,71.4543,71.4543,35.7272,71.4543,71.4543,35.7272,214.3629,71.4543,150.054,71.4543,89.3179,71.4543,35.7272,53.5907,107.1814,71.4543,17.8636,17.8636,107.1814,71.4543,71.4543,71.4543,71.4543,178.6358,71.4543,53.5907
travel,7662.0,Diners Club Black,League Platinum Credit Card,38.31,38.31,19.155,38.31,38.31,19.155,114.93,38.31,80.451,38.31,47.8875,38.31,19.155,28.7325,57.465,38.31,9.5775,9.5775,57.465,38.31,38.31,38.31,38.31,95.775,38.31,28.7325
fuel,7277.93,BPCL Octane Credit Card,BPCL Octane Credit Card,36.3897,36.3897,181.9483,36.3897,36.3897,9.0974,18.1948,9.0974,12.7364,36.3897,9.0974,36.3897,145.5586,9.0974,9.0974,36.3897,9.0974,9.0974,9.0974,36.3897,36.3897,36.3897,36.3897,18.1948,9.0974,9.0974
fuel,8950.24,BPCL Octane Credit Card,Diners Club Black,44.7512,44.7512,223.756,44.7512,44.7512,11.1878,22.3756,11.1878,15.6629,44.7512,11.1878,44.7512,179.0048,11.1878,11.1878,44.7512,11.1878,11.1878,11.1878,44.7512,44.7512,44.7512,44.7512,22.3756,11.1878,11.1878
travel,8676.49,Diners Club Black,Diners Club Black,43.3824,43.3824,21.6912,43.3824,43.3824,21.6912,130.1474,43.3824,91.1031,43.3824,54.2281,43.3824,21.6912,32.5368,65.0737,43.3824,10.8456,10.8456,65.0737,43.3824,43.3824,43.3824,43.3824,108.4561,43.3824,32.5368
groceries,8220.08,Tata Neu Infinity Credit Card,Tata Neu Infinity Credit Card,82.2008,82.2008,20.5502,41.1004,82.2008,20.5502,20.5502,10.2751,14.3851,41.1004,10.2751,82.2008,20.5502,10.2751,10.2751,82.2008,10.2751,10.2751,10.2751,123.3012,82.2008,82.2008,164.4016,20.5502,10.2751,10.2751
fuel,11128.97,BPCL Octane Credit Card,BPCL Octane Credit Card,55.6448,55.6448,278.2242,55.6448,55.6448,13.9112,27.8224,13.9112,19.4757,55.6448,13.9112,55.6448,222.5794,13.9112,13.9112,55.6448,13.9112,13.9112,13.9112,55.6448,55.6448,55.6448,55.6448,27.8224,13.9112,13.9112
fuel,17287.99,BPCL Octane Credit Card,BPCL Octane Credit Card,86.44,86.44,432.1998,86.44,86.44,21.61,43.22,21.61,30.254,86.44,21.61,86.44,345.7598,21.61,21.61,86.44,21.61,21.61,21.61,86.44,86.44,86.44,86.44,43.22,21.61,21.61
dining,7817.21,Cashback Credit Card,Cashback Credit Card,78.1721,39.0861,19.543,39.0861,156.3442,19.543,78.1721,19.543,54.7205,39.0861,29.3145,39.0861,19.543,19.543,29.3145,78.1721,19.543,19.543,39.0861,78.1721,78.1721,78.1721,78.1721,39.0861,19.543,19.543
groceries,18113.63,Tata Neu Infinity Credit Card,Coral Credit Card,181.1363,181.1363,45.2841,90.5682,181.1363,45.2841,45.2841,22.642,31.6989,90.5682,22.642,181.1363,45.2841,22.642,22.642,181.1363,22.642,22.642,22.642,271.7045,181.1363,181.1363,362.2726,45.2841,22.642,22.642
dining,3473.08,Cashback Credit Card,Cashback Credit Card,34.7308,17.3654,8.6827,17.3654,69.4616,8.6827,34.7308,8.6827,24.3116,17.3654,13.024,17.3654,8.6827,8.6827,13.024,34.7308,8.6827,8.6827,17.3654,34.7308,34.7308,34.7308,34.7308,17.3654,8.6827,8.6827
fuel,9913.17,BPCL Octane Credit Card,BPCL Octane Credit Card,49.5658,49.5658,247.8293,49.5658,49.5658,12.3915,24.7829,12.3915,17.348,49.5658,12.3915,49.5658,198.2634,12.3915,12.3915,49.5658,12.3915,12.3915,12.3915,49.5658,49.5658,49.5658,49.5658,24.7829,12.3915,12.3915
dining,5591.64,Cashback Credit Card,Cashback Credit Card,55.9164,27.9582,13.9791,27.9582,111.8328,13.9791,55.9164,13.9791,39.1415,27.9582,20.9687,27.9582,13.9791,13.9791,20.9687,55.9164,13.9791,13.9791,27.9582,55.9164,55.9164,55.9164,55.9164,27.9582,13.9791,13.9791
shopping,7286.39,Millennia Credit Card,League Platinum Credit Card,72.8639,218.5917,18.216,36.432,145.7278,18.216,36.432,18.216,25.5024,36.432,18.216,218.5917,18.216,18.216,18.216,218.5917,27.324,36.432,18.216,218.5917,72.8639,72.8639,218.5917,18.216,18.216,36.432
groceries,3991.41,Tata Neu Infinity Credit Card,Tata Neu Infinity Credit Card,39.9141,39.9141,9.9785,19.957,39.9141,9.9785,9.9785,4.9893,6.985,19.957,4.9893,39.9141,9.9785,4.9893,4.9893,39.9141,4.9893,4.9893,4.9893,59.8712,39.9141,39.9141,79.8282,9.9785,4.9893,4.9893
fuel,234.67,BPCL Octane Credit Card,BPCL Octane Credit Card,1.1733,1.1733,5.8667,1.1733,1.1733,0.2933,0.5867,0.2933,0.4107,1.1733,0.2933,1.1733,4.6934,0.2933,0.2933,1.1733,0.2933,0.2933,0.2933,1.1733,1.1733,1.1733,1.1733,0.5867,0.2933,0.2933
groceries,7659.81,Tata Neu Infinity Credit Card,PVR Platinum Credit Card,76.5981,76.5981,19.1495,38.2991,76.5981,19.1495,19.1495,9.5748,13.4047,38.2991,9.5748,76.5981,19.1495,9.5748,9.5748,76.5981,9.5748,9.5748,9.5748,114.8971,76.5981,76.5981,153.1962,19.1495,9.5748,9.5748
groceries,2808.88,Tata Neu Infinity Credit Card,Tata Neu Infinity Credit Card,28.0888,28.0888,7.0222,14.0444,28.0888,7.0222,7.0222,3.5111,4.9155,14.0444,3.5111,28.0888,7.0222,3.5111,3.5111,28.0888,3.5111,3.5111,3.5111,42.1332,28.0888,28.0888,56.1776,7.0222,3.5111,3.5111
travel,9632.29,Diners Club Black,Diners Club Black,48.1615,48.1615,24.0807,48.1615,48.1615,24.0807,144.4844,48.1615,101.139,48.1615,60.2018,48.1615,24.0807,36.1211,72.2422,48.1615,12.0404,12.0404,72.2422,48.1615,48.1615,48.1615,48.1615,120.4036,48.1615,36.1211
dining,19377.63,Cashback Credit Card,Cashback Credit Card,193.7763,96.8882,48.4441,96.8882,387.5526,48.4441,193.7763,48.4441,135.6434,96.8882,72.6661,96.8882,48.4441,48.4441,72.6661,193.7763,48.4441,48.4441,96.8882,193.7763,193.7763,193.7763,193.7763,96.8882,48.4441,48.4441
dining,19358.49,Cashback Credit Card,BPCL Octane Credit Card,193.5849,96.7925,48.3962,96.7925,387.1698,48.3962,193.5849,48.3962,135.5094,96.7925,72.5943,96.7925,48.3962,48.3962,72.5943,193.5849,48.3962,48.3962,96.7925,193.5849,193.5849,193.5849,193.5849,96.7925,48.3962,48.3962
dining,7363.81,Cashback Credit Card,Cashback Credit Card,73.6381,36.8191,18.4095,36.8191,147.2762,18.4095,73.6381,18.4095,51.5467,36.8191,27.6143,36.8191,18.4095,18.4095,27.6143,73.6381,18.4095,18.4095,36.8191,73.6381,73.6381,73.6381,73.6381,36.8191,18.4095,18.4095
travel,13666.08,Diners Club Black,Diners Club Black,68.3304,68.3304,34.1652,68.3304,68.3304,34.1652,204.9912,68.3304,143.4938,68.3304,85.413,68.3304,34.1652,51.2478,102.4956,68.3304,17.0826,17.0826,102.4956,68.3304,68.3304,68.3304,68.3304,170.826,68.3304,51.2478
dining,18865.2,Cashback Credit Card,Cashback Credit Card,188.652,94.326,47.163,94.326,377.304,47.163,188.652,47.163,132.0564,94.326,70.7445,94.326,47.163,47.163,70.7445,188.652,47.163,47.163,94.326,188.652,188.652,188.652,188.652,94.326,47.163,47.163
fuel,16642.51,BPCL Octane Credit Card,BPCL Octane Credit Card,83.2125,83.2125,416.0627,83.2125,83.2125,20.8031,41.6063,20.8031,29.1244,83.2125,20.8031,83.2125,332.8502,20.8031,20.8031,83.2125,20.8031,20.8031,20.8031,83.2125,83.2125,83.2125,83.2125,41.6063,20.8031,20.8031
dining,13492.26,Cashback Credit Card,Cashback Credit Card,134.9226,67.4613,33.7306,67.4613,269.8452,33.7306,134.9226,33.7306,94.4458,67.4613,50.596,67.4613,33.7306,33.7306,50.596,134.9226,33.7306,33.7306,67.4613,134.9226,134.9226,134.9226,134.9226,67.4613,33.7306,33.7306
fuel,4916.22,BPCL Octane Credit Card,BPCL Octane Credit Card,24.5811,24.5811,122.9055,24.5811,24.5811,6.1453,12.2906,6.1453,8.6034,24.5811,6.1453,24.5811,98.3244,6.1453,6.1453,24.5811,6.1453,6.1453,6.1453,24.5811,24.5811,24.5811,24.5811,12.2906,6.1453,6.1453
dining,15802.63,Cashback Credit Card,Cashback Credit Card,158.0263,79.0131,39.5066,79.0131,316.0526,39.5066,158.0263,39.5066,110.6184,79.0131,59.2599,79.0131,39.5066,39.5066,59.2599,158.0263,39.5066,39.5066,79.0131,158.0263,158.0263,158.0263,158.0263,79.0131,39.5066,39.5066
groceries,9636.77,Tata Neu Infinity Credit Card,Tata Neu Infinity Credit Card,96.3677,96.3677,24.0919,48.1838,96.3677,24.0919,24.0919,12.046,16.8643,48.1838,12.046,96.3677,24.0919,12.046,12.046,96.3677,12.046,12.046,12.046,144.5516,96.3677,96.3677,192.7354,24.0919,12.046,12.046
groceries,18477.57,Tata Neu Infinity Credit Card,Regalia Gold,184.7757,184.7757,46.1939,92.3879,184.7757,46.1939,46.1939,23.097,32.3357,92.3879,23.097,184.7757,46.1939,23.097,23.097,184.7757,23.097,23.097,23.097,277.1635,184.7757,184.7757,369.5514,46.1939,23.097,23.097
fuel,14062.52,BPCL Octane Credit Card,My Zone Credit Card,70.3126,70.3126,351.563,70.3126,70.3126,17.5782,35.1563,17.5782,24.6094,70.3126,17.5782,70.3126,281.2504,17.5782,17.5782,70.3126,17.5782,17.5782,17.5782,70.3126,70.3126,70.3126,70.3126,35.1563,17.5782,17.5782
shopping,15402.19,Millennia Credit Card,Millennia Credit Card,154.0219,462.0657,38.5055,77.011,308.0438,38.5055,77.011,38.5055,53.9077,77.011,38.5055,462.0657,38.5055,38.5055,38.5055,462.0657,57.7582,77.011,38.5055,462.0657,154.0219,154.0219,462.0657,38.5055,38.5055,77.011
fuel,3410.14,BPCL Octane Credit Card,BPCL Octane Credit Card,17.0507,17.0507,85.2535,17.0507,17.0507,4.2627,8.5253,4.2627,5.9677,17.0507,4.2627,17.0507,68.2028,4.2627,4.2627,17.0507,4.2627,4.2627,4.2627,17.0507,17.0507,17.0507,17.0507,8.5253,4.2627,4.2627
groceries,19673.8,Tata Neu Infinity Credit Card,Tata Neu Infinity Credit Card,196.738,196.738,49.1845,98.369,196.738,49.1845,49.1845,24.5922,34.4291,98.369,24.5922,196.738,49.1845,24.5922,24.5922,196.738,24.5922,24.5922,24.5922,295.107,196.738,196.738,393.476,49.1845,24.5922,24.5922
dining,19339.54,Cashback Credit Card,Cashback Credit Card,193.3954,96.6977,48.3488,96.6977,386.7908,48.3488,193.3954,48.3488,135.3768,96.6977,72.5233,96.6977,48.3488,48.3488,72.5233,193.3954,48.3488,48.3488,96.6977,193.3954,193.3954,193.3954,193.3954,96.6977,48.3488,48.3488
dining,2208.3,Cashback Credit Card,Cashback Credit Card,22.083,11.0415,5.5208,11.0415,44.166,5.5208,22.083,5.5208,15.4581,11.0415,8.2811,11.0415,5.5208,5.5208,8.2811,22.083,5.5208,5.5208,11.0415,22.083,22.083,22.083,22.083,11.0415,5.5208,5.5208
travel,10262.46,Diners Club Black,Diners Club Black,51.3123,51.3123,25.6561,51.3123,51.3123,25.6561,153.9369,51.3123,107.7558,51.3123,64.1404,51.3123,25.6561,38.4842,76.9684,51.3123,12.8281,12.8281,76.9684,51.3123,51.3123,51.3123,51.3123,128.2807,51.3123,38.4842
groceries,13784.52,Tata Neu Infinity Credit Card,Tata Neu Infinity Credit Card,137.8452,137.8452,34.4613,68.9226,137.8452,34.4613,34.4613,17.2307,24.1229,68.9226,17.2307,137.8452,34.4613,17.2307,17.2307,137.8452,17.2307,17.2307,17.2307,206.7678,137.8452,137.8452,275.6904,34.4613,17.2307,17.2307
fuel,7883.57,BPCL Octane Credit Card,League Platinum Credit Card,39.4179,39.4179,197.0892,39.4179,39.4179,9.8545,19.7089,9.8545,13.7962,39.4179,9.8545,39.4179,157.6714,9.8545,9.8545,39.4179,9.8545,9.8545,9.8545,39.4179,39.4179,39.4179,39.4179,19.7089,9.8545,9.8545
fuel,19954.28,BPCL Octane Credit Card,BPCL Octane Credit Card,99.7714,99.7714,498.857,99.7714,99.7714,24.9428,49.8857,24.9428,34.92,99.7714,24.9428,99.7714,399.0856,24.9428,24.9428,99.7714,24.9428,24.9428,24.9428,99.7714,99.7714,99.7714,99.7714,49.8857,24.9428,24.9428
fuel,8377.91,BPCL Octane Credit Card,My Zone Credit Card,41.8895,41.8895,209.4478,41.8895,41.8895,10.4724,20.9448,10.4724,14.6613,41.8895,10.4724,41.8895,167.5582,10.4724,10.4724,41.8895,10.4724,10.4724,10.4724,41.8895,41.8895,41.8895,41.8895,20.9448,10.4724,10.4724
travel,7031.74,Diners Club Black,Diners Club Black,35.1587,35.1587,17.5793,35.1587,35.1587,17.5793,105.4761,35.1587,73.8333,35.1587,43.9484,35.1587,17.5793,26.369,52.7381,35.1587,8.7897,8.7897,52.7381,35.1587,35.1587,35.1587,35.1587,87.8967,35.1587,26.369
travel,10470.19,Diners Club Black,Diners Club Black,52.351,52.351,26.1755,52.351,52.351,26.1755,157.0529,52.351,109.937,52.351,65.4387,52.351,26.1755,39.2632,78.5264,52.351,13.0877,13.0877,78.5264,52.351,52.351,52.351,52.351,130.8774,52.351,39.2632
shopping,8819.5,Millennia Credit Card,Millennia Credit Card,88.195,264.585,22.0487,44.0975,176.39,22.0487,44.0975,22.0487,30.8682,44.0975,22.0487,264.585,22.0487,22.0487,22.0487,264.585,33.0731,44.0975,22.0487,264.585,88.195,88.195,264.585,22.0487,22.0487,44.0975
fuel,1436.77,BPCL Octane Credit Card,BPCL Octane Credit Card,7.1838,7.1838,35.9193,7.1838,7.1838,1.796,3.5919,1.796,2.5143,7.1838,1.796,7.1838,28.7354,1.796,1.796,7.1838,1.796,1.796,1.796,7.1838,7.1838,7.1838,7.1838,3.5919,1.796,1.796
shopping,549.44,Millennia Credit Card,Millennia Credit Card,5.4944,16.4832,1.3736,2.7472,10.9888,1.3736,2.7472,1.3736,1.923,2.7472,1.3736,16.4832,1.3736,1.3736,1.3736,16.4832,2.0604,2.7472,1.3736,16.4832,5.4944,5.4944,16.4832,1.3736,1.3736,2.7472
shopping,13575.07,Millennia Credit Card,Millennia Credit Card,135.7507,407.2521,33.9377,67.8753,271.5014,33.9377,67.8753,33.9377,47.5127,67.8753,33.9377,407.2521,33.9377,33.9377,33.9377,407.2521,50.9065,67.8753,33.9377,407.2521,135.7507,135.7507,407.2521,33.9377,33.9377,67.8753
travel,10368.28,Diners Club Black,Diners Club Black,51.8414,51.8414,25.9207,51.8414,51.8414,25.9207,155.5242,51.8414,108.8669,51.8414,64.8017,51.8414,25.9207,38.8811,77.7621,51.8414,12.9604,12.9604,77.7621,51.8414,51.8414,51.8414,51.8414,129.6035,51.8414,38.8811
fuel,11240.99,BPCL Octane Credit Card,League Platinum Credit Card,56.2049,56.2049,281.0247,56.2049,56.2049,14.0512,28.1025,14.0512,19.6717,56.2049,14.0512,56.2049,224.8198,14.0512,14.0512,56.2049,14.0512,14.0512,14.0512,56.2049,56.2049,56.2049,56.2049,28.1025,14.0512,14.0512
travel,3809.1,Diners Club Black,Diners Club Black,19.0455,19.0455,9.5228,19.0455,19.0455,9.5228,57.1365,19.0455,39.9955,19.0455,23.8069,19.0455,9.5228,14.2841,28.5682,19.0455,4.7614,4.7614,28.5682,19.0455,19.0455,19.0455,19.0455,47.6138,19.0455,14.2841
dining,680.93,Cashback Credit Card,Cashback Credit Card,6.8093,3.4046,1.7023,3.4046,13.6186,1.7023,6.8093,1.7023,4.7665,3.4046,2.5535,3.4046,1.7023,1.7023,2.5535,6.8093,1.7023,1.7023,3.4046,6.8093,6.8093,6.8093,6.8093,3.4046,1.7023,1.7023
travel,9046.54,Diners Club Black,Diners Club Black,45.2327,45.2327,22.6164,45.2327,45.2327,22.6164,135.6981,45.2327,94.9887,45.2327,56.5409,45.2327,22.6164,33.9245,67.8491,45.2327,11.3082,11.3082,67.8491,45.2327,45.2327,45.2327,45.2327,113.0818,45.2327,33.9245
shopping,14124.24,Millennia Credit Card,Millennia Credit Card,141.2424,423.7272,35.3106,70.6212,282.4848,35.3106,70.6212,35.3106,49.4348,70.6212,35.3106,423.7272,35.3106,35.3106,35.3106,423.7272,52.9659,70.6212,35.3106,423.7272,141.2424,141.2424,423.7272,35.3106,35.3106,70.6212
shopping,11589.22,Millennia Credit Card,Flipkart Axis Bank Credit Card,115.8922,347.6766,28.973,57.9461,231.7844,28.973,57.9461,28.973,40.5623,57.9461,28.973,347.6766,28.973,28.973,28.973,347.6766,43.4596,57.9461,28.973,347.6766,115.8922,115.8922,347.6766,28.973,28.973,57.9461
travel,9205.25,Diners Club Black,Diners Club Black,46.0262,46.0262,23.0131,46.0262,46.0262,23.0131,138.0788,46.0262,96.6551,46.0262,57.5328,46.0262,23.0131,34.5197,69.0394,46.0262,11.5066,11.5066,69.0394,46.0262,46.0262,46.0262,46.0262,115.0656,46.0262,34.5197
dining,10601.53,Cashback Credit Card,Cashback Credit Card,106.0153,53.0077,26.5038,53.0077,212.0306,26.5038,106.0153,26.5038,74.2107,53.0077,39.7557,53.0077,26.5038,26.5038,39.7557,106.0153,26.5038,26.5038,53.0077,106.0153,106.0153,106.0153,106.0153,53.0077,26.5038,26.5038
groceries,7833.92,Tata Neu Infinity Credit Card,Tata Neu Infinity Credit Card,78.3392,78.3392,19.5848,39.1696,78.3392,19.5848,19.5848,9.7924,13.7094,39.1696,9.7924,78.3392,19.5848,9.7924,9.7924,78.3392,9.7924,9.7924,9.7924,117.5088,78.3392,78.3392,156.6784,19.5848,9.7924,9.7924
shopping,7023.7,Millennia Credit Card,HPCL Super Saver Credit Card,70.237,210.711,17.5592,35.1185,140.474,17.5592,35.1185,17.5592,24.5829,35.1185,17.5592,210.711,17.5592,17.5592,17.5592,210.711,26.3389,35.1185,17.5592,210.711,70.237,70.237,210.711,17.5592,17.5592,35.1185
fuel,18381.78,BPCL Octane Credit Card,BPCL Octane Credit Card,91.9089,91.9089,459.5445,91.9089,91.9089,22.9772,45.9544,22.9772,32.1681,91.9089,22.9772,91.9089,367.6356,22.9772,22.9772,91.9089,22.9772,22.9772,22.9772,91.9089,91.9089,91.9089,91.9089,45.9544,22.9772,22.9772
travel,6332.4,Diners Club Black,Diners Club Black,31.662,31.662,15.831,31.662,31.662,15.831,94.986,31.662,66.4902,31.662,39.5775,31.662,15.831,23.7465,47.493,31.662,7.9155,7.9155,47.493,31.662,31.662,31.662,31.662,79.155,31.662,23.7465
shopping,3742.59,Millennia Credit Card,Millennia Credit Card,37.4259,112.2777,9.3565,18.7129,74.8518,9.3565,18.7129,9.3565,13.0991,18.7129,9.3565,112.2777,9.3565,9.3565,9.3565,112.2777,14.0347,18.7129,9.3565,112.2777,37.4259,37.4259,112.2777,9.3565,9.3565,18.7129
groceries,7830.42,Tata Neu Infinity Credit Card,Tata Neu Infinity Credit Card,78.3042,78.3042,19.576,39.1521,78.3042,19.576,19.576,9.788,13.7032,39.1521,9.788,78.3042,19.576,9.788,9.788,78.3042,9.788,9.788,9.788,117.4563,78.3042,78.3042,156.6084,19.576,9.788,9.788
groceries,7735.83,Tata Neu Infinity Credit Card,Tata Neu Infinity Credit Card,77.3583,77.3583,19.3396,38.6791,77.3583,19.3396,19.3396,9.6698,13.5377,38.6791,9.6698,77.3583,19.3396,9.6698,9.6698,77.3583,9.6698,9.6698,9.6698,116.0374,77.3583,77.3583,154.7166,19.3396,9.6698,9.6698
groceries,13899.32,Tata Neu Infinity Credit Card,Tata Neu Infinity Credit Card,138.9932,138.9932,34.7483,69.4966,138.9932,34.7483,34.7483,17.3742,24.3238,69.4966,17.3742,138.9932,34.7483,17.3742,17.3742,138.9932,17.3742,17.3742,17.3742,208.4898,138.9932,138.9932,277.9864,34.7483,17.3742,17.3742
travel,11142.76,Diners Club Black,Diners Club Black,55.7138,55.7138,27.8569,55.7138,55.7138,27.8569,167.1414,55.7138,116.999,55.7138,69.6423,55.7138,27.8569,41.7854,83.5707,55.7138,13.9284,13.9284,83.5707,55.7138,55.7138,55.7138,55.7138,139.2845,55.7138,41.7854
travel,3823.26,Diners Club Black,SimplySAVE Credit Card,19.1163,19.1163,9.5582,19.1163,19.1163,9.5582,57.3489,19.1163,40.1442,19.1163,23.8954,19.1163,9.5582,14.3372,28.6745,19.1163,4.7791,4.7791,28.6745,19.1163,19.1163,19.1163,19.1163,47.7908,19.1163,14.3372
shopping,9743.72,Millennia Credit Card,Millennia Credit Card,97.4372,292.3116,24.3593,48.7186,194.8744,24.3593,48.7186,24.3593,34.103,48.7186,24.3593,292.3116,24.3593,24.3593,24.3593,292.3116,36.5389,48.7186,24.3593,292.3116,97.4372,97.4372,292.3116,24.3593,24.3593,48.7186
dining,19280.2,Cashback Credit Card,Cashback Credit Card,192.802,96.401,48.2005,96.401,385.604,48.2005,192.802,48.2005,134.9614,96.401,72.3008,96.401,48.2005,48.2005,72.3008,192.802,48.2005,48.2005,96.401,192.802,192.802,192.802,192.802,96.401,48.2005,48.2005
dining,8241.77,Cashback Credit Card,Cashback Credit Card,82.4177,41.2089,20.6044,41.2089,164.8354,20.6044,82.4177,20.6044,57.6924,41.2089,30.9066,41.2089,20.6044,20.6044,30.9066,82.4177,20.6044,20.6044,41.2089,82.4177,82.4177,82.4177,82.4177,41.2089,20.6044,20.6044
dining,9825.12,Cashback Credit Card,Cashback Credit Card,98.2512,49.1256,24.5628,49.1256,196.5024,24.5628,98.2512,24.5628,68.7758,49.1256,36.8442,49.1256,24.5628,24.5628,36.8442,98.2512,24.5628,24.5628,49.1256,98.2512,98.2512,98.2512,98.2512,49.1256,24.5628,24.5628
shopping,15938.03,Millennia Credit Card,Millennia Credit Card,159.3803,478.1409,39.8451,79.6902,318.7606,39.8451,79.6902,39.8451,55.7831,79.6902,39.8451,478.1409,39.8451,39.8451,39.8451,478.1409,59.7676,79.6902,39.8451,478.1409,159.3803,159.3803,478.1409,39.8451,39.8451,79.6902
shopping,5569.57,Millennia Credit Card,Millennia Credit Card,55.6957,167.0871,13.9239,27.8478,111.3914,13.9239,27.8478,13.9239,19.4935,27.8478,13.9239,167.0871,13.9239,13.9239,13.9239,167.0871,20.8859,27.8478,13.9239,167.0871,55.6957,55.6957,167.0871,13.9239,13.9239,27.8478
travel,15636.73,Diners Club Black,Diners Club Black,78.1837,78.1837,39.0918,78.1837,78.1837,39.0918,234.551,78.1837,164.1857,78.1837,97.7296,78.1837,39.0918,58.6377,117.2755,78.1837,19.5459,19.5459,117.2755,78.1837,78.1837,78.1837,78.1837,195.4591,78.1837,58.6377
dining,11039.55,Cashback Credit Card,Cashback Credit Card,110.3955,55.1977,27.5989,55.1977,220.791,27.5989,110.3955,27.5989,77.2768,55.1977,41.3983,55.1977,27.5989,27.5989,41.3983,110.3955,27.5989,27.5989,55.1977,110.3955,110.3955,110.3955,110.3955,55.1977,27.5989,27.5989
shopping,5430.99,Millennia Credit Card,Millennia Credit Card,54.3099,162.9297,13.5775,27.1549,108.6198,13.5775,27.1549,13.5775,19.0085,27.1549,13.5775,162.9297,13.5775,13.5775,13.5775,162.9297,20.3662,27.1549,13.5775,162.9297,54.3099,54.3099,162.9297,13.5775,13.5775,27.1549
fuel,10886.66,BPCL Octane Credit Card,Magnus Credit Card,54.4333,54.4333,272.1665,54.4333,54.4333,13.6083,27.2167,13.6083,19.0517,54.4333,13.6083,54.4333,217.7332,13.6083,13.6083,54.4333,13.6083,13.6083,13.6083,54.4333,54.4333,54.4333,54.4333,27.2167,13.6083,13.6083
travel,19796.54,Diners Club Black,Diners Club Black,98.9827,98.9827,49.4914,98.9827,98.9827,49.4914,296.9481,98.9827,207.8637,98.9827,123.7284,98.9827,49.4914,74.237,148.4741,98.9827,24.7457,24.7457,148.4741,98.9827,98.9827,98.9827,98.9827,247.4568,98.9827,74.237
travel,6024.41,Diners Club Black,Ace Credit Card,30.122,30.122,15.061,30.122,30.122,15.061,90.3662,30.122,63.2563,30.122,37.6526,30.122,15.061,22.5915,45.1831,30.122,7.5305,7.5305,45.1831,30.122,30.122,30.122,30.122,75.3051,30.122,22.5915
shopping,8837.49,Millennia Credit Card,Emerald Private Metal,88.3749,265.1247,22.0937,44.1874,176.7498,22.0937,44.1874,22.0937,30.9312,44.1874,22.0937,265.1247,22.0937,22.0937,22.0937,265.1247,33.1406,44.1874,22.0937,265.1247,88.3749,88.3749,265.1247,22.0937,22.0937,44.1874
groceries,13813.76,Tata Neu Infinity Credit Card,Magnus Credit Card,138.1376,138.1376,34.5344,69.0688,138.1376,34.5344,34.5344,17.2672,24.1741,69.0688,17.2672,138.1376,34.5344,17.2672,17.2672,138.1376,17.2672,17.2672,17.2672,207.2064,138.1376,138.1376,276.2752,34.5344,17.2672,17.2672
groceries,2870.78,Tata Neu Infinity Credit Card,Tata Neu Infinity Credit Card,28.7078,28.7078,7.177,14.3539,28.7078,7.177,7.177,3.5885,5.0239,14.3539,3.5885,28.7078,7.177,3.5885,3.5885,28.7078,3.5885,3.5885,3.5885,43.0617,28.7078,28.7078,57.4156,7.177,3.5885,3.5885
travel,16128.27,Diners Club Black,Diners Club Black,80.6414,80.6414,40.3207,80.6414,80.6414,40.3207,241.924,80.6414,169.3468,80.6414,100.8017,80.6414,40.3207,60.481,120.962,80.6414,20.1603,20.1603,120.962,80.6414,80.6414,80.6414,80.6414,201.6034,80.6414,60.481
groceries,5693.59,Tata Neu Infinity Credit Card,Tata Neu Infinity Credit Card,56.9359,56.9359,14.234,28.468,56.9359,14.234,14.234,7.117,9.9638,28.468,7.117,56.9359,14.234,7.117,7.117,56.9359,7.117,7.117,7.117,85.4039,56.9359,56.9359,113.8718,14.234,7.117,7.117
fuel,19582.1,BPCL Octane Credit Card,BPCL Octane Credit Card,97.9105,97.9105,489.5525,97.9105,97.9105,24.4776,48.9552,24.4776,34.2687,97.9105,24.4776,97.9105,391.642,24.4776,24.4776,97.9105,24.4776,24.4776,24.4776,97.9105,97.9105,97.9105,97.9105,48.9552,24.4776,24.4776
groceries,5420.13,Tata Neu Infinity Credit Card,Cashback Credit Card,54.2013,54.2013,13.5503,27.1007,54.2013,13.5503,13.5503,6.7752,9.4852,27.1007,6.7752,54.2013,13.5503,6.7752,6.7752,54.2013,6.7752,6.7752,6.7752,81.3019,54.2013,54.2013,108.4026,13.5503,6.7752,6.7752
shopping,2798.22,Millennia Credit Card,Regalia Gold,27.9822,83.9466,6.9955,13.9911,55.9644,6.9955,13.9911,6.9955,9.7938,13.9911,6.9955,83.9466,6.9955,6.9955,6.9955,83.9466,10.4933,13.9911,6.9955,83.9466,27.9822,27.9822,83.9466,6.9955,6.9955,13.9911
fuel,17354.25,BPCL Octane Credit Card,BPCL Octane Credit Card,86.7712,86.7712,433.8562,86.7712,86.7712,21.6928,43.3856,21.6928,30.3699,86.7712,21.6928,86.7712,347.085,21.6928,21.6928,86.7712,21.6928,21.6928,21.6928,86.7712,86.7712,86.7712,86.7712,43.3856,21.6928,21.6928
travel,5068.58,Diners Club Black,BankBazaar Credit Card,25.3429,25.3429,12.6715,25.3429,25.3429,12.6715,76.0287,25.3429,53.2201,25.3429,31.6786,25.3429,12.6715,19.0072,38.0144,25.3429,6.3357,6.3357,38.0144,25.3429,25.3429,25.3429,25.3429,63.3573,25.3429,19.0072
dining,9840.23,Cashback Credit Card,Cashback Credit Card,98.4023,49.2011,24.6006,49.2011,196.8046,24.6006,98.4023,24.6006,68.8816,49.2011,36.9009,49.2011,24.6006,24.6006,36.9009,98.4023,24.6006,24.6006,49.2011,98.4023,98.4023,98.4023,98.4023,49.2011,24.6006,24.6006
fuel,12593.48,BPCL Octane Credit Card,BPCL Octane Credit Card,62.9674,62.9674,314.837,62.9674,62.9674,15.7418,31.4837,15.7418,22.0386,62.9674,15.7418,62.9674,251.8696,15.7418,15.7418,62.9674,15.7418,15.7418,15.7418,62.9674,62.9674,62.9674,62.9674,31.4837,15.7418,15.7418
shopping,12709.19,Millennia Credit Card,Super Value Titanium Credit Card,127.0919,381.2757,31.773,63.546,254.1838,31.773,63.546,31.773,44.4822,63.546,31.773,381.2757,31.773,31.773,31.773,381.2757,47.6595,63.546,31.773,381.2757,127.0919,127.0919,381.2757,31.773,31.773,63.546
fuel,13924.6,BPCL Octane Credit Card,First Wealth Credit Card,69.623,69.623,348.115,69.623,69.623,17.4058,34.8115,17.4058,24.3681,69.623,17.4058,69.623,278.492,17.4058,17.4058,69.623,17.4058,17.4058,17.4058,69.623,69.623,69.623,69.623,34.8115,17.4058,17.4058
fuel,11680.92,BPCL Octane Credit Card,Diners Club Black,58.4046,58.4046,292.023,58.4046,58.4046,14.6012,29.2023,14.6012,20.4416,58.4046,14.6012,58.4046,233.6184,14.6012,14.6012,58.4046,14.6012,14.6012,14.6012,58.4046,58.4046,58.4046,58.4046,29.2023,14.6012,14.6012
dining,12733.33,Cashback Credit Card,Cashback Credit Card,127.3333,63.6666,31.8333,63.6666,254.6666,31.8333,127.3333,31.8333,89.1333,63.6666,47.75,63.6666,31.8333,31.8333,47.75,127.3333,31.8333,31.8333,63.6666,127.3333,127.3333,127.3333,127.3333,63.6666,31.8333,31.8333
shopping,15933.99,Millennia Credit Card,Millennia Credit Card,159.3399,478.0197,39.835,79.67,318.6798,39.835,79.67,39.835,55.769,79.67,39.835,478.0197,39.835,39.835,39.835,478.0197,59.7525,79.67,39.835,478.0197,159.3399,159.3399,478.0197,39.835,39.835,79.67
dining,16514.47,Cashback Credit Card,Cashback Credit Card,165.1447,82.5724,41.2862,82.5724,330.2894,41.2862,165.1447,41.2862,115.6013,82.5724,61.9293,82.5724,41.2862,41.2862,61.9293,165.1447,41.2862,41.2862,82.5724,165.1447,165.1447,165.1447,165.1447,82.5724,41.2862,41.2862
fuel,16584.04,BPCL Octane Credit Card,BPCL Octane Credit Card,82.9202,82.9202,414.601,82.9202,82.9202,20.7301,41.4601,20.7301,29.0221,82.9202,20.7301,82.9202,331.6808,20.7301,20.7301,82.9202,20.7301,20.7301,20.7301,82.9202,82.9202,82.9202,82.9202,41.4601,20.7301,20.7301
groceries,2698.83,Tata Neu Infinity Credit Card,My Zone Credit Card,26.9883,26.9883,6.7471,13.4941,26.9883,6.7471,6.7471,3.3735,4.723,13.4941,3.3735,26.9883,6.7471,3.3735,3.3735,26.9883,3.3735,3.3735,3.3735,40.4825,26.9883,26.9883,53.9766,6.7471,3.3735,3.3735
shopping,1014.26,Millennia Credit Card,Millennia Credit Card,10.1426,30.4278,2.5356,5.0713,20.2852,2.5356,5.0713,2.5356,3.5499,5.0713,2.5356,30.4278,2.5356,2.5356,2.5356,30.4278,3.8035,5.0713,2.5356,30.4278,10.1426,10.1426,30.4278,2.5356,2.5356,5.0713
dining,424.0,Cashback Credit Card,First Classic Credit Card,4.24,2.12,1.06,2.12,8.48,1.06,4.24,1.06,2.968,2.12,1.59,2.12,1.06,1.06,1.59,4.24,1.06,1.06,2.12,4.24,4.24,4.24,4.24,2.12,1.06,1.06
shopping,19837.58,Millennia Credit Card,Millennia Credit Card,198.3758,595.1274,49.594,99.1879,396.7516,49.594,99.1879,49.594,69.4315,99.1879,49.594,595.1274,49.594,49.594,49.594,595.1274,74.3909,99.1879,49.594,595.1274,198.3758,198.3758,595.1274,49.594,49.594,99.1879
travel,17654.74,Diners Club Black,Diners Club Black,88.2737,88.2737,44.1369,88.2737,88.2737,44.1369,264.8211,88.2737,185.3748,88.2737,110.3421,88.2737,44.1369,66.2053,132.4106,88.2737,22.0684,22.0684,132.4106,88.2737,88.2737,88.2737,88.2737,220.6843,88.2737,66.2053
fuel,1957.47,BPCL Octane Credit Card,BPCL Octane Credit Card,9.7873,9.7873,48.9368,9.7873,9.7873,2.4468,4.8937,2.4468,3.4256,9.7873,2.4468,9.7873,39.1494,2.4468,2.4468,9.7873,2.4468,2.4468,2.4468,9.7873,9.7873,9.7873,9.7873,4.8937,2.4468,2.4468
shopping,7499.69,Millennia Credit Card,League Platinum Credit Card,74.9969,224.9907,18.7492,37.4984,149.9938,18.7492,37.4984,18.7492,26.2489,37.4984,18.7492,224.9907,18.7492,18.7492,18.7492,224.9907,28.1238,37.4984,18.7492,224.9907,74.9969,74.9969,224.9907,18.7492,18.7492,37.4984
fuel,14547.17,BPCL Octane Credit Card,Diners Club Black,72.7358,72.7358,363.6793,72.7358,72.7358,18.184,36.3679,18.184,25.4575,72.7358,18.184,72.7358,290.9434,18.184,18.184,72.7358,18.184,18.184,18.184,72.7358,72.7358,72.7358,72.7358,36.3679,18.184,18.184
shopping,121.62,Millennia Credit Card,Millennia Credit Card,1.2162,3.6486,0.304,0.6081,2.4324,0.304,0.6081,0.304,0.4257,0.6081,0.304,3.6486,0.304,0.304,0.304,3.6486,0.4561,0.6081,0.304,3.6486,1.2162,1.2162,3.6486,0.304,0.304,0.6081
travel,11914.22,Diners Club Black,Diners Club Black,59.5711,59.5711,29.7855,59.5711,59.5711,29.7855,178.7133,59.5711,125.0993,59.5711,74.4639,59.5711,29.7855,44.6783,89.3566,59.5711,14.8928,14.8928,89.3566,59.5711,59.5711,59.5711,59.5711,148.9278,59.5711,44.6783
dining,284.81,Cashback Credit Card,Cashback Credit Card,2.8481,1.4241,0.712,1.4241,5.6962,0.712,2.8481,0.712,1.9937,1.4241,1.068,1.4241,0.712,0.712,1.068,2.8481,0.712,0.712,1.4241,2.8481,2.8481,2.8481,2.8481,1.4241,0.712,0.712
shopping,19764.28,Millennia Credit Card,Millennia Credit Card,197.6428,592.9284,49.4107,98.8214,395.2856,49.4107,98.8214,49.4107,69.175,98.8214,49.4107,592.9284,49.4107,49.4107,49.4107,592.9284,74.1161,98.8214,49.4107,592.9284,197.6428,197.6428,592.9284,49.4107,49.4107,98.8214
travel,9606.23,Diners Club Black,Diners Club Black,48.0311,48.0311,24.0156,48.0311,48.0311,24.0156,144.0934,48.0311,100.8654,48.0311,60.0389,48.0311,24.0156,36.0234,72.0467,48.0311,12.0078,12.0078,72.0467,48.0311,48.0311,48.0311,48.0311,120.0779,48.0311,36.0234
shopping,14642.19,Millennia Credit Card,Millennia Credit Card,146.4219,439.2657,36.6055,73.2109,292.8438,36.6055,73.2109,36.6055,51.2477,73.2109,36.6055,439.2657,36.6055,36.6055,36.6055,439.2657,54.9082,73.2109,36.6055,439.2657,146.4219,146.4219,439.2657,36.6055,36.6055,73.2109
fuel,7414.48,BPCL Octane Credit Card,BPCL Octane Credit Card,37.0724,37.0724,185.362,37.0724,37.0724,9.2681,18.5362,9.2681,12.9753,37.0724,9.2681,37.0724,148.2896,9.2681,9.2681,37.0724,9.2681,9.2681,9.2681,37.0724,37.0724,37.0724,37.0724,18.5362,9.2681,9.2681
dining,15491.86,Cashback Credit Card,HPCL Super Saver Credit Card,154.9186,77.4593,38.7296,77.4593,309.8372,38.7296,154.9186,38.7296,108.443,77.4593,58.0945,77.4593,38.7296,38.7296,58.0945,154.9186,38.7296,38.7296,77.4593,154.9186,154.9186,154.9186,154.9186,77.4593,38.7296,38.7296
travel,1461.39,Diners Club Black,Diners Club Black,7.307,7.307,3.6535,7.307,7.307,3.6535,21.9209,7.307,15.3446,7.307,9.1337,7.307,3.6535,5.4802,10.9604,7.307,1.8267,1.8267,10.9604,7.307,7.307,7.307,7.307,18.2674,7.307,5.4802
groceries,13035.4,Tata Neu Infinity Credit Card,Tata Neu Infinity Credit Card,130.354,130.354,32.5885,65.177,130.354,32.5885,32.5885,16.2942,22.8119,65.177,16.2942,130.354,32.5885,16.2942,16.2942,130.354,16.2942,16.2942,16.2942,195.531,130.354,130.354,260.708,32.5885,16.2942,16.2942
travel,12598.79,Diners Club Black,Diners Club Black,62.994,62.994,31.497,62.994,62.994,31.497,188.9819,62.994,132.2873,62.994,78.7424,62.994,31.497,47.2455,94.4909,62.994,15.7485,15.7485,94.4909,62.994,62.994,62.994,62.994,157.4849,62.994,47.2455
dining,12359.91,Cashback Credit Card,Cashback Credit Card,123.5991,61.7995,30.8998,61.7995,247.1982,30.8998,123.5991,30.8998,86.5194,61.7995,46.3497,61.7995,30.8998,30.8998,46.3497,123.5991,30.8998,30.8998,61.7995,123.5991,123.5991,123.5991,123.5991,61.7995,30.8998,30.8998
travel,1825.09,Diners Club Black,Diners Club Black,9.1254,9.1254,4.5627,9.1254,9.1254,4.5627,27.3763,9.1254,19.1634,9.1254,11.4068,9.1254,4.5627,6.8441,13.6882,9.1254,2.2814,2.2814,13.6882,9.1254,9.1254,9.1254,9.1254,22.8136,9.1254,6.8441
shopping,11832.52,Millennia Credit Card,Millennia Credit Card,118.3252,354.9756,29.5813,59.1626,236.6504,29.5813,59.1626,29.5813,41.4138,59.1626,29.5813,354.9756,29.5813,29.5813,29.5813,354.9756,44.3719,59.1626,29.5813,354.9756,118.3252,118.3252,354.9756,29.5813,29.5813,59.1626
dining,6358.62,Cashback Credit Card,Cashback Credit Card,63.5862,31.7931,15.8965,31.7931,127.1724,15.8965,63.5862,15.8965,44.5103,31.7931,23.8448,31.7931,15.8965,15.8965,23.8448,63.5862,15.8965,15.8965,31.7931,63.5862,63.5862,63.5862,63.5862,31.7931,15.8965,15.8965
fuel,12927.95,BPCL Octane Credit Card,BPCL Octane Credit Card,64.6398,64.6398,323.1988,64.6398,64.6398,16.1599,32.3199,16.1599,22.6239,64.6398,16.1599,64.6398,258.559,16.1599,16.1599,64.6398,16.1599,16.1599,16.1599,64.6398,64.6398,64.6398,64.6398,32.3199,16.1599,16.1599
groceries,12040.16,Tata Neu Infinity Credit Card,Tata Neu Infinity Credit Card,120.4016,120.4016,30.1004,60.2008,120.4016,30.1004,30.1004,15.0502,21.0703,60.2008,15.0502,120.4016,30.1004,15.0502,15.0502,120.4016,15.0502,15.0502,15.0502,180.6024,120.4016,120.4016,240.8032,30.1004,15.0502,15.0502
shopping,16973.05,Millennia Credit Card,Millennia Credit Card,169.7305,509.1915,42.4326,84.8653,339.461,42.4326,84.8653,42.4326,59.4057,84.8653,42.4326,509.1915,42.4326,42.4326,42.4326,509.1915,63.6489,84.8653,42.4326,509.1915,169.7305,169.7305,509.1915,42.4326,42.4326,84.8653
fuel,4188.37,BPCL Octane Credit Card,BPCL Octane Credit Card,20.9418,20.9418,104.7092,20.9418,20.9418,5.2355,10.4709,5.2355,7.3296,20.9418,5.2355,20.9418,83.7674,5.2355,5.2355,20.9418,5.2355,5.2355,5.2355,20.9418,20.9418,20.9418,20.9418,10.4709,5.2355,5.2355
travel,14982.09,Diners Club Black,Diners Club Black,74.9104,74.9104,37.4552,74.9104,74.9104,37.4552,224.7314,74.9104,157.3119,74.9104,93.6381,74.9104,37.4552,56.1828,112.3657,74.9104,18.7276,18.7276,112.3657,74.9104,74.9104,74.9104,74.9104,187.2761,74.9104,56.1828
shopping,15697.65,Millennia Credit Card,League Platinum Credit Card,156.9765,470.9295,39.2441,78.4882,313.953,39.2441,78.4882,39.2441,54.9418,78.4882,39.2441,470.9295,39.2441,39.2441,39.2441,470.9295,58.8662,78.4882,39.2441,470.9295,156.9765,156.9765,470.9295,39.2441,39.2441,78.4882
shopping,4897.53,Millennia Credit Card,Millennia Credit Card,48.9753,146.9259,12.2438,24.4876,97.9506,12.2438,24.4876,12.2438,17.1414,24.4876,12.2438,146.9259,12.2438,12.2438,12.2438,146.9259,18.3657,24.4876,12.2438,146.9259,48.9753,48.9753,146.9259,12.2438,12.2438,24.4876
shopping,10612.9,Millennia Credit Card,White Credit Card,106.129,318.387,26.5322,53.0645,212.258,26.5322,53.0645,26.5322,37.1451,53.0645,26.5322,318.387,26.5322,26.5322,26.5322,318.387,39.7984,53.0645,26.5322,318.387,106.129,106.129,318.387,26.5322,26.5322,53.0645
travel,7798.08,Diners Club Black,Cashback Credit Card,38.9904,38.9904,19.4952,38.9904,38.9904,19.4952,116.9712,38.9904,81.8798,38.9904,48.738,38.9904,19.4952,29.2428,58.4856,38.9904,9.7476,9.7476,58.4856,38.9904,38.9904,38.9904,38.9904,97.476,38.9904,29.2428
travel,15278.25,Diners Club Black,Millennia Credit Card,76.3912,76.3912,38.1956,76.3912,76.3912,38.1956,229.1738,76.3912,160.4216,76.3912,95.4891,76.3912,38.1956,57.2934,114.5869,76.3912,19.0978,19.0978,114.5869,76.3912,76.3912,76.3912,76.3912,190.9781,76.3912,57.2934
shopping,374.49,Millennia Credit Card,Millennia Credit Card,3.7449,11.2347,0.9362,1.8724,7.4898,0.9362,1.8724,0.9362,1.3107,1.8724,0.9362,11.2347,0.9362,0.9362,0.9362,11.2347,1.4043,1.8724,0.9362,11.2347,3.7449,3.7449,11.2347,0.9362,0.9362,1.8724
shopping,18978.73,Millennia Credit Card,Millennia Credit Card,189.7873,569.3619,47.4468,94.8936,379.5746,47.4468,94.8936,47.4468,66.4256,94.8936,47.4468,569.3619,47.4468,47.4468,47.4468,569.3619,71.1702,94.8936,47.4468,569.3619,189.7873,189.7873,569.3619,47.4468,47.4468,94.8936
fuel,12608.56,BPCL Octane Credit Card,BPCL Octane Credit Card,63.0428,63.0428,315.214,63.0428,63.0428,15.7607,31.5214,15.7607,22.065,63.0428,15.7607,63.0428,252.1712,15.7607,15.7607,63.0428,15.7607,15.7607,15.7607,63.0428,63.0428,63.0428,63.0428,31.5214,15.7607,15.7607
dining,8529.15,Cashback Credit Card,Cashback Credit Card,85.2915,42.6457,21.3229,42.6457,170.583,21.3229,85.2915,21.3229,59.704,42.6457,31.9843,42.6457,21.3229,21.3229,31.9843,85.2915,21.3229,21.3229,42.6457,85.2915,85.2915,85.2915,85.2915,42.6457,21.3229,21.3229
groceries,10799.34,Tata Neu Infinity Credit Card,Tata Neu Infinity Credit Card,107.9934,107.9934,26.9984,53.9967,107.9934,26.9984,26.9984,13.4992,18.8988,53.9967,13.4992,107.9934,26.9984,13.4992,13.4992,107.9934,13.4992,13.4992,13.4992,161.9901,107.9934,107.9934,215.9868,26.9984,13.4992,13.4992
shopping,6267.15,Millennia Credit Card,Millennia Credit Card,62.6715,188.0145,15.6679,31.3357,125.343,15.6679,31.3357,15.6679,21.935,31.3357,15.6679,188.0145,15.6679,15.6679,15.6679,188.0145,23.5018,31.3357,15.6679,188.0145,62.6715,62.6715,188.0145,15.6679,15.6679,31.3357
travel,19488.84,Diners Club Black,Diners Club Black,97.4442,97.4442,48.7221,97.4442,97.4442,48.7221,292.3326,97.4442,204.6328,97.4442,121.8053,97.4442,48.7221,73.0832,146.1663,97.4442,24.361,24.361,146.1663,97.4442,97.4442,97.4442,97.4442,243.6105,97.4442,73.0832
fuel,7875.56,BPCL Octane Credit Card,BPCL Octane Credit Card,39.3778,39.3778,196.889,39.3778,39.3778,9.8445,19.6889,9.8445,13.7822,39.3778,9.8445,39.3778,157.5112,9.8445,9.8445,39.3778,9.8445,9.8445,9.8445,39.3778,39.3778,39.3778,39.3778,19.6889,9.8445,9.8445
shopping,6272.37,Millennia Credit Card,Millennia Credit Card,62.7237,188.1711,15.6809,31.3619,125.4474,15.6809,31.3619,15.6809,21.9533,31.3619,15.6809,188.1711,15.6809,15.6809,15.6809,188.1711,23.5214,31.3619,15.6809,188.1711,62.7237,62.7237,188.1711,15.6809,15.6809,31.3619
travel,1252.33,Diners Club Black,Diners Club Black,6.2616,6.2616,3.1308,6.2616,6.2616,3.1308,18.7849,6.2616,13.1495,6.2616,7.8271,6.2616,3.1308,4.6962,9.3925,6.2616,1.5654,1.5654,9.3925,6.2616,6.2616,6.2616,6.2616,15.6541,6.2616,4.6962
dining,2408.13,Cashback Credit Card,Cashback Credit Card,24.0813,12.0407,6.0203,12.0407,48.1626,6.0203,24.0813,6.0203,16.8569,12.0407,9.0305,12.0407,6.0203,6.0203,9.0305,24.0813,6.0203,6.0203,12.0407,24.0813,24.0813,24.0813,24.0813,12.0407,6.0203,6.0203
shopping,6254.87,Millennia Credit Card,Diners Club Black,62.5487,187.6461,15.6372,31.2743,125.0974,15.6372,31.2743,15.6372,21.892,31.2743,15.6372,187.6461,15.6372,15.6372,15.6372,187.6461,23.4558,31.2743,15.6372,187.6461,62.5487,62.5487,187.6461,15.6372,15.6372,31.2743
travel,14059.84,Diners Club Black,Diners Club Black,70.2992,70.2992,35.1496,70.2992,70.2992,35.1496,210.8976,70.2992,147.6283,70.2992,87.874,70.2992,35.1496,52.7244,105.4488,70.2992,17.5748,17.5748,105.4488,70.2992,70.2992,70.2992,70.2992,175.748,70.2992,52.7244
fuel,10507.81,BPCL Octane Credit Card,Amazon Pay Credit Card,52.539,52.539,262.6952,52.539,52.539,13.1348,26.2695,13.1348,18.3887,52.539,13.1348,52.539,210.1562,13.1348,13.1348,52.539,13.1348,13.1348,13.1348,52.539,52.539,52.539,52.539,26.2695,13.1348,13.1348
travel,15020.55,Diners Club Black,Diners Club Black,75.1028,75.1028,37.5514,75.1028,75.1028,37.5514,225.3082,75.1028,157.7158,75.1028,93.8784,75.1028,37.5514,56.3271,112.6541,75.1028,18.7757,18.7757,112.6541,75.1028,75.1028,75.1028,75.1028,187.7569,75.1028,56.3271
shopping,6766.72,Millennia Credit Card,Millennia Credit Card,67.6672,203.0016,16.9168,33.8336,135.3344,16.9168,33.8336,16.9168,23.6835,33.8336,16.9168,203.0016,16.9168,16.9168,16.9168,203.0016,25.3752,33.8336,16.9168,203.0016,67.6672,67.6672,203.0016,16.9168,16.9168,33.8336
groceries,1371.05,Tata Neu Infinity Credit Card,Regalia Gold,13.7105,13.7105,3.4276,6.8552,13.7105,3.4276,3.4276,1.7138,2.3993,6.8552,1.7138,13.7105,3.4276,1.7138,1.7138,13.7105,1.7138,1.7138,1.7138,20.5657,13.7105,13.7105,27.421,3.4276,1.7138,1.7138
dining,10264.56,Cashback Credit Card,Cashback Credit Card,102.6456,51.3228,25.6614,51.3228,205.2912,25.6614,102.6456,25.6614,71.8519,51.3228,38.4921,51.3228,25.6614,25.6614,38.4921,102.6456,25.6614,25.6614,51.3228,102.6456,102.6456,102.6456,102.6456,51.3228,25.6614,25.6614
groceries,3420.94,Tata Neu Infinity Credit Card,Tata Neu Infinity Credit Card,34.2094,34.2094,8.5524,17.1047,34.2094,8.5524,8.5524,4.2762,5.9866,17.1047,4.2762,34.2094,8.5524,4.2762,4.2762,34.2094,4.2762,4.2762,4.2762,51.3141,34.2094,34.2094,68.4188,8.5524,4.2762,4.2762
shopping,17895.94,Millennia Credit Card,Millennia Credit Card,178.9594,536.8782,44.7398,89.4797,357.9188,44.7398,89.4797,44.7398,62.6358,89.4797,44.7398,536.8782,44.7398,44.7398,44.7398,536.8782,67.1098,89.4797,44.7398,536.8782,178.9594,178.9594,536.8782,44.7398,44.7398,89.4797
shopping,4645.25,Millennia Credit Card,Millennia Credit Card,46.4525,139.3575,11.6131,23.2263,92.905,11.6131,23.2263,11.6131,16.2584,23.2263,11.6131,139.3575,11.6131,11.6131,11.6131,139.3575,17.4197,23.2263,11.6131,139.3575,46.4525,46.4525,139.3575,11.6131,11.6131,23.2263
