shopping,travel,dining,fuel,groceries,cardNorm,target_monthly
508.218278890345,2346.465659439134,2718.2172099877607,2099.166384092454,2327.932467590306,0.000000,19.82
1349.1015018727235,748.4114963386878,2864.4168065394356,1234.6300909302704,3803.440104318884,0.025641,0.00
1915.7894619301271,1123.89965790696,2006.154970180854,2941.140887667812,2013.0150223142466,0.051282,30.81
503.8710124831815,1978.728564814813,2268.263378587913,1876.970552942823,3372.1664911712696,0.076923,0.00
1599.5575334267978,1881.685607896331,994.6436894013477,3004.937588607565,2519.1755806679575,0.102564,14.03
3173.7794155740594,1531.3132277400673,3015.024577295855,1188.0820727085631,1091.800706681455,0.128205,38.56
820.9125388595232,3156.7974041133325,1406.1128148405187,3154.6399376529153,1461.5373045337087,0.153846,34.50
2774.327438247846,461.9609300538346,2499.9932311473494,2302.012472442768,1961.705928108202,0.179487,49.92
2517.7221864586077,1124.283339424918,2049.477728901915,1194.6081768423905,3113.90856837217,0.205128,55.06
781.0551626559089,2071.5132039552573,2483.276231185671,2622.8218012943635,2041.3336009088,0.230769,18.14
2184.7136172398705,2497.404355844922,2590.043865379181,1253.2813403655473,1474.5568211704792,0.256410,53.25
2528.1942861561356,2442.8015495692443,798.828925594206,1329.997400070427,2900.177838609989,0.282051,42.09
1459.6206544839838,867.8830195573446,1436.4818412134102,3907.6136179136943,2328.4008668315673,0.307692,34.49
849.203860087715,1613.2972279073433,3258.213433696567,3368.3003294828263,910.9851488255497,0.333333,15.60
1906.9356200164204,3778.935126312152,1832.4426135502938,1575.8712364772045,905.8154036439297,0.358974,43.86
2987.049500976474,2234.975128786983,540.4221965750183,3043.1140950828576,1194.439078578666,0.384615,60.72
470.3113054330842,2200.1659923660673,3149.721815226831,3140.4097916006563,1039.3910953733605,0.410256,20.56
2236.204347329149,1031.884380005593,2627.856901001922,2134.4249576712396,1969.6294139920963,0.435897,84.20
769.6604988212471,3322.5887019407705,870.8893135262754,1612.287304423132,3424.574181288574,0.461538,93.72
1702.933332707455,2491.0511204166105,1528.7772728991363,2590.471722114598,1686.7665518621993,0.487179,71.58
1947.3751561426109,1912.988840756576,1359.5562632027859,2515.356916670491,2264.7228232275347,0.512821,100.61
2425.302696243168,1110.7225770162947,554.0935738055085,3216.935504634928,2692.9456483001013,0.538462,65.36
1492.8673842986411,969.5923321432723,1770.355572297318,3051.6527023944554,2715.5320088663148,0.564103,86.77
3098.126063030941,934.9536160183231,887.7211811985071,4372.431336712879,706.7678030393489,0.589744,91.07
2220.3279827097126,2655.484617190139,1892.4091834861952,1313.3280839037707,1918.4501327101832,0.615385,66.95
1582.9446315669475,1044.5135182472543,2942.207138059398,2609.0738661345777,1821.2608459918226,0.641026,102.37
3131.358578312601,542.3536559372453,970.4526829563813,2876.0703404001742,2479.7647423935987,0.666667,84.87
1782.6553450850931,603.6634330179139,3357.1456525583512,3377.5660336797023,878.9695356589398,0.692308,110.03
2257.0235060088744,2416.660856811732,550.2677648307493,1609.2240122168341,3166.8238601318108,0.717949,98.81
589.0248173070295,1185.7152723191853,2653.3346820283027,3308.882161037261,2263.0430673082224,0.743590,116.27
2891.57679852477,2767.3858261255696,1588.6489413367676,1910.574083788217,841.814350224676,0.769231,77.73
991.560402774399,2337.132877379821,1852.3799873676562,1033.9712141635594,3784.9555183145653,0.794872,136.38
1251.5249828928918,1232.379228806218,2272.358382428905,2145.9383435115333,3097.799062360451,0.820513,91.35
4080.15437246988,1529.0782196567447,1872.995167327831,1463.6234412275041,1054.1487993180401,0.846154,115.14
3388.3040243151386,2366.7701866981774,1158.5557999512557,2016.2812755302623,1070.0887135051678,0.871795,116.67
2406.7420656186573,1253.070436209062,1445.5800822370722,2631.4615051248256,2263.145910810381,0.897436,126.25
2701.3228263697965,2059.9134947948464,1087.516281469873,3299.215627543373,852.0317698221115,0.923077,79.79
1346.5127687364325,1003.7427420270218,3766.115694725486,1447.7968569599802,2435.8319375510787,0.948718,112.14
2439.9902694216494,2491.8238491542284,1486.490304585855,2222.247300161094,1359.4482766771732,0.974359,142.52
2942.0934878055837,1122.994564066988,2991.2660905576145,2185.8437167120383,757.8021408577762,1.000000,160.82
3577.1724999136245,1272.8812321042144,2971.2990803330854,1467.557732287675,711.089455361399,0.000000,39.36
1461.1897024808575,663.4902329848013,1086.7900974961417,3529.3917164763834,3259.1382505618158,0.025641,0.00
2234.005506084859,2530.009031826495,1168.6342336360208,2615.9829683510566,1451.368260101567,0.051282,24.04
3132.9423466926255,878.8508810786312,1798.1210038976299,2077.18841281602,2112.897355515095,0.076923,0.00
2775.254698943414,2271.532567432496,468.8975141535725,1956.4879622900755,2527.827257180442,0.102564,0.00
2456.4133776971844,3039.862153352832,1610.1242265358358,1336.9755087911747,1556.6247336229735,0.128205,0.00
2106.7620095596376,1579.1520646429651,2151.17727685297,2223.5175738751655,1939.3910750692633,0.153846,36.12
2849.537628439526,1130.7893111469239,1088.520992207534,3638.7351289270678,1292.416939278946,0.179487,16.54
715.0776690660543,2066.864745814422,4574.0177649506,1817.2843744939858,826.7554456749392,0.205128,33.13
660.3908902330311,1026.2044611725573,2574.0525214215972,2767.8547613339033,2971.49736583891,0.230769,19.18
1735.364226972783,2337.8036346225886,2318.300683117292,2426.786859951628,1181.7445953357087,0.256410,62.52
1794.4019659740488,1542.4103643284675,1538.758409978483,2574.890897831485,2549.538361887516,0.282051,28.13
3216.0617495060305,1474.849865294494,893.8973804920828,950.447969004377,3464.7430357030153,0.307692,68.51
2759.0162351362505,723.5580399942422,3093.917624664846,2507.924952445847,915.5831477588132,0.333333,72.98
2888.0045189769608,1762.2421745947486,1138.983748258624,2183.553326614123,2027.2162315555452,0.358974,66.49
3149.1307206656543,1270.7386386187559,3250.809169763437,1399.7701907193382,929.5512802328147,0.384615,46.93
985.060533758709,3154.364910061113,3202.43830156498,1576.7960876708373,1081.3401669443604,0.410256,41.36
2484.854556206736,3493.953777386993,679.7289340990841,590.059252337625,2751.403479969563,0.435897,33.41
2391.85063054962,458.60571423324495,2795.899285306507,3824.5055707799506,529.1387991306767,0.461538,62.31
2086.826564238716,2066.0815451604167,1405.1825869653333,1528.3677651987857,2913.5415384367493,0.487179,67.96
1688.5355017533068,1286.9200542597541,794.9185942236933,2919.908178301746,3309.7176714615,0.512821,72.99
2324.3475030736654,1007.1106416422585,1831.4461840228316,2644.788083159902,2192.307588101342,0.538462,44.95
1617.6748929298678,2060.5223320770083,2719.831065030171,1139.5040717670522,2462.4676381958993,0.564103,58.74
2753.9560744479404,1916.0854616524412,2427.7605088700157,902.3197644068681,1999.8781906227332,0.589744,86.33
2279.2320682621444,3568.8613654364976,1274.1737717550045,2126.4002648563064,751.3325296900464,0.615385,95.68
2744.6638638384607,2971.7629569137343,504.2445771735552,1435.3974193773006,2343.9311826969483,0.641026,91.97
3154.309667179812,906.2778017980123,3658.728517986907,645.4801772288293,1635.2038358064385,0.666667,48.93
2458.3161338248606,1490.5664848372833,3167.968841062534,1051.060962058121,1832.0875782172004,0.692308,65.78
2585.7938513321624,2066.0575159893133,1192.0154257531667,2290.4386482059876,1865.69455871937,0.717949,69.49
1842.3747603984555,1320.8763447833712,3644.986987012958,2129.5156051200674,1062.2463026851485,0.743590,108.04
2719.5074507157606,826.9334079622656,2883.3521230836213,2031.938865206508,1538.2681530318437,0.769231,109.82
3067.539388525592,621.929625387409,1693.1753498352414,3120.3359536638545,1497.0196825879034,0.794872,101.89
1153.3926464986407,1908.705711145497,2838.893771282458,2856.9509004906477,1242.0569705827556,0.820513,109.84
490.2152547135938,957.3782928084287,4027.1352743262896,1681.423591097001,2843.8475870546863,0.846154,78.59
647.9624909627163,2726.373153992504,1215.2911585562638,1400.9060671137395,4009.467129374777,0.871795,114.13
2178.1917714358237,1644.3115804624465,3288.419306745293,1361.7924686021074,1527.284872754328,0.897436,82.02
1674.7487685731212,2780.473524050213,1953.476432957531,1617.5909541752587,1973.7103202438752,0.923077,117.30
2473.868429885939,2359.177778384903,1539.5403958880586,1364.5551531441631,2262.858242696937,0.948718,86.01
3530.099107892458,1884.0231164562692,3053.69400877836,653.360285527023,878.8234813458909,0.974359,162.56
2537.196683461365,2977.1303161105507,696.4993280450424,2192.765364962514,1596.4083074205287,1.000000,146.66
1834.1878708490804,3102.61671025224,1196.3258039522134,2085.4725332493626,1781.3970816971032,0.000000,7.93
705.9271336861148,2154.9880330380515,2770.9432203283127,1528.4110977816586,2839.730515165863,0.025641,0.00
683.2027188228642,1435.2449626899981,1019.8817267386206,3710.3968212237755,3151.2737705247414,0.051282,1.10
1700.922330875374,1609.845662537508,2736.500139862535,2424.2310338983334,1528.50083282625,0.076923,38.75
2463.804979710787,1079.272590253512,2400.6111537743786,2366.0921518022324,1690.2191244590904,0.102564,0.00
3287.242657000246,819.7879625070802,1661.4020609235106,2988.2061295267004,1243.3611900424626,0.128205,0.00
2141.1609593188373,862.7166769502288,2439.5029098968807,2688.9338290482774,1867.6856247857756,0.153846,24.29
2909.432385610015,695.6838978346109,4290.08865925421,990.5047146723798,1114.2903426287849,0.179487,48.36
2531.7809358587524,3139.7247125350036,2572.628510874701,1180.085654003978,575.7801867275658,0.205128,19.08
2526.5702064030374,1790.326352713785,585.3188075164379,2056.249334642727,3041.5352987240126,0.230769,39.63
869.7363496913181,2274.1133325280716,2681.889087678211,1667.2890811141074,2506.9721489882927,0.256410,47.05
986.1730444459848,2914.0942850887877,1595.1011042240048,2828.12085889561,1676.5107073456127,0.282051,20.31
2488.9436012030797,493.9741480703475,1696.1242156628407,2648.7565014536576,2672.201533610075,0.307692,74.12
2633.9515006538836,1709.780170687536,1299.8039723948098,2076.406978038976,2280.057378224795,0.333333,57.95
1731.6242372974416,2713.43419029546,1850.5031660898999,2184.8856215661463,1519.5527847510532,0.358974,35.83
2952.723217493856,1782.6374184431725,2767.1700769852446,665.9062430274387,1831.5630440502896,0.384615,54.83
2098.567400581684,2392.3226969486946,1320.7873938207156,2841.930662679709,1346.3918459691972,0.410256,65.46
2558.0566205060572,2835.6362260081223,2346.1294175310986,473.20533235296426,1786.972403601758,0.435897,80.91
995.4320625857948,3869.6004054409836,3296.298255146914,565.7217244306948,1272.947552395613,0.461538,57.04
2416.313933485814,1715.8462184639027,1657.4287745705096,1422.020881046066,2788.3901924337088,0.487179,62.34
914.4952303629962,2617.6931411231208,1517.4426009764607,1660.5327825605955,3289.8362449768274,0.512821,72.83
1698.5956064576314,2186.949235165771,2862.1028302602585,1515.1112759957632,1737.241052120576,0.538462,71.44
2496.9399770443865,608.9422095157606,2349.5231117591434,1868.4077961938688,2676.1869054868403,0.564103,33.61
2308.009014376528,578.0130778832264,2659.7909278846296,1695.6089775181795,2758.5780023374364,0.589744,45.87
1210.30865085188,922.2058999075743,3074.305843785537,2069.762088771313,2723.4175166836953,0.615385,94.58
2752.342642620899,2527.0301113910723,1593.5246028726285,1924.7721709966966,1202.3304721187023,0.641026,67.89
1080.0032686191103,3807.9353395938383,477.71049831178794,1288.037312509403,3346.3135809658606,0.666667,61.90
1338.1566257097045,2926.4498604558635,466.2553124083405,2225.0351825692287,3044.1030188568634,0.692308,81.38
2066.8911559311273,3264.4339977879135,739.402604176275,1850.3857070254367,2078.8865350792485,0.717949,115.50
2860.1050948781476,1628.7267345977114,1054.5716231435897,1859.5245690528382,2597.071978327713,0.743590,84.66
2139.5620984509046,2046.070377632937,1445.417121384265,2119.5454217481724,2249.4049807837214,0.769231,70.33
2891.3515292912184,2736.7741937424125,1753.293329803554,380.3466445352796,2238.234302627536,0.794872,64.95
1701.0200938344383,3319.0573442212108,2868.4929532680144,567.41284169764,1544.0167669786972,0.820513,115.37
607.4349744708313,3114.8897711142445,3990.5901860871713,1335.4658967489413,951.6191715788132,0.846154,129.54
1286.7157433708528,1172.3120746284856,2827.9237367145843,2686.822862560571,2026.225582725506,0.871795,86.57
1482.8352394400004,1532.0710460746632,1163.036929466455,3600.5379107287245,2221.518874290159,0.897436,89.59
2273.9943095773174,2387.040502543277,2988.2022766285545,1342.533883913891,1008.2290273369612,0.923077,121.45
2407.4333702956537,1037.5203350070637,1911.6808158869244,3803.524559802001,839.840919008357,0.948718,81.87
1004.7807326617644,1467.8691913846271,1900.7624625803276,2534.61989968307,3091.9677136902105,0.974359,104.86
2219.5558252016813,2603.3193326172195,1939.021958679783,1443.5061925759665,1794.5966909253484,1.000000,149.01
521.4285466182946,3027.70195231938,3139.887654994733,2236.409522334185,1074.5723237334075,0.000000,29.10
2982.3880334165356,710.8484995816871,1043.9612491831303,2975.6169808671975,2287.18523695145,0.025641,0.00
1213.381722882614,2904.635561149796,1820.791208646919,1289.7222980664155,2771.469209254254,0.051282,0.00
1660.6208967737005,834.8026086675416,2209.577971997408,2974.356276281044,2320.6422462803066,0.076923,3.33
852.9947684244743,2297.386762353347,1913.2519473015846,2955.1675987003023,1981.1989232202911,0.102564,0.00
1922.6333296558414,2521.103315624153,1151.6725022238625,2451.1196468547328,1953.471205641411,0.128205,42.98
2664.567453214661,2086.816814803424,3136.3276841964034,1292.4800771093696,819.8079706761432,0.153846,4.05
2299.635101747257,2696.8657120504813,1069.9515058080567,1521.9556972702983,2411.591983123906,0.179487,19.19
780.7296579876307,1352.9070758795426,1243.57378033827,3728.3947081473943,2894.3947776471637,0.205128,0.00
1792.6062416326631,2258.105627394892,2724.4152680911106,2798.0156528943608,426.8572099869744,0.230769,64.36
788.0003515356037,3745.5002932938432,1973.7325745030719,2115.7660731937326,1377.00070747375,0.256410,45.81
1986.0251761839695,482.0653149383929,2858.8096427007727,2662.54920908294,2010.5506570939253,0.282051,69.62
2568.1797328266075,1653.4787268168322,2876.474964453819,1895.3231533168632,1006.5434225858764,0.307692,6.83
1632.767538078067,1119.2061188097014,1764.7860228065747,2646.0084972453255,2837.2318230603323,0.333333,53.66
1969.7438617569492,683.8514498618043,2151.1281632086934,2932.2938666168416,2262.9826585557107,0.358974,41.20
1631.3579342072674,3322.9378620638795,1932.6967499080379,1209.1078554780308,1903.8995983427842,0.384615,43.76
2598.8796337956246,1714.5349545791676,2346.5884949325755,2392.2804681367024,947.71644855593,0.410256,57.29
3973.7459074836115,1185.425408448341,1319.0158325522823,556.5299950265846,2965.2828564891806,0.435897,80.23
1436.418530766376,2200.9715737757742,2699.5420688337676,1316.5052266949256,2346.5625999291574,0.461538,63.57
2548.932321839681,2331.509859848607,1330.2967181522367,1692.6025104350413,2096.658589724434,0.487179,55.38
695.5163863469205,885.0789481357992,3582.100387435952,3070.735413950436,1766.5688641308916,0.512821,30.72
1478.3975284977087,1072.154754917205,3615.801226017422,945.7874867987067,2887.8590037689587,0.538462,54.50
2637.8043596977072,1509.2572530726304,2696.885187605488,1551.0154232747234,1605.0377763494512,0.564103,46.03
1084.0849125701704,2146.0829560775846,2501.8652327623013,1683.637683772207,2584.3292148177356,0.589744,76.17
2736.119729765568,1781.3785378918844,1335.4402375921168,1930.3632117048521,2216.69828304558,0.615385,94.42
2802.294081967838,3133.5450679064784,2379.7652389897107,702.3508924050353,982.0447187309378,0.641026,60.87
1200.7619884075202,4089.1283250893703,2264.861731012261,791.1832109053668,1654.0647445854838,0.666667,106.39
1865.8290167434661,1899.8198740848213,2085.3091654557606,3324.8977678947185,824.1441758212337,0.692308,80.54
2191.3275537013683,959.7754011116624,2047.6182954156995,2199.133463710628,2602.1452860606414,0.717949,85.14
2189.2363357861636,2028.3156964285386,1110.629483288241,2472.6954418217606,2199.123042675297,0.743590,123.60
1735.7811487628944,2284.9329415739753,828.4042480143985,2298.25955900647,2852.6221026422622,0.769231,123.08
2924.553047415989,2674.562825920688,1965.089737136621,648.5553452398708,1787.2390442868311,0.794872,91.58
955.882583598438,1020.9519983748994,3858.3349653071928,1951.5780131680663,2213.252439551403,0.820513,72.86
2268.2110943752987,2211.7534496513326,2074.2124918951868,1932.7985760938814,1513.024387984301,0.846154,89.63
1214.2498688314165,2274.9692230730034,2346.7786711675803,1187.0954900838765,2976.9067468441226,0.871795,112.62
1363.143898774227,2739.809796105332,2476.5859621294003,1530.0888173581507,1890.3715256328896,0.897436,137.28
884.3828485662356,2007.6261594567852,2667.261951612688,3138.3402511912336,1302.3887891730574,0.923077,97.27
3620.4019788387004,2566.5010478880604,1891.8180935113207,726.164030156796,1195.1148496051223,0.948718,89.15
3608.6383549162147,2411.1522954230295,1153.504897074048,2296.5849024386152,530.1195501480926,0.974359,130.51
2223.321307433396,3732.8290600961436,848.0346399589566,675.8803734179186,2519.9346190935853,1.000000,155.47
840.4095140374569,841.2997344379073,1746.914739827894,3321.736227071057,3249.639784625685,0.000000,33.61
3097.7100224668507,837.6445639149016,2371.978377545017,1203.5620179319985,2489.1050181412343,0.025641,10.76
3637.255554656091,2630.6712654067796,1756.372341311316,1066.7211936854465,908.9796449403678,0.051282,26.54
2897.938328888914,731.561144369403,1770.0219838610024,3330.3970255248023,1270.081517355879,0.076923,27.11
3144.3373144978195,2600.746493698285,2796.9942702018807,808.1713939835255,649.7505276184902,0.102564,40.92
1356.315731667732,1972.6961707968717,2274.9898429340506,2353.779172650664,2042.2190819506798,0.128205,0.00
2223.720044941209,974.7428859886502,3213.9785063927657,2970.7076177560566,616.8509449213178,0.153846,57.67
2297.557791139812,1419.761855553519,1447.173064027587,2157.3270426241497,2678.1802466549316,0.179487,30.29
886.9771143260288,2846.287386958168,2682.079327564537,1282.137259663887,2302.51891148738,0.205128,13.53
2203.6042912113644,1371.3257303121159,965.6519777626511,2947.970340633577,2511.4476600802905,0.230769,53.18
1461.2173195998391,2279.097196905355,2251.816674432008,2198.218596166932,1809.6502128958678,0.256410,31.97
1010.2208137372958,1305.7201159652134,2352.0893468336462,2601.7936400801777,2730.1760833836674,0.282051,48.29
2806.697833459971,2986.587162246481,806.7577292784221,726.8875081820592,2673.0697668330668,0.307692,47.14
2379.8837816155137,1918.4285121823152,1641.4976137528568,684.0115956921147,3376.1784967572,0.333333,48.91
1022.6870934955223,1982.3517409071787,2509.526306395848,2766.5912770963128,1718.843582105139,0.358974,81.37
450.9428483393483,3028.782764507349,1314.5898517739874,2172.279264859629,3033.405270519687,0.384615,73.94
1575.947880447371,3238.478631049823,2523.90370995095,1073.06747105183,1588.6023075000257,0.410256,29.07
1130.0581398123252,3062.4070077529213,1267.333518543284,1744.5145771736989,2795.6867567177696,0.435897,84.22
2713.401644720023,2539.653902500481,2129.29936599176,826.3840252509677,1791.2610615367678,0.461538,76.89
1490.5048905465685,1035.3396016689348,3555.7077070102823,3168.5247799305876,749.9230208436256,0.487179,45.32
2687.1986169186484,1746.4823627614792,2172.3655111990333,1645.0462250973126,1748.9072840235258,0.512821,102.76
2330.734578353562,978.1805708569347,1241.705180797392,2455.9300271198804,2993.4496428722327,0.538462,32.86
1056.3937643452227,623.3339621971699,1788.3730561572006,3382.961523262811,3148.937694037594,0.564103,96.50
2609.1064807172643,3237.1987031261306,1484.4447350188755,1902.4715290983331,766.7785520393968,0.589744,102.48
4507.841179318877,1421.1748599345776,578.2972774057588,563.9844866890946,2928.702196651692,0.615385,69.18
1374.5026540950362,1786.4995046828985,2312.4143179913594,2470.949963742142,2055.6335594885627,0.641026,108.68
1736.703126302742,2759.7083399270778,1733.069118412235,1394.9584778960336,2375.5609374619116,0.666667,95.51
838.6319288029907,2558.5144446783715,2311.6534091895996,1798.8749312797333,2492.3252860493058,0.692308,106.92
2143.6557253106034,1909.828646352808,908.4047857138139,4326.174322260062,711.9365203627123,0.717949,114.44
2894.94838805347,2256.705734835782,1228.0122276513544,2064.276560171606,1556.0570892877886,0.743590,118.29
3053.2347852302323,934.9535985784121,2833.068181843682,953.2662586206187,2225.4771757270546,0.769231,63.36
1749.5121313675559,414.9003663665337,2598.6803239540723,2621.7293609177586,2615.1778173940793,0.794872,79.45
1723.493872765391,3146.934343657881,2148.942955710716,2137.8259161781993,842.8029116878109,0.820513,82.28
771.8023888742541,3232.775715206585,2219.768739521845,633.2866855519602,3142.3664708453575,0.846154,99.88
1523.3984428305246,2643.7614165873097,2309.490454350581,1122.470700772085,2400.8789854595016,0.871795,127.73
2425.2560567509636,2389.7897941654055,1361.9916109241594,2929.1241889008434,893.8383492586258,0.897436,96.65
3096.820302940516,424.2723182987357,885.6851771846488,3587.6785188014205,2005.5436827746796,0.923077,113.20
1404.9137988501282,2125.7291072885805,1943.5098257433212,1733.2401877867685,2792.607080331202,0.948718,84.07
862.1365630749978,3178.3083499227323,1563.1096195688858,1720.082034334261,2676.3634330991226,0.974359,144.92
537.2216531143084,624.7218070274439,3080.8452969355394,3005.7844986890896,2751.426744233618,1.000000,90.98
1053.1470277205808,951.4252034945431,4258.560418151188,2508.2245809596043,1228.6427696740845,0.000000,0.00
1940.2217487448938,1476.38569460465,1221.5731588357964,2945.020071564996,2416.799326249665,0.025641,9.17
3166.0545963354853,1271.4119680262802,1148.3247870655555,2528.8286519567555,1885.379996615924,0.051282,11.04
4912.6515814800305,1628.2300559212858,1174.6231658552192,1609.0581871376207,675.4370096058426,0.076923,0.00
2593.156924505873,418.0391048453544,1671.369867041933,2112.463075795374,3204.9710278114667,0.102564,49.80
2498.924806324578,2140.301432281101,665.3666193323587,1906.298650163664,2789.108491898297,0.128205,51.92
756.7262933609652,1355.118663048826,1338.0737460648054,3298.4298604060755,3251.6514371193293,0.153846,0.00
2001.5452558571615,1353.78291175022,1879.1570050958233,4165.8308660964985,599.6839612002952,0.179487,51.39
1423.4618024727695,3131.7392660569135,2198.979445653971,1216.0588803700414,2029.7606054463058,0.205128,36.92
2641.0247176345783,2481.252880196167,1348.2372397667957,2688.7077046563327,840.7774577461254,0.230769,60.55
1891.959482295998,1724.11433066798,1764.8140654956544,1176.1784363479458,3442.9336851924218,0.256410,39.16
2677.555328594763,2868.6023013018803,1984.4344775500235,2134.612849908083,334.79504264524996,0.282051,53.52
2085.902845758976,1614.6093878146796,1768.7074789052417,2417.6767833865665,2113.103504134537,0.307692,38.24
2073.5206507179014,3642.541630028971,2100.3628709311074,923.1172030666831,1260.4576452553365,0.333333,47.08
3811.2422581786777,898.40763723464,3058.390321592318,854.2466385522657,1377.7131444420972,0.358974,34.80
1967.1596737297857,1797.6703616281393,1082.1057639243563,2928.886291775882,2224.177908941838,0.384615,51.13
965.7455136680226,3209.367037289555,3297.9031669460187,749.1595287722356,1777.8247533241674,0.410256,77.02
2452.9923072524884,720.2624513752226,3157.8739224083197,3079.026785303688,589.8445336602804,0.435897,78.80
789.7325500193392,1528.1417190529426,1986.184930125341,3454.334805904322,2241.605994898056,0.461538,34.18
3409.1920990633403,3276.8616457599037,883.6084576462516,1928.9613984753194,501.3763990551868,0.487179,25.90
1546.6771637466184,2283.4419159844597,3496.2203310735886,1786.985487334928,886.675101860406,0.512821,92.16
757.5473029196505,2573.596342092129,1970.0140672580267,1741.4948804690598,2957.3474072611343,0.538462,31.43
3206.1728508839574,1861.1678846920445,991.8318204709739,892.894432220481,3047.9330117325426,0.564103,103.18
2797.3192084033835,4800.292519049569,674.7836831574962,811.6268076100038,915.9777817795485,0.589744,97.78
1468.2613341015342,670.3586996172143,2338.411201141474,2312.4770500433074,3210.49171509647,0.615385,55.57
913.390148636689,2654.233025159798,2597.243391921459,2357.610510331301,1477.5229239507523,0.641026,61.48
1336.2688232768642,3279.2493279020628,2142.0165625471996,1373.9036327801673,1868.5616534937067,0.666667,60.00
1073.7723638234145,2408.6367271532376,1979.4490001372217,2800.027579644031,1738.1143292420957,0.692308,49.95
677.0029450710083,2730.1967957269444,2382.331300250556,3525.194127383473,685.2748315680169,0.717949,81.16
1653.4531564875688,2665.0897887852407,1426.4871551804572,2560.795329229295,1694.1745703174386,0.743590,96.25
2479.8602892200083,604.4151462322643,2331.066180231247,2366.7518630451,2217.9065212713795,0.769231,134.03
2938.55348344141,1012.515977282456,3392.5511986819542,2056.5607797606062,599.8185608335745,0.794872,112.30
509.6970145768671,2716.1008548237332,1524.4853889805315,2287.971261594955,2961.7454800239116,0.820513,112.90
2293.596957990647,1110.671748304416,2666.305489390315,2294.4522278597,1634.973576454923,0.846154,130.10
1111.9119629939848,3445.753240316454,666.1429926194448,3186.676803817031,1589.5150002530859,0.871795,110.09
1473.494918534951,693.1880717209852,2143.542258967828,2744.0068482368843,2945.7679025393522,0.897436,147.29
909.8105032797486,1405.9630726852183,2229.78293417748,3826.2967587715007,1628.146731086054,0.923077,127.84
2926.3174075441525,590.6992065515135,1892.3493320288048,3423.8520420859636,1166.7820117895658,0.948718,101.03
3304.683577447373,2557.4740570837153,2846.6108961193654,623.3751924252797,667.8562769242666,0.974359,146.99
4411.881682016548,1155.5639212031722,2472.982510600351,1058.2372144557721,901.334671724156,1.000000,98.39
2948.475526127281,625.3947885866683,3843.214117444329,497.93126266349435,2084.9843051782273,0.000000,28.12
1834.3625062376216,2586.162062625179,2198.3172014270017,1160.3032933379104,2220.854936372287,0.025641,29.16
731.4935819738259,2759.4522377932803,2079.295996163623,2012.9087544149438,2416.8494296543277,0.051282,39.52
579.2808444282412,2323.619989648978,2309.75576913378,3596.181929868152,1191.1614669208507,0.076923,0.00
826.2942329798702,2309.1654207798547,2293.707773802858,2463.2697737658145,2107.5627986716026,0.102564,0.00
2513.388042024969,2176.776650583602,2232.174461527476,1591.75991500164,1485.9009308623138,0.128205,4.37
2972.569728995483,3007.2413195185986,823.0889389243974,372.1014914799742,2824.9985210815476,0.153846,6.77
2629.302972760345,509.1554287896001,2787.3013528811603,2481.144145385077,1593.0961001838189,0.179487,62.66
3504.2680604351854,1412.8017170355424,509.5794318316372,1685.5359729641716,2887.814817733465,0.205128,18.93
4095.455577079149,2209.50878128172,1074.887542779199,588.4649883921558,2031.6831104677763,0.230769,15.12
2336.7995759560945,3821.707014907505,684.7576789273144,1785.692817272592,1371.0429129364936,0.256410,69.41
2261.6109292830542,2360.707099532024,664.2333275833876,2327.306411962757,2386.1422316387757,0.282051,12.78
1649.3308053757949,3507.62409189528,2884.385317584161,1385.4406342274406,573.2191509173247,0.307692,65.48
1532.5150765079447,2107.694709466837,3196.0919531325226,1038.1268592442848,2125.5714016484108,0.333333,73.88
1197.2189191094028,2334.8954680839843,2170.5519934377544,2389.083780913285,1908.249838455574,0.358974,12.69
1565.209076884669,720.596451758092,3793.751735377574,1364.9061848802305,2555.5365510994334,0.384615,14.31
2816.1991998020258,836.9378833319051,2192.9153827492505,1708.723253095153,2445.224281021665,0.410256,78.26
2541.0275039806434,2371.9064254526647,2733.101543270148,382.64461885221857,1971.3199084443243,0.435897,53.82
4673.766003958297,788.6182387503234,2021.7965300811236,1954.9287032882123,560.8905239220443,0.461538,86.42
3536.276769757537,687.7054474255237,2258.870836450639,2865.9405364217732,651.2064099445261,0.487179,52.67
2625.8801041457705,1795.4047469525613,2473.1108917426372,2338.2744453130827,767.3298118459485,0.512821,79.22
3099.3762389964704,2141.077839061974,694.5863876419214,3363.691093349147,701.2684409504858,0.538462,46.52
4757.072191864123,1115.8275836332564,1243.5169717573099,1586.1087156504393,1297.4745370948708,0.564103,85.15
1979.6751136043915,332.06871464847325,2503.78346126051,2856.505411485674,2327.967299000952,0.589744,73.35
1636.191893815046,1340.4695606489652,2053.6449320414545,2248.0437616960653,2721.649851798469,0.615385,110.50
2833.433953357731,2342.3875538058437,1794.1035601064752,1195.3279798287504,1834.7469529012,0.641026,117.13
2563.666391634606,1119.0497304227617,3100.584070607902,1060.0576455875853,2156.642161747145,0.666667,57.71
2326.060123173612,2119.28158622613,1911.4604530873717,1280.2769239475053,2362.920913565381,0.692308,103.36
1842.8251631725507,2841.8510222296436,2417.0731497347824,1429.8577065781274,1468.392958284897,0.717949,97.26
1440.4771887796937,1886.2752776018665,1034.182870611661,2765.810190007033,2873.254472999745,0.743590,79.64
2750.4815625453366,2261.097972622633,2617.3195495904993,1889.6030632739098,481.49785196762167,0.769231,127.38
1393.0237682710174,1840.011215929856,2095.1055636168717,2247.707750241015,2424.151701941239,0.794872,61.64
1105.9608815507781,936.8115822193421,1740.5431786579775,3086.2835737520672,3130.4007838198345,0.820513,113.90
2047.7358861754542,2388.6170849276286,1624.488070214122,2265.5392834099584,1673.6196752728367,0.846154,83.06
681.9722096204696,2708.782053562115,2389.289735835984,2709.548833796062,1510.407167185368,0.871795,103.17
2401.3424129358677,2948.112554300204,1435.886837768921,2274.1427278050496,940.5154671899589,0.897436,115.15
2483.3528899782978,2231.171553147301,1663.8365309765497,1921.9415245114224,1699.6975013864292,0.923077,76.24
2540.9336026477336,1814.9034332699252,1329.3928353210804,1353.0735158868943,2961.6966128743666,0.948718,138.43
2162.995970177737,1970.2558014423623,2260.531649608685,2758.4365024660456,847.7800763051697,0.974359,91.62
2680.886279947964,3085.6348597459228,1732.504480811402,1048.927840245718,1452.0465392489928,1.000000,98.31
1298.129364951663,1139.29808436057,3096.8945799646754,3932.151009980055,533.526960743038,0.000000,16.48
1918.548621373469,1336.727565331219,3624.418714249629,2535.011477100424,585.2936219452599,0.025641,4.84
2522.728920115026,3760.753769847031,876.3523858771305,748.338063549637,2091.8268606111737,0.051282,0.00
4298.904335657943,743.9290892872264,608.5442785143024,2068.231624189477,2280.3906723510513,0.076923,41.20
2331.8567068039283,2432.499543566313,1738.9611173910055,2417.308303987254,1079.3743282515002,0.102564,3.74
1765.2264019423355,2051.757680599911,2679.4772467606163,1685.6805335749348,1817.8581371222033,0.128205,51.46
1768.8433455427225,1863.7416768071403,540.1512788882524,3057.369785165917,2769.8939135959668,0.153846,16.00
2200.6359075157284,839.5970549138555,2010.884765944162,685.625266315916,4263.257005310337,0.179487,6.84
642.007413528543,1044.8271716265772,1249.501736676519,3238.3827414266048,3825.280936741756,0.205128,9.03
3460.2370501554788,958.684422806676,1134.1651061512869,1639.1544769932946,2807.758943893264,0.230769,40.14
3161.188789242158,480.54254041946245,837.8536683347178,3187.060874146811,2333.3541278568514,0.256410,25.76
2286.196272634298,685.0396655045222,2085.084186786758,2391.6351290094995,2552.0447460649243,0.282051,32.75
1994.6532620282264,2453.3314278411503,1942.3155273608224,2808.3678054044735,801.3319773653269,0.307692,74.22
1928.553370180557,3342.7154571073766,1199.3823097037841,2211.8472643958994,1317.501598612383,0.333333,56.64
2631.137862134412,2361.1258005742047,3347.018038505288,781.2772312269672,879.4410675591287,0.358974,78.94
780.8102527304371,2584.723763021918,1897.548240462486,2961.717549421606,1775.2001943635526,0.384615,18.19
722.1634394920372,965.6756165117246,3756.9102916589723,2674.0389643470567,1881.2116879902096,0.410256,29.75
3274.905171886643,821.5988525931037,1375.3868588229639,2650.671349242751,1877.4377674545358,0.435897,59.70
1063.4968808523784,1572.705900008881,1734.5173845015604,2982.9971772518566,2646.282657385324,0.461538,90.80
2225.7214008534047,538.5316430788417,3181.51187435434,2427.3824610699317,1626.8526206434824,0.487179,47.64
1542.5396932468157,2945.8180813377107,1927.0280672859694,1626.6073287929134,1958.0068293365891,0.512821,31.73
2753.123445391506,651.7648594408242,1729.3352508086118,3566.9803980358392,1298.796046323219,0.538462,104.63
1389.0137546054775,3706.0152499846436,1381.6170588029788,508.7816803659922,3014.572256240907,0.564103,83.11
1993.6296611281557,871.0187739948077,2354.5093154356955,2515.665085069003,2265.1771643723378,0.589744,69.65
3483.5335746904816,1748.36414933694,629.8165079556104,1748.6752535489618,2389.610514468007,0.615385,117.33
2829.310195939696,1312.1474567849552,2637.2288334394943,1135.6824236603425,2085.631090175513,0.641026,77.34
2243.4591705408475,2142.2173747652846,1197.3956381720989,1643.0426314182002,2773.88518510357,0.666667,57.19
1265.9785346829804,2668.330132600395,2506.7124977824037,1353.9346936975685,2205.044141236653,0.692308,91.93
1633.9219145967359,1530.9250371230119,2366.6766166781035,1811.231104122439,2657.2453274797094,0.717949,78.63
596.7713690934713,2852.3168455415184,2585.676929987358,2683.1869194871515,1282.0479358905009,0.743590,76.84
1578.8267724960654,1865.255658103126,2800.6155078960546,1984.3126999115461,1770.9893615932074,0.769231,130.64
2169.745494464352,2144.706793612757,1832.3988031448391,1963.937846439548,1889.2110623385058,0.794872,108.85
2082.0534965030197,1506.43716447621,2662.3288741364254,2450.292682185418,1298.8877826989271,0.820513,119.97
2414.2163878288593,1764.2637624473846,1621.70528106806,1691.283370049193,2508.5311986065035,0.846154,119.23
1033.9783459506668,1302.7464424796635,2749.7116630554633,3219.302166227205,1694.2613822870012,0.871795,79.09
1331.0183266200554,2592.2631910301816,1140.322027670658,3140.052079182497,1796.3443754966077,0.897436,86.43
2270.0551522094433,1013.8363880494834,2699.8578693758363,646.3057583740973,3369.944831991139,0.923077,103.37
2082.265562191603,2609.761222622704,381.5363424898047,2676.159820354324,2250.277052341564,0.948718,92.40
2621.8551515954323,1992.5323051688918,991.6762717437738,2219.4214183923646,2174.514853099538,0.974359,113.14
2352.8789422729656,2443.975521489074,966.1022486988718,2739.6697550433782,1497.3735324957115,1.000000,126.89
3039.522293937363,2360.0524428549093,1882.7098733269033,1643.6702826529174,1074.0451072279077,0.000000,16.80
808.2153168996016,3352.7302492538206,2014.747713289654,1042.3029039658275,2782.0038165910973,0.025641,0.00
600.371781564085,2347.2669812980976,1360.5098843317282,3117.488975823849,2574.362376982239,0.051282,39.80
2261.6767272522757,1031.76042582963,2406.3398956194706,3304.7305971708347,995.4923541277899,0.076923,23.66
4900.487129155095,725.5066945880689,1022.3601376285199,1826.5907154715815,1525.0553231567355,0.102564,0.00
2018.0839674465974,2363.232787932283,1327.5537181855111,2921.1981471609106,1369.9313792746984,0.128205,59.69
942.4677079747631,2076.3498662452907,1668.4302306858265,2365.4536901940355,2947.298504900085,0.153846,9.17
3053.430761131134,2081.2107769035756,754.0460108841481,2603.0190258433727,1508.2934252377704,0.179487,41.86
1820.1955331923054,1153.3978936690303,2500.842971947931,2722.3210083009167,1803.242592889816,0.205128,7.37
647.3896937728564,804.473301009182,4315.017007775269,1003.0015962953006,3230.1184011473906,0.230769,60.77
1162.5194135218455,551.5759524058853,2651.961357951924,2089.792211353219,3544.1510647671253,0.256410,35.65
641.7177903324945,4086.531449091957,3517.448224915234,993.3891325414194,760.9134031188958,0.282051,38.41
679.7860984147197,1651.9925833629582,3081.255898790866,3806.7594130605953,780.2060063708603,0.307692,17.17
1338.8153190366343,1581.403535092623,1759.7774595129001,2665.9651293500415,2654.038557007799,0.333333,65.02
529.0890964162685,2163.613861069489,1732.9832125493408,2592.202775983422,2982.111053981479,0.358974,11.67
2821.966037736764,2934.6536771381543,2805.0218972475304,899.8660316888372,538.4923561887135,0.384615,28.30
2477.441408019725,1233.7681110341991,2533.8943756193466,2593.0884333985728,1161.8076719281567,0.410256,24.11
2762.286197674884,1989.122591597564,2215.665366146695,1434.8194486721522,1598.1063959087055,0.435897,27.82
2326.6926905064406,3173.385744153963,1226.8614578007907,2322.918515836821,950.1415917019857,0.461538,60.98
1746.4716927514205,1934.5886490764933,2621.351709588612,952.8569189724253,2744.731029611049,0.487179,49.78
3413.759126711832,1242.0592213460875,3059.516327532813,1181.7491279407914,1102.9161964684783,0.512821,73.15
1430.82275091661,1346.344545197263,2137.2455476237105,2589.3651296929534,2496.222026569463,0.538462,29.95
2644.7680691000196,3089.374587696658,542.7234456616616,795.999826740601,2927.1340708010607,0.564103,47.95
1844.5232260401883,1057.9500815949975,2054.196695637558,1641.470609497368,3401.8593872298884,0.589744,62.14
2812.843315454628,3629.3000678913504,777.4264839130707,1940.3825203647027,840.047612376249,0.615385,69.57
1360.192693307509,2277.807322119454,2187.874061454973,2979.976737367538,1194.1491857505243,0.641026,102.04
2828.612678229489,1638.5158247098234,1055.9454538313175,2003.3508522293503,2473.57519100002,0.666667,77.01
1669.4776903047386,1730.3349352307607,1253.6116297640742,2647.649122286123,2698.9266224143025,0.692308,82.73
1314.9264334407637,848.6872203840628,2470.0803872567067,3434.379975469751,1931.9259834487164,0.717949,117.63
1390.124354113022,2831.0885912336803,671.7717267426092,3970.653703748112,1136.3616241625768,0.743590,88.83
1732.9677455188275,2117.4911548208697,3360.351676873877,1531.113728601901,1258.0756941845243,0.769231,71.31
2037.596081805491,2102.639174441824,1475.390931199854,1701.731406288677,2682.6424062641545,0.794872,111.61
2107.0297917263065,1841.0584937170158,1110.319733921455,2060.293033022827,2881.2989476123958,0.820513,123.56
1731.7854263756665,2156.0674454356476,1526.6937015058224,1385.5150271760508,3199.9383995068138,0.846154,78.44
1631.3028850203632,3045.117276774518,1799.5855163322135,3090.559649835951,433.4346720369541,0.871795,93.97
995.5373052002036,848.4874620372997,3701.496105323745,2364.319895511776,2090.159231926976,0.897436,144.30
2834.5733015809687,2103.455738767817,2740.7327294603474,1206.961293397105,1114.2769367937606,0.923077,132.29
2320.926656407707,1804.289870467641,2048.594141235366,1239.9459098586724,2586.2434220306136,0.948718,89.86
1665.4162709744437,1296.304657797035,1975.1021788762555,3580.606608236841,1482.570284115424,0.974359,123.90
3402.9438292888067,2875.9083537245237,1112.8717206182457,1651.5460316013118,956.7300647671133,1.000000,151.49
1690.5513737083402,3069.2496310323463,2461.7722620191894,2091.8134819532866,686.6132512868367,0.000000,32.63
993.8216362306283,2306.091311619434,1623.23364955347,2596.6266424493006,2480.226760147167,0.025641,0.00
679.243689345318,2604.906054848399,1869.8104260944854,3250.0562686077164,1595.9835611040817,0.051282,40.82
2452.601465182384,2728.8124974449856,479.41512523175334,2300.30461580226,2038.8662963386164,0.076923,50.03
788.8288219388702,3883.491382533541,2001.6432818562412,1609.987911852068,1716.048601819279,0.102564,53.92
1071.7623041881268,1379.7799037860786,2968.466775910199,2652.051555340574,1927.9394607750223,0.128205,44.66
1443.517330789262,1732.512328638167,2044.8559865543182,2677.1331214590614,2101.981232559191,0.153846,57.61
1902.9018636391113,2368.345843271097,2406.6251688276875,2272.258795155605,1049.8683291064992,0.179487,60.65
3860.449111241962,1185.9197300811363,3355.393144403781,984.1886507123838,614.0493635607372,0.205128,9.61
690.2761915572141,3303.571995886109,2907.993500547703,619.3757096002419,2478.782602408731,0.230769,35.24
3900.395415221492,2391.026692556426,1184.2974266504805,1615.5295079411565,908.7509576304464,0.256410,0.00
3048.8545871235256,2385.4546806620438,1501.2338719178254,1730.2420071976285,1334.2148530989782,0.282051,66.35
3250.5513971559885,2644.3480432538604,554.0650073096177,1282.215126102587,2268.8204261779456,0.307692,31.76
844.8227593313585,2670.770290041081,1246.0690373212449,2168.6771576649226,3069.660755641393,0.333333,64.04
2516.7461685670073,3278.882769303281,1821.360006717668,711.647850057802,1671.3632053542424,0.358974,83.31
769.4574038183711,3358.1799477169484,1870.475247516058,1396.7893191203705,2605.0980818282537,0.384615,90.08
2188.4759328058367,3442.3825492524406,837.6600493487268,1382.13822278669,2149.343245806306,0.410256,84.63
3481.1605778561197,670.9513864535089,2378.415335471131,837.8501565476155,2631.6225436716245,0.435897,81.79
770.0968828659178,2362.387228445368,763.8943705304175,3503.2960368778167,2600.325481280479,0.461538,61.90
2081.8642249329005,687.6201077549787,1083.3815174197343,3282.1864736097014,2864.947676282686,0.487179,43.60
1300.956833307962,2560.324844269354,2733.4366817099612,768.0015403784245,2637.2801003342997,0.512821,33.92
2234.8604639456958,3997.9689289750813,760.2177681707734,1173.1131388858305,1833.8397000226173,0.538462,58.32
590.6497809738192,2803.93145270881,2198.697007878287,2000.5419774907823,2406.179780948301,0.564103,79.57
2763.217336628517,1984.6312545911844,447.02000507140485,2251.243201412711,2553.888202296184,0.589744,71.62
864.3633805804957,2875.347245674752,2614.2474376088217,2217.6906768042704,1428.351259331661,0.615385,84.87
2226.0831785532573,2488.098413616828,2904.8877077956904,1100.7774144517232,1280.1532855825012,0.641026,56.23
2801.274592582039,1158.4366390233868,1288.7971630436673,2617.4681316795413,2134.0234736713664,0.666667,110.64
1458.372556154202,2534.811580511783,3170.883438510439,1223.4220885152592,1612.5103363083163,0.692308,82.56
1982.8978967560754,1309.7891945667848,3154.131856406465,2121.3562271213814,1431.8248251492935,0.717949,60.35
2632.407826329563,3013.504549571093,878.2365905882247,555.9058132348428,2919.9452202762764,0.743590,132.58
3116.3364308406894,946.5434231976559,2226.530879901634,623.709720880542,3086.879545179477,0.769231,135.84
1788.7510817725913,2640.316304859039,1570.2157220939748,1608.973319283224,2391.7435719911705,0.794872,102.48
2661.1567281353587,2293.132970921125,2200.440455263322,2508.3037767401092,336.9660689400846,0.820513,134.80
2519.2301841120793,1345.6554060155074,2457.992556260757,854.3698635776498,2822.751990034007,0.846154,130.64
2463.8658761000943,3059.4995808409417,589.7163683727639,2716.6639104966985,1170.254264189502,0.871795,132.29
2013.5817420037545,1502.4964756946815,1508.0381643048333,2474.858897779777,2501.0247202169544,0.897436,99.34
1157.6341285279163,1900.5478861906788,2955.5608590267725,2402.570692462794,1583.6864337918396,0.923077,123.78
2360.8676008835937,1213.850902533463,1572.0934722350592,2517.9826056725838,2335.2054186753,0.948718,118.78
4062.0591993705393,1261.0479920931853,789.2357985330628,2198.9752986643743,1688.681711338837,0.974359,122.73
1454.098978752399,3392.039497541822,1348.1059322893943,2908.891560631874,896.8640307845114,1.000000,90.55
826.4591052967743,2805.089702133733,1275.5017544722987,3252.626888784259,1840.3225493129364,0.000000,40.12
1552.2211802068662,2000.07888489744,1929.0655765858846,1259.2213009416014,3259.413057368208,0.025641,39.16
1770.8416309366817,1401.4835988150278,5363.232236962053,738.0522604667347,726.3902728195021,0.051282,23.85
1913.3233459772873,1871.2003248790254,863.5735916339779,1890.1571396593802,3461.7455978503294,0.076923,2.61
1049.4842313428342,3077.41955033187,514.7003350972581,2868.908265201704,2489.4876180263336,0.102564,0.00
804.2124924229267,1127.7239174386766,3634.6811139168353,2626.7513153193295,1806.6311609022316,0.128205,24.75
1054.3078372597809,1040.7226418927498,3215.505272464343,1826.717752765988,2862.746495617139,0.153846,2.67
1445.2607242467109,3095.977080557686,1765.9236359491208,2638.257609702646,1054.5809495438373,0.179487,7.65
2273.5612732904797,2520.8203759055555,3088.2425662383375,374.5481392241657,1742.8276453414608,0.205128,45.07
2257.632358463183,997.5398107706653,2582.2678101898227,2250.3459249791395,1912.2140955971895,0.230769,38.82
2045.8156799922701,2538.1799599484084,1447.0014977516307,1493.3832396775838,2475.6196226301054,0.256410,61.79
897.7119935870102,951.12067866706,2834.240601342454,1832.9108299648399,3484.0158964386364,0.282051,56.12
2295.9614315780186,2052.4058734212194,2464.861252838826,1446.0663696626616,1740.7050724992737,0.307692,21.69
1329.5238820351697,2486.275061524064,1059.6724254666349,2518.6402465833803,2605.888384390752,0.333333,24.43
2361.055851224915,2071.4565875565054,1764.1952201022991,2230.81151328829,1572.4808278279902,0.358974,27.79
1731.6046297766175,856.8882384622045,2060.4611147863952,2657.3923886362113,2693.6536283385726,0.384615,43.80
2182.5471116689405,1682.196515473515,2130.2721981997474,1161.4957831201643,2843.4883915376317,0.410256,53.30
2286.2487461052538,780.1286553324097,2477.8247531084166,1789.275917625024,2666.521927828896,0.435897,95.16
1255.952265978102,2926.650588775473,1395.74467594794,2952.9952303268624,1468.6572389716218,0.461538,98.57
1066.3802713796883,2954.845593997642,2822.4066278884334,2014.6719444300518,1141.695562304187,0.487179,85.90
2615.9506341017445,2902.9138907869888,1108.316189981704,1929.0252828581772,1443.7940022713851,0.512821,89.90
1097.9243797818815,644.2137385079535,1766.5973173161847,3521.834477463682,2969.430086930299,0.538462,103.92
544.6422825888009,1569.1360310035884,1938.4168795592464,3055.2633779546572,2892.5414288937063,0.564103,47.85
2110.6518844606894,1286.137563422369,416.00047359998376,3174.6918026905328,3012.518275826425,0.589744,100.06
658.0449338014797,2597.6451784225846,2261.6098620890566,1673.1319290376102,2809.5680966492678,0.615385,61.31
2332.556352147225,2657.2724461463254,475.5508346049366,998.0281576878355,3536.5922094136777,0.641026,74.06
1117.754663764021,2409.1567523232457,2875.1492536844285,1072.7335766117199,2525.205753616584,0.666667,64.13
2436.0570326601437,2742.583035974617,945.6742051062525,1692.5115278263243,2183.174198432663,0.692308,77.33
644.1412641025844,1404.6667643423255,2507.946179602175,2398.6230111607597,3044.622780792154,0.717949,72.67
1580.0410089334148,1654.5548267091,3468.9243047654054,1931.3895724749718,1365.090287117107,0.743590,122.21
2531.3268182429047,3423.757116845805,2336.456979670094,818.5811778412639,889.8779073999325,0.769231,66.72
538.743821999833,3316.8579851313275,1701.0545862160336,1034.935106438263,3408.4085002145434,0.794872,64.11
2259.7327768144414,2000.4165451265605,1014.7875404147574,1739.018591228088,2986.0445464161517,0.820513,77.70
474.834717048049,2059.553924422078,2958.9176331270387,2069.6485206916905,2437.045204711143,0.846154,110.85
1618.0385675777509,1951.5864052445816,1790.1932973698533,2207.863559667311,2432.3181701405033,0.871795,148.38
2052.492645480487,2395.079696822173,1276.5489085397774,1240.5253278834434,3035.3534212741192,0.897436,131.08
1457.2636901965764,1362.4596419149607,2922.509442072258,2484.2865631302648,1773.4806626859408,0.923077,154.10
1339.2272783360072,3233.072752826523,2295.714476900641,2363.630343606298,768.35514833053,0.948718,144.66
2198.901219747741,483.30290130145363,2678.4005387060106,2301.6174548684985,2337.7778853762966,0.974359,86.36
1503.8558314880083,1402.1930291859799,2330.933046667303,1927.093426473302,2835.9246661854067,1.000000,108.63
1173.226236008047,1497.7323406141825,2003.1158449264494,2269.2458845747874,3056.6796938765337,0.000000,12.83
2262.3303319445627,2930.4630238890104,734.050550551554,1574.8208518320369,2498.335241782837,0.025641,0.00
1266.7803813922771,1775.87234405313,3696.257990463955,549.703961395037,2711.3853226956007,0.051282,0.00
1232.0065609223295,975.9736928578443,2125.0793574751506,2543.371780102167,3123.568608642509,0.076923,0.00
1383.7358262630592,2476.7411198497202,2862.220959352634,1932.182961387209,1345.119133147379,0.102564,0.00
2963.4241855211767,903.7985415132642,3517.873393167004,743.5983115162188,1871.305568282336,0.128205,0.00
3193.6702313484643,1410.3368122259253,2261.536761311299,2172.504108332304,961.9520867820056,0.153846,32.62
2809.9500405046288,2144.3396533619557,2330.5828088472413,1757.4906360971338,957.6368611890416,0.179487,61.05
2574.282058795535,2226.7488214453033,3262.649474623177,1365.3094651079075,571.010180028079,0.205128,25.02
2670.2653518984116,1140.5771292213465,2326.0640625661235,1986.4259505365753,1876.667505777544,0.230769,21.92
2338.1306131769834,2719.4879136854197,958.0327655851012,3040.591061254461,943.7576462980348,0.256410,44.92
2084.2854435695563,634.1951353713962,3560.1216460677997,685.8420061154682,3035.5557688757817,0.282051,13.33
778.8021799919615,3694.8475229603605,2281.6034410127586,2567.36393621658,677.3829198183396,0.307692,20.51
2038.9510475060974,1187.051705645746,3343.093052764081,2502.96372618074,927.9404679033346,0.333333,28.97
1901.8798123434917,1920.7765971798997,2092.9120554125643,2125.6274805051034,1958.8040545589415,0.358974,49.05
1173.9949919313844,1923.1637234366497,2636.856649382925,1086.7435522552366,3179.241082993805,0.384615,60.82
2980.9989403249087,814.2616991785261,3032.2388656115186,2677.717001027935,494.7834938571106,0.410256,83.81
903.3942396565817,1016.46053846049,3591.315219730657,3688.3660570516845,800.4639451005866,0.435897,44.96
1615.6973351536449,2732.3276831124617,1492.2846473844545,1736.9600909062372,2422.7302434432013,0.461538,36.71
1438.4982145812064,1682.4360741654257,1234.8744359520833,4000.687909244445,1643.5033660568404,0.487179,53.82
2164.245186056186,1980.4627261633832,2481.410595726555,2509.3426172449176,864.5388748089583,0.512821,71.80
866.4643556467976,3526.985298553679,827.8255658083553,3609.8240209195924,1168.9007590715748,0.538462,58.64
1348.9866786540395,1896.694318059158,738.9146424862723,3775.951804518843,2239.4525562816875,0.564103,106.25
985.7922427547724,1351.145970854747,3183.428630266086,3089.4143014664287,1390.2188546579646,0.589744,86.88
1525.6327082195476,2283.7113008500805,3003.665312855525,1418.6528333134813,1768.3378447613654,0.615385,117.30
3502.2586526512705,2211.754456335688,598.4581783539126,1362.3053049447074,2325.223407714422,0.641026,59.75
2489.7962936128833,2318.3591704118553,1611.4841233186098,2359.392271214792,1220.9681414418608,0.666667,90.24
2168.612045075132,1620.401423028939,907.4760671759243,3237.0645036750675,2066.4459610449367,0.692308,67.11
3071.251006385059,2027.4736820577002,840.7347449994861,2410.6225313816253,1649.9180351761293,0.717949,84.51
1736.924396806056,2407.3475139922743,3208.491358809699,1721.9047936683476,925.3319367236238,0.743590,108.03
2382.767926411798,2593.838635798711,1751.409319046884,2772.302975005184,499.68114373742236,0.769231,79.73
2172.4960564177413,1280.924864137883,2130.7788109594903,2984.961400148601,1430.8388683362857,0.794872,92.50
1131.5457227815837,2431.2327742271295,2466.5158556601223,1753.6562473555132,2217.049399975653,0.820513,106.20
4038.4013856006836,2488.085736251651,1136.636036332075,1365.2237224554965,971.6531193600947,0.846154,91.45
1384.2986702846968,1544.680586346768,3953.899365717231,716.287579157028,2400.833798494275,0.871795,93.50
1889.437468820201,2684.7223836856356,693.0366537166433,3175.692096335324,1557.1113974421971,0.897436,77.04
2773.4220434201657,1222.421396283934,2194.300205400823,3116.6058128207637,693.2505420743132,0.923077,121.59
1435.673661996631,1509.867878375538,3202.3309844294145,1175.5979474376825,2676.5295277607347,0.948718,130.21
2612.382104602368,2662.368122840927,2746.541034791618,416.56357260546446,1562.1451651596215,0.974359,129.47
1322.6329130831582,3025.53058204159,1554.6886849130979,866.927775512904,3230.2200444492487,1.000000,154.92
2736.069814903536,1585.8758128224465,1762.298289705408,1046.5260606807328,2869.2300218878777,0.000000,40.78
917.548698768777,2851.14880905547,2373.3719263748576,3150.1039935087642,707.826572292132,0.025641,33.49
1742.0085033078133,2230.5608564991953,2247.7838565864586,930.9068758193737,2848.7399077871587,0.051282,3.81
787.8044928679594,1934.9701369133172,2023.241194744415,2064.6713701708327,3189.3128053034757,0.076923,0.00
2768.622089231906,3138.0512568000413,1458.0341133610673,804.3216329669359,1830.9709076400482,0.102564,0.00
994.0927212139004,3532.364024367818,1705.9939175607078,1128.6086161727044,2638.9407206848705,0.128205,0.00
2709.4557210368102,1420.060408899965,2566.470398427021,1713.6928321349867,1590.3206395012173,0.153846,3.43
1740.2398529464074,1277.468180712803,2811.5058836145117,2495.2834348240594,1675.502647902219,0.179487,28.19
1735.8598851807724,2340.754343119669,2971.218054019133,1287.6533187408588,1664.5143989395647,0.205128,21.22
1578.0873345729728,483.7008027086608,2965.10423193723,2780.604316551898,2192.503314229239,0.230769,42.46
687.9740435132084,877.8793276164403,2512.8650592977588,4009.901429298496,1911.3801402740944,0.256410,16.92
2390.4956812204264,2924.4317179882814,560.9530326541162,2224.930779290071,1899.1887888471053,0.282051,67.21
2290.086017701758,1368.0028712638552,491.19859335728313,3217.504843593901,2633.207674083203,0.307692,66.52
2409.6809339464353,1510.336240421984,3618.7889954693965,435.3792710852491,2025.8145590769382,0.333333,25.77
1313.7726327178445,2252.988272130204,1398.901375330273,2733.7820727079416,2300.555647113737,0.358974,86.45
1952.3886923926118,1682.1239821385461,2997.178561579197,794.9257101419303,2573.3830537477147,0.384615,51.89
1186.5478620476033,718.6382384793031,3226.5241854327373,2016.834763283378,2851.4549507569773,0.410256,52.57
1541.3586707153422,2429.1384504317034,1909.5523760054903,2329.845985623534,1790.1045172239303,0.435897,54.59
1279.0781023659779,1035.645918467134,2583.109483273719,2785.6863833189345,2316.480112574236,0.461538,62.77
1409.3357005944372,2512.852547402136,1958.2278238742078,3027.083895126087,1092.5000330031312,0.487179,36.56
3572.2171926345886,1129.2288472566618,3075.31374713002,1030.6953146955925,1192.544898283138,0.512821,81.38
3354.725535794973,816.0763934924879,2625.7742110888357,1901.576206389465,1301.847653234239,0.538462,58.81
3587.9179038941434,500.7972059586585,1734.407125160944,482.48061564502916,3694.3971493412264,0.564103,103.40
1369.8346073100631,1707.6325663199257,2448.0768289903754,1768.1608223611938,2706.295175018442,0.589744,108.68
2379.3836573216918,3023.710111034268,1018.793446605798,2884.8866768746493,693.226108163593,0.615385,115.35
1197.2998073212702,3113.499128707157,3217.756489681509,770.4471136314457,1700.9974606586165,0.641026,121.28
2385.013910673459,696.8866741968924,3582.7943962401732,1023.7466377810441,2311.5583811084307,0.666667,66.56
1050.3212523544948,471.8884568773442,3387.7216414135983,1755.7671707567174,3334.301478597846,0.692308,58.70
1686.9396117917133,2988.9004782126876,2671.680699605497,1668.701506386997,983.7777040031067,0.717949,115.59
1130.8134523712456,2438.5987841352758,515.6902120462107,2791.0413045368277,3123.856246910441,0.743590,78.21
2428.382997628135,2672.813665159871,840.9121850519399,2541.669406118407,1516.2217460416477,0.769231,112.29
2874.5986205131067,2599.709144351235,844.4029453885142,2034.4831685619322,1646.8061211852114,0.794872,109.51
1667.7086601280623,2138.6990050494346,2214.1485356263797,1116.0411135438567,2863.402685652268,0.820513,93.11
3321.558958758207,3118.897398692207,2002.1759333931159,662.8392549677495,894.5284541887216,0.846154,143.41
2788.298758320348,3603.251983673963,1137.7094766188754,1401.5412467239214,1069.198534662894,0.871795,131.63
1796.9137511746333,1185.2895480599154,3122.2363029793382,1122.7086460709406,2772.8517517151736,0.897436,146.24
687.6769541443415,3579.1219294062394,1053.767938192202,1510.7440480693149,3168.6891301879027,0.923077,88.09
1160.921333216411,1997.330016632215,4319.958285258159,1698.912852498731,822.8775123944847,0.948718,141.81
2318.0685238252613,618.2422577302693,1622.2190982984462,2621.1368454218946,2820.333274724127,0.974359,103.30
3079.7661760513397,1406.7369312088338,954.2366632053662,2382.1600422126794,2177.100187321782,1.000000,92.08
1944.1372776751355,1615.247169325339,3079.416645438183,2873.126773499987,488.07213406135577,0.000000,13.12
2257.410548944825,2273.8332008157236,1333.5803998971023,2606.656102551626,1528.5197477907225,0.025641,0.00
3185.1284110956535,1553.3477605991145,707.8473296940646,908.3358939601222,3645.3406046510463,0.051282,12.73
512.7309159393342,2710.4265644740253,1302.5769288688145,2538.585127496915,2935.680463220911,0.076923,41.77
3192.0413075389124,2987.875948916797,1158.4399378696849,1127.9639901021674,1533.6788155724385,0.102564,9.80
604.82380326052,1681.4943596570106,2333.215992266617,4213.202136109827,1167.2637087060255,0.128205,53.44
2470.8790337165756,2514.1340001477333,2892.236615775471,1330.2893142894845,792.4610360707355,0.153846,0.00
2588.3831227689993,1638.8105752410067,2348.2308025570032,1504.52308750074,1920.05241193225,0.179487,38.77
1568.0422446941097,434.65416216324405,2993.219702909606,2693.016428008848,2311.067462224191,0.205128,69.22
3005.8919007050736,834.7921988745304,2963.6305561155546,899.3855624196644,2296.2997818851763,0.230769,71.12
3720.562577067144,1007.6205546992023,1978.771081944077,1340.918200848873,1952.127585440703,0.256410,34.20
627.1085807141272,2645.583697345386,2720.356221911307,934.9500185367206,3072.0014814924593,0.282051,11.80
1027.0594335149237,2108.255698277771,797.92423047318,3028.4368519666355,3038.3237857674894,0.307692,78.18
1351.5985923891315,3046.0943952847574,944.173743909214,1360.1363947526029,3297.996873664295,0.333333,49.93
3410.2638466952344,1613.7357142657695,2815.5284646755067,720.8602922127977,1439.6116821506905,0.358974,26.86
868.7195482846417,2267.564001397385,2439.5356907925047,1506.5595681697305,2917.621191355737,0.384615,47.12
475.4847230220058,3297.6988672737857,858.9323935917205,3196.1137873622974,2171.77022875019,0.410256,89.32
3336.2203524096367,2500.411482782625,2286.0448013374576,707.2516531441071,1170.071710326174,0.435897,36.99
1130.7167969062946,1244.5682459671577,2573.4265125496927,4040.716679355558,1010.5717652212975,0.461538,53.47
717.962192241432,707.978604626212,3817.3232526850547,625.6166783053326,4131.119272141968,0.487179,76.04
1332.2627733535178,1628.8608750628932,3190.733171036849,1736.4553480988181,2111.6878324479226,0.512821,82.98
1520.3517831400795,1564.0089468190722,2533.0392591723603,1894.181416247804,2488.418594620683,0.538462,90.85
3739.881671938566,2614.9610095435246,1054.5356759478518,1981.234246105576,609.3873964644819,0.564103,58.84
2806.3634741100836,528.639846614199,1652.3997351640028,3002.4213595906194,2010.1755845210953,0.589744,45.40
1587.520858641074,1467.9422670844067,2073.963766949547,2711.726321584831,2158.8467857401406,0.615385,69.15
2643.296427820492,1466.8864019333002,538.6174930101588,2005.4171814880729,3345.7824957479766,0.641026,85.22
1424.0226924047772,989.1311748520092,1534.5582070560172,2243.777755799701,3808.510169887496,0.666667,111.78
1979.4433143721953,3382.5793479922063,1673.2670063168075,1841.7565784870742,1122.9537528317153,0.692308,127.41
2480.762984371994,3169.7691559329655,695.4408074979044,3278.697496903614,375.3295552935215,0.717949,101.53
2048.130740176761,2249.840601813679,1292.0664883046443,2181.954865511013,2228.0073041939045,0.743590,54.88
1747.752926843569,3717.644900170016,1040.9110899083641,2579.1311978817816,914.5598851962691,0.769231,108.73
2473.126151610681,2479.121654020808,1950.2805108728837,2365.6297033940036,731.8419801016222,0.794872,123.16
3651.297303278416,1660.1301479302265,733.1969695718194,2402.136456355431,1553.2391228641063,0.820513,66.00
2861.3279880642563,1243.689983103893,1388.3805942022786,2662.6258189915084,1843.9756156380654,0.846154,102.92
2070.808987358286,1780.53877795748,2663.836951771382,2360.9801706465996,1123.835112266253,0.871795,110.73
1181.0720763551553,1986.373286376063,2425.912769521838,2031.475065939287,2375.166801807657,0.897436,151.05
3675.6799005232992,1032.0665193174884,744.4884706825031,873.865986374679,3673.899123102031,0.923077,145.27
2288.7779979510256,741.7245760838167,1465.567606544083,3031.5470773251914,2472.382742095884,0.948718,114.11
2255.0812350981028,2557.208439678775,1307.9450980316522,1120.1292116371012,2759.6360155543703,0.974359,161.62
1942.0947442364823,1093.5620060573754,2378.520861115122,611.0455778897752,3974.776810701245,1.000000,111.88
1501.6074126896683,2178.3033851871674,2575.994909342398,2855.7423728654608,888.351919915305,0.000000,0.00
1480.6172229716406,2447.2370051140574,4033.2056791078253,693.1394232977239,1345.8006695087518,0.025641,0.00
1814.2991423794235,1112.8551840342102,2731.3449016451586,2388.220333721551,1953.2804382196566,0.051282,0.00
1788.0433537906642,474.8448546390014,2626.741943216966,2754.7591788799105,2355.6106694734567,0.076923,0.00
1757.9723807188714,1877.8475942481944,787.9234520171584,2323.618686418023,3252.6378865977513,0.102564,47.26
1922.8877157742327,1375.4149923248776,3079.161716506115,3082.6242114263987,539.911363968376,0.128205,52.87
3289.7094113968515,854.0746761236152,1573.6207802951612,3214.635939845453,1067.9591923389207,0.153846,0.00
3252.003540147675,1650.9334489552596,2213.168302491719,2409.71960222078,474.1751061845672,0.179487,38.12
2092.469039832018,1273.225959545664,2333.6568621629863,1398.425341830167,2902.2227966291657,0.205128,42.71
848.0863628295741,2180.118074905244,2452.7972251767847,2567.2604319994525,1951.7379050889451,0.230769,68.01
1967.3243387385232,2297.3473281903885,1807.369876612439,1839.2024619405177,2088.7559945181324,0.256410,24.99
1851.0642763829837,1326.56558492796,2425.5115430330184,1856.6478205746423,2540.2107750813957,0.282051,49.07
2112.1478947490623,1136.9907590701607,2090.351475196788,1991.1276391120239,2669.382231871966,0.307692,74.30
646.2912973327406,2110.188196060892,2657.585050223414,1880.7427499262358,2705.192706456717,0.333333,62.44
1813.3407544347685,854.1396134548164,2796.6646954155212,3257.1042070963063,1278.750729598587,0.358974,69.11
1850.089533726567,1825.6440379001258,1348.1607801203857,3993.5161354451793,982.589512807741,0.384615,85.71
500.0664745904032,3487.0054530091884,2812.8500832618683,916.899975774369,2283.1780133641696,0.410256,59.82
825.5016239799475,3337.8455333186507,2615.342486095873,551.0524093936326,2670.2579472118964,0.435897,48.35
1718.8365038056813,934.8124377160025,2619.245859541292,2167.9814842014803,2559.123714735545,0.461538,76.59
1322.9765114607028,3427.5991391420116,3213.341429569026,894.3020309258195,1141.78088890244,0.487179,93.67
3043.165332116051,1121.4910177369704,792.442741199999,1511.0570968221216,3531.843812124858,0.512821,55.78
919.8323803359252,3662.28497010441,1974.7389247832195,1491.2440824237183,1951.8996423527265,0.538462,64.33
2293.8862291687947,2938.6138821481536,2528.7485972498926,825.9515357685838,1412.7997556645753,0.564103,53.74
2616.5662801646426,2565.96788414436,2775.0525514140018,1358.2666068644826,684.1466774125138,0.589744,72.39
1623.1131496365592,1940.402717738144,3441.0719316688,820.0535122183412,2175.358688738156,0.615385,64.65
1650.972482058489,1765.5746089964036,2938.5190539107934,521.4863692922696,3123.447485742044,0.641026,75.85
1803.4186631073417,2551.641800743755,2585.305112133288,2456.0911545707727,603.5432694448436,0.666667,95.98
2053.7734676627674,661.8280535527884,804.6382423619559,3274.2539701181126,3205.506266304376,0.692308,67.47
2305.0878958936196,1621.875000993307,1334.144157182424,2895.594031931548,1843.2989139991018,0.717949,84.03
2645.0404228011766,1068.9965055466864,2235.222094003074,1687.2445723753215,2363.4964052737423,0.743590,60.00
2911.8930155472663,1630.57203375011,2780.9349348799437,1800.940687930038,875.65932789264,0.769231,75.53
2653.2704258141107,1329.550313186071,2598.0570460473114,502.78080888678363,2916.3414060657233,0.794872,102.88
597.7955494939184,2689.765323569711,2071.5662708128934,3062.451544234717,1578.4213118887617,0.820513,136.62
881.9186495542925,1734.4955157176626,2762.677966278142,1976.1508212467218,2644.7570472031807,0.846154,82.42
1618.2450834967206,2127.833857490188,2100.0047887351343,2273.0322672768707,1880.884003001086,0.871795,77.16
1962.337666686927,523.7343070121426,3197.070252678736,507.20935596566136,3809.6484176565345,0.897436,146.53
2263.7166719819243,962.1679919530893,2198.051953451521,2309.478804298751,2266.5845783147142,0.923077,101.50
2931.258852571534,1590.8434416476882,1851.246019255032,3108.269973874895,518.3817126508517,0.948718,116.80
1446.2463217867064,2400.3159932348535,2180.1837347920277,2827.6582995430977,1145.595650643315,0.974359,104.87
3851.5705615242923,1155.4311838178085,3242.959472266772,825.7684195603555,924.2703628307717,1.000000,114.77
3001.8255977486424,874.5655935714888,2197.8848406079114,926.8029594490808,2998.9210086228763,0.000000,0.00
2768.3591699568633,2571.427147825141,1423.9668401437284,1553.9514895706009,1682.295352503665,0.025641,0.00
712.8316298858448,1663.800322715385,1485.2320571449807,3870.6232653816623,2267.5127248721274,0.051282,22.97
3409.9089124780244,1334.5026942444902,1801.5857967408515,1176.5208185463723,2277.4817779902633,0.076923,0.00
1196.0103913555813,2403.8252749688963,2718.830774723971,1162.8221833370694,2518.5113756144815,0.102564,57.20
1198.3840282970127,1571.0979971736272,2880.0493054928534,2118.457246545253,2232.0114224912536,0.128205,16.09
3407.888968570651,473.88150117765485,894.659282544843,2919.6709192803346,2303.899328426517,0.153846,19.98
2331.2363240705904,1425.852149144952,1765.3515005741694,2515.0369868773214,1962.5230393329673,0.179487,5.36
1361.8582089290367,1431.7017929840624,2409.0003095604116,2848.5338198684176,1948.9058686580718,0.205128,29.36
2773.8832146658883,1270.0327756480735,541.9198729452966,4249.210650676477,1164.9534860642652,0.230769,46.94
395.3029547899417,1863.8162620775604,2213.0114370259944,2941.8645184960124,2586.0048276104903,0.256410,2.52
1755.1901578046136,1112.5156678735664,2515.0999630157053,1235.194478306043,3381.99973300007,0.282051,11.07
1888.0800519710074,450.3599518370869,3120.2359286770993,1858.516314249038,2682.8077532657694,0.307692,42.71
564.4974929117676,4320.390344893125,2120.9529057482514,2100.8718540003465,893.2874024465107,0.333333,27.95
2373.6270361239594,2283.1161794668474,1526.5408755676426,2884.9787896606163,931.737119180934,0.358974,81.51
3413.572644280972,852.3979405344468,3549.570275635263,1578.708402980035,605.7507365692832,0.384615,83.28
1101.3840303786835,1623.3792210760569,777.3068202691127,2975.0365987439272,3522.8933295322186,0.410256,86.76
2369.1772799507935,2463.847939103846,2710.100310371489,763.1545472675415,1693.7199233063297,0.435897,94.57
2336.255955155978,1376.6812346524314,2133.6463336707166,914.0367450505526,3239.379731470322,0.461538,98.17
674.5353114855667,903.3625384523505,2955.383297841769,2300.4649333190873,3166.253918901226,0.487179,101.59
3086.4556174536287,2116.911955010575,1248.9813205778262,655.7693026075925,2891.8818043503775,0.512821,81.66
1432.0673548344805,1872.7416783613835,473.362504987579,3126.5182434274884,3095.310218389068,0.538462,94.25
1152.3235346790389,2400.448007075195,895.3066786388309,2711.6583727407824,2840.2634068661537,0.564103,65.07
2536.2847509315893,2352.331130429783,2604.6939258288407,782.1997920530221,1724.4904007567652,0.589744,82.01
2174.66938035766,2420.958549497459,468.97042709641846,1763.2492632986464,3172.152379749816,0.615385,53.43
2213.629395883011,2460.4922308281834,393.77004147074916,3143.4880502038955,1788.6202816141601,0.641026,99.03
2208.5506684814836,2102.3674532289924,1306.1752723592836,1879.2344606655201,2503.6721452647207,0.666667,118.55
2671.313909923237,1970.68390799544,1251.5660963436135,1054.4628175190112,3051.9732682187,0.692308,110.53
2414.906772332558,2672.717873188386,334.6660490133338,2231.3032710987163,2346.406034367007,0.717949,129.20
2334.6385420116817,2170.2764935717764,3207.9653978746705,979.3233885143801,1307.7961780274911,0.743590,94.56
1504.4153799115777,1332.3369946263265,1751.6449923222478,1587.842161022279,3823.7604721175694,0.769231,62.65
485.8033842869894,3573.694476743191,2105.8138502588754,1286.4497225888133,2548.23856612213,0.794872,128.72
2414.7745965039876,1724.875428354956,1500.4110210769713,2914.1161775839482,1445.8227764801366,0.820513,90.42
2194.7906751885885,1620.950738229265,3946.24438457583,1629.0433116901704,608.9708903161464,0.846154,90.06
2253.1327968233654,1882.877837898509,1902.450363960151,1736.6263750812784,2224.912626236696,0.871795,116.66
1704.7467910652283,484.22697792250307,3359.287743543016,2724.6817117841724,1727.0567756850799,0.897436,88.49
3046.5742424698547,3340.805557504102,1416.2429369065078,1090.4262739428575,1105.9509891766786,0.923077,98.77
1649.741007367823,1274.6143137846568,2630.0774286241,2486.300114911115,1959.2671353123048,0.948718,144.70
2615.234133928589,3612.205226046621,1483.5590989485547,1148.5771899607073,1140.4243511155269,0.974359,122.47
2529.725308926733,2690.833589756576,2277.2273205831984,723.1237555699433,1779.0900251635499,1.000000,158.77
3037.8884013159445,2704.3232632276618,1239.8156285765913,2093.2977780652864,924.6749288145173,0.000000,7.86
1707.3317607937715,2951.7502505597313,2955.5208959192373,1016.3600936619218,1369.0369990653383,0.025641,0.00
2734.689309299728,653.7060878207501,2701.3866437943952,1474.3751412419042,2435.8428178432223,0.051282,46.73
999.5963612543328,2465.787232896853,1276.4740275519014,2539.7020552982376,2718.440322998674,0.076923,0.00
2304.7930203431215,1559.249619699916,1987.1632494628784,881.187946825572,3267.6061636685126,0.102564,20.26
780.49474861634,3341.0585463922057,2985.0328972463867,1353.0285177177777,1540.3852900272898,0.128205,8.28
3149.0235636320667,2824.787969010793,548.5092170416494,1497.0659342329936,1980.6133160824966,0.153846,49.20
1482.9090081706795,3485.4872914314356,1002.4071996675912,1652.0633498068357,2377.133150923458,0.179487,1.36
1735.254690081109,1946.2744711350467,2058.0283969149627,2862.6370590726433,1397.8053827962378,0.205128,54.45
2566.648079734685,501.02372841017126,2811.7171951474743,560.7789748651245,3559.832021842544,0.230769,0.00
3456.0305367599644,1557.7712924450782,552.0621170336856,1705.2117556205897,2728.924298140681,0.256410,19.79
2570.6797744281675,2851.916084998942,2461.8391937238775,638.7181504381862,1476.8467964108268,0.282051,40.46
667.1626934559181,3373.5189732345734,1491.5727985746453,3560.2683921643593,907.477142570504,0.307692,56.70
1850.0031306375645,1041.292084189573,2891.3023954642586,679.662372191267,3537.7400175173366,0.333333,35.41
1938.1796175886311,2153.984093399806,1898.0888135543016,578.0442668270553,3431.7032086302065,0.358974,15.40
1441.9110600486624,3736.8179809212397,679.6273343527448,2671.882856210769,1469.7607684665836,0.384615,47.81
767.2720412697957,2196.0891963779604,2655.520464627144,3021.671051687646,1359.4472460374532,0.410256,48.21
1792.1743576295203,883.3882677881134,2327.137115015912,2395.8231038694453,2601.4771556970095,0.435897,35.88
1264.9351198033205,610.656658561023,3073.476899207843,2408.6336516777296,2642.2976707500843,0.461538,54.18
2009.0903215148385,2283.525544472711,1371.527261795849,3193.4310219525423,1142.4258502640612,0.487179,78.52
917.2826816767384,3775.5978365207025,1179.9438458561456,2864.826545878371,1262.349090068043,0.512821,64.08
1076.6806683930847,2462.6577768073544,3092.304419041979,2792.269740138405,576.0873956191768,0.538462,92.24
1890.9489056770303,2444.2280261294927,1074.0086768359306,2254.966279080611,2335.8481122769376,0.564103,49.44
1635.1183414288032,1835.2439719420613,2318.622673781651,1028.1169324666198,3182.898080380866,0.589744,55.16
1186.5665856560586,2374.446284587286,2961.7347357939234,1154.0324163663765,2323.219977596355,0.615385,39.40
1208.446709923916,2458.7134588335057,2210.8829894648666,2270.028445151422,1851.92839662629,0.641026,117.85
2104.836353380062,1047.4871637828626,2306.62529972285,2864.623122788281,1676.428060325945,0.666667,80.89
2898.0641850912425,2132.07130345298,2625.6044290238,1238.2866409302112,1105.9734415017667,0.692308,71.12
1627.0505275422481,1825.3110096451844,2315.7217221881147,3168.2623809868824,1063.6543596375711,0.717949,117.45
3340.1867843075875,1973.4911661068013,723.3544264332106,541.5696050269722,3421.3980181254283,0.743590,79.96
2290.8308536517425,1422.4962368350386,2314.745379748964,2991.713426852874,980.2141029113815,0.769231,105.87
1323.6347173931958,2720.7298170801396,957.8780887277886,1889.5673367762338,3108.1900400226423,0.794872,70.26
2830.7335016004563,3161.451380026203,1037.6056049753995,1559.8330820500023,1410.3764313479387,0.820513,104.09
2600.8173441542385,2316.298501263467,2410.3670985160743,1744.168381499466,928.3486745667535,0.846154,103.85
2353.606826082904,2034.7808976356773,825.9011299198431,2557.9459664140218,2227.7651799475548,0.871795,115.66
2002.8125086356702,573.0339848157614,2168.1884463936462,3219.6023213734156,2036.3627387815072,0.897436,109.77
1815.6167637551916,2713.591512116033,3964.9790600603396,985.9225870105643,519.8900770578718,0.923077,155.08
2489.701496917227,1451.1392487460064,2843.461919602045,1044.4876935144866,2171.209641220236,0.948718,121.27
940.2599005706563,1424.9592868215937,2513.7994157245425,1866.3798880148565,3254.601508868351,0.974359,112.46
1399.5852527045554,1992.1084665535407,928.2714137774117,3315.553158205949,2364.481708758543,1.000000,160.10
1743.0529658372425,2901.0782185160265,2736.184049331972,2105.8513254567615,513.8334408579985,0.000000,0.00
2694.7546357437245,1005.3978791245881,979.2006601005241,4356.914221809911,963.7326032212512,0.025641,12.00
1866.7271001678816,2819.63900449013,1709.9886285443554,2400.260887084528,1203.3843797131035,0.051282,2.51
2157.489045804899,1120.9633401607375,1161.8174853110559,2143.4342972953177,3416.295831427991,0.076923,6.47
1407.2684190617551,1617.4158326567808,3345.1712399689936,3058.157149575071,571.9873587373995,0.102564,27.16
3246.3055923814964,2170.7092992251673,1203.2710154343854,550.1513719678544,2829.5627209910967,0.128205,41.13
1160.7480729855986,1000.5917325364862,3111.2410951571924,3953.630172991129,773.7889263295954,0.153846,60.61
2176.7741769455693,3231.358289769499,1400.0341535434895,663.1155042905681,2528.717875450875,0.179487,64.39
1967.757296624821,1218.8959071355525,1579.8592343552918,2231.317084910374,3002.1704769739604,0.205128,57.70
811.1636515930578,1637.3519820921333,2322.8605495844176,3147.3798012997445,2081.2440154306446,0.230769,23.40
3118.164029612972,1028.3624003881716,842.3344561915776,2647.175255717082,2363.963858090195,0.256410,71.67
1984.5038904822193,2463.8389056754663,2588.3489587801114,1530.4323130593607,1432.875932002843,0.282051,50.65
1246.0884975897004,3101.0356442753396,1226.81229055015,1279.7903633603555,3146.273204224454,0.307692,68.59
969.0236598938926,2890.0985893110646,386.7207837697723,2400.1454388654047,3354.0115281598655,0.333333,77.33
1858.9791754227815,2734.0094606801417,2261.997506810974,526.3293512551858,2618.684505830917,0.358974,13.99
3188.721667788242,2933.760686442016,574.4111546580533,1776.5836189921547,1526.5228721195356,0.384615,21.59
2349.03184264236,2174.999678812879,1552.60618833565,1798.0613436791527,2125.3009465299583,0.410256,22.88
1807.5385081711402,2314.44795062896,1673.8001386675926,1861.9597640080194,2342.2536385242875,0.435897,83.54
3069.4384621864338,1244.099020189557,2592.3736167606226,2446.480031742981,647.608869120408,0.461538,26.89
1892.7199170166807,1303.8109439317845,2443.4485963475217,1118.1411513229646,3241.8793913810505,0.487179,68.77
1181.0186746293607,2275.3742787700376,2168.18527275949,2257.621360332822,2117.8004135082897,0.512821,84.36
793.9033623471537,3401.608595783903,507.15583033650506,2138.447592958261,3158.8846185741772,0.538462,44.28
2693.465575893205,3997.0384187480136,1520.5127869698429,668.2204559122094,1120.7627624767294,0.564103,39.27
2264.7902886996853,2429.7977034424184,812.6506757074275,3682.0052439730503,810.7560881774162,0.589744,92.49
1507.2204261457966,1002.1956383377586,2338.3555291614416,2208.5516207825244,2943.6767855724784,0.615385,58.33
1253.2848947889129,1962.5802044867014,2614.8225429512668,3372.971799015721,796.3405587573983,0.641026,55.17
1624.6823452900883,965.8544347990354,522.5947038727901,3115.1219949333795,3771.746521104708,0.666667,60.60
2390.927120622346,2300.8606187106675,1192.3787174640302,1587.2264276169171,2528.6071155860395,0.692308,96.64
1918.1832100526037,2795.2302062283397,2969.15237034704,986.8143782723793,1330.6198350996365,0.717949,109.70
2336.9233676615167,3293.3944870729733,1612.7340869738282,2376.9440894574113,380.00396883427055,0.743590,92.16
1167.1291704728499,3555.5714883440296,3737.9130996821095,703.1707733315054,836.215468169507,0.769231,71.69
493.90561320179916,2937.2496614267934,1959.7340320863104,2411.27409531588,2197.836597969216,0.794872,118.27
2171.100810866086,2793.377562537283,1544.3437923125966,593.6307427227422,2897.5470915612914,0.820513,134.01
1773.2504299885607,3756.20192913661,1492.5238028991648,1378.4180782623162,1599.605759713349,0.846154,84.60
2166.6414537348414,2481.6537752759073,1773.7615917709065,1453.684955772512,2124.2582234458323,0.871795,90.09
2612.408051538687,1451.3465839279145,2096.219272366587,2382.9038478241846,1457.1222443426273,0.897436,110.28
1706.317876364059,2405.8261841289072,2497.36943858114,2808.2247872184334,582.2617137074604,0.923077,141.47
2108.8040943795763,2915.475763383243,1305.1445088210128,993.3920637249844,2677.1835696911835,0.948718,142.98
995.708841305337,3298.0032639656674,1815.233224692487,2833.1756288089127,1057.8790412275953,0.974359,148.75
2620.9134873583084,1607.7167780870566,1684.7450445004447,2793.6187717550274,1293.0059182991629,1.000000,98.29
2779.054164060524,1008.1336272191463,2625.7094898361415,2353.794180182004,1233.3085387021858,0.000000,15.61
1822.2404299784603,2041.9633403458304,1049.5707171741597,2236.5939227240083,2849.6315897775416,0.025641,0.00
2116.303811695775,2961.0639628211056,1281.4346307870098,1648.7046945892791,1992.492900106829,0.051282,22.79
1218.7775277061144,2612.44483412832,2010.1837795310328,1950.1789030338812,2208.414955600652,0.076923,6.05
3182.3465830210116,3159.01706396354,891.5255889241528,2042.9261666086227,724.1845974826724,0.102564,0.00
2443.5352744406955,2996.5844254879175,3062.851737961978,972.6483257412978,524.3802363681123,0.128205,25.54
1795.026380817749,3284.4899183095567,3146.6245490729743,1345.8081487730535,428.0510030266655,0.153846,63.83
431.76150158555595,2686.0189212254154,1108.7478236417228,2798.8521005157404,2974.6196530315656,0.179487,60.56
1583.2611846155,4374.370468669342,1437.9016152975898,1073.8063699060472,1530.6603615115198,0.205128,27.40
2118.1700878534757,1154.7443857744997,2462.6345345721793,2224.657084744433,2039.7939070554114,0.230769,20.17
1242.4037631595318,1134.554239647514,1960.3649058555122,3534.0330562733825,2128.6440350640582,0.256410,61.45
1743.9095037703617,2300.487571380896,2047.3759896472457,2599.5406838994254,1308.6862513020717,0.282051,36.17
711.6333406202144,2184.797933214878,1838.0460868496073,2421.6734894789115,2843.8491498363887,0.307692,81.41
2897.2346123392995,1400.0202179168768,3414.6296888464026,658.5112948114338,1629.6041860859887,0.333333,43.52
925.1688841092482,1589.7107568201789,3098.2373380097974,2180.0429693575625,2206.8400517032132,0.358974,15.58
2978.08833598502,2646.067898702798,1684.5177920609613,1411.545026414326,1279.780946836894,0.384615,83.77
2135.479505647297,1954.0004176171956,2016.4012281543507,2461.7104909345608,1432.4083576465966,0.410256,31.47
1821.4775916104925,2783.8746610131766,970.1033075002686,810.4550917769886,3614.0893480990744,0.435897,67.74
511.3575143047923,2515.83934414183,1652.6345675548248,2566.1965911823445,2753.9719828162083,0.461538,66.73
1643.0766767347127,1108.4095487650293,1648.67640725203,2233.047118574068,3366.790248674161,0.487179,80.94
1714.633590332757,2188.8383705150372,560.1176182238091,2661.795813492671,2874.6146074357257,0.512821,43.09
1463.7655460367776,2744.489146000111,1857.4622331365713,2342.9236222679256,1591.3594525586157,0.538462,77.05
1313.5326462958355,1811.9201139654156,1727.778612606811,2353.0911563020136,2793.6774708299245,0.564103,41.60
2711.2377058800325,471.22895069817883,2744.0576620350885,2721.2894587858573,1352.1862226008436,0.589744,53.26
2655.761099159961,548.4218131428217,2879.548078343837,2244.4254695176637,1671.8435398357167,0.615385,53.69
703.673587493664,946.7474694354855,2631.753838746424,2829.5539764388927,2888.271127885533,0.641026,111.81
1924.2465748975715,2183.8036577542966,1880.2023420217752,1031.7713840812642,2979.9760412450923,0.666667,108.53
1448.7275865420002,631.4946303909591,660.9020307037326,3565.331940385043,3693.5438119782657,0.692308,127.58
673.7812898593214,2318.9705404052543,3921.263367882857,888.3358114008951,2197.6489904516716,0.717949,91.09
3095.129267562286,688.5523382711874,2244.0954279441203,2406.680481441207,1565.5424847812008,0.743590,56.33
2610.174205048817,1109.1349210858211,2485.9665846120633,2684.746712168916,1109.9775770843837,0.769231,135.76
2243.348136688198,942.6540724174134,1703.5652493683258,2327.632325643805,2782.8002158822583,0.794872,99.00
591.7386712488063,2373.0844445575935,3549.3628234729626,2396.343154165326,1089.4709065553118,0.820513,95.91
2046.1117302206526,985.6557350678471,901.0542972952164,1741.5774085433188,4325.600828872966,0.846154,143.19
2454.9537935538174,881.1703347086288,2756.147993312667,2878.6417963906447,1029.0860820342436,0.871795,133.07
2088.152072045908,2312.984451856692,1092.8779712698172,2065.7520131366914,2440.2334916908917,0.897436,126.89
2027.782625171231,909.3081670790474,2658.4140648877965,2525.321243361213,1879.1738995007115,0.923077,136.22
2174.997400307782,2394.7393599584143,2716.5464462623313,1339.369113383886,1374.347680087586,0.948718,112.23
2343.8275697572412,2478.2083415444426,1682.7563667867116,1767.1305382089151,1728.07718370269,0.974359,104.98
2184.7865578435694,1769.7385617010057,1126.7309192729706,3533.246983771967,1385.4969774104868,1.000000,104.42
1699.59264051546,963.4574939954197,1698.000656067474,1505.381395017914,4133.567814403733,0.000000,0.00
1420.4076466635443,2989.7298866864026,865.1907003356505,3480.655625773289,1244.0161405411138,0.025641,4.83
3116.1410642701794,908.7378315273899,2237.9751141937354,781.3858102197275,2955.7601797889683,0.051282,0.00
970.9159882971836,2347.556098064918,3577.315436422335,2479.7693804175965,624.4430967979679,0.076923,49.27
2326.361326172007,1241.6180156965506,1919.3679570813936,2200.5960952862083,2312.056605763841,0.102564,16.97
1689.1245754162949,2414.0091362602107,3930.112493117432,557.1042376517124,1409.6495575543488,0.128205,49.82
2467.3824013370454,2193.7933382791093,2343.6953765754038,1043.6490840879167,1951.4797997205246,0.153846,57.12
670.3850127579748,2514.0086744617934,3262.135826023929,3086.1580531317873,467.31243362451556,0.179487,0.00
981.2498596895012,3671.800544199031,713.8979849215068,3606.8470352615204,1026.2045759284413,0.205128,68.21
1383.2082164855758,1209.9421623388032,523.4418297475436,3491.42768085797,3391.980110570108,0.230769,5.36
2327.4643204947292,1756.3825639567472,2934.33817142577,1225.1949853357614,1756.619958786992,0.256410,31.13
1592.5958287137194,2408.1009299060793,2330.0751215097434,2187.81767330192,1481.4104465685396,0.282051,40.12
1686.1463608475037,1542.2666072204886,3371.93711101228,1045.9214265963453,2353.728494323383,0.307692,12.67
2356.7648286986423,2087.185304013733,1668.457781125643,2516.802314192402,1370.7897719695789,0.333333,53.37
2508.0412889538875,2240.655247939225,1506.963484705412,1884.2539038951447,1860.0860745063312,0.358974,63.75
383.6274166522806,2992.833899975544,1842.6985277291162,1998.7781340472593,2782.0620215958006,0.384615,23.12
1365.929386897982,919.8275785750737,2839.4141271831672,3602.1545332267915,1272.674374116986,0.410256,58.20
760.1747749575968,3119.711420937546,2775.586118011614,1418.4465078039689,1926.0811782892756,0.435897,55.52
1601.1254076931411,2361.776981207506,1745.6948088788524,2250.3758136282036,2041.0269885922976,0.461538,90.39
1685.0146937343682,4172.318076614183,919.6973410232533,1564.060705244339,1658.9091833838559,0.487179,87.25
2054.2357520463925,4238.313301658178,1278.0766618589869,1766.1027685297086,663.2715159067349,0.512821,66.21
1075.98288594751,3303.3330580667407,1659.981888074939,620.2776646878825,3340.4245032229273,0.538462,39.08
649.8072205532212,3364.599338962739,3026.757614478554,1413.83029932572,1545.0055266797658,0.564103,42.21
2466.080129544751,1514.9685310601685,1631.2391578209808,2621.386680199192,1766.325501374907,0.589744,73.82
2317.4590824653337,381.2131041045037,3275.284083376208,3128.8134468748003,897.230283179154,0.615385,89.81
1947.2302641183564,1537.0180564551692,1762.8398344880786,2445.450142282647,2307.46170265575,0.641026,48.64
1736.83744769674,377.96256281304676,3028.7287350661363,1981.139689434503,2875.331564989574,0.666667,58.57
2923.440063141551,419.5550191330756,1843.247037456207,2880.324218853774,1933.4336614153924,0.692308,67.69
2179.410889910116,697.1340493373432,2867.277141497388,2810.4097193828143,1445.7681998723372,0.717949,123.95
615.0232216055512,3046.8331358808427,3961.004463343865,812.046587081935,1565.0925920878065,0.743590,87.21
2895.610315279527,1900.4461538540093,2759.092922519073,690.9727459325915,1753.8778624148006,0.769231,110.19
566.0148990699848,1986.2741603154432,3028.078789577629,748.3304317735272,3671.3017192634143,0.794872,105.23
3262.0372899892336,2270.108059321487,2708.4409157470413,823.9988580205176,935.4148769217204,0.820513,66.89
1657.6587443892004,592.8887108548934,3992.535567315958,1044.679956467389,2712.2370209725595,0.846154,122.31
1663.5290068119887,2856.4132406703475,2455.9059276827193,904.0852429909673,2120.0665818439766,0.871795,134.94
2014.8635053376804,2496.2768418417004,3968.6359850526587,775.7915540582873,744.4321137096733,0.897436,77.35
3221.834563040368,1559.8611154902003,3099.6083737001773,1287.0229104787393,831.6730372905154,0.923077,112.03
1999.5849744834609,2988.526495110896,2605.729154694895,1263.9216543074865,1142.2377214032624,0.948718,133.69
936.1544518750616,2920.4735907434037,4489.811581585385,969.3617949318833,684.1985808642678,0.974359,83.95
1668.2682398020547,1557.94897430057,1113.5781038955415,2845.379403762508,2814.825278239326,1.000000,103.74
1989.0836740166478,1011.2570468623019,3099.376406854271,1453.6884952296032,2446.594377037176,0.000000,31.76
2445.5325266093314,1845.1309335952556,1662.1861203580008,1115.1406894701488,2932.0097299672643,0.025641,0.00
2955.968273623342,1333.746435103329,1805.7784044387438,3102.357711176554,802.1491756580316,0.051282,18.13
1648.471614504716,2045.8634600931266,1327.5281478476743,2390.5427362792398,2587.594041275243,0.076923,46.25
896.3924366601636,1450.014013054786,1310.4125213796788,4155.635618874648,2187.545410030722,0.102564,14.06
3028.591330026431,639.2791842566098,2090.7467660326297,2478.055094837055,1763.3276248472755,0.128205,42.08
1728.619346993614,2834.6744835771133,2278.5306371218717,1711.221498301929,1446.9540340054707,0.153846,44.29
1275.495039683587,1596.0746653206106,1023.6958353253546,3210.6436561766573,2894.0908034937897,0.179487,62.60
2155.743254101555,1342.9152753188882,1541.7550119979442,2797.9591021492565,2161.627356432356,0.205128,54.37
2062.6634364094984,2357.129924285432,3240.618850645831,764.934093453092,1574.6536952061456,0.230769,1.88
842.8541448550745,1066.602907612889,2529.3145864241615,2663.3999631746037,2897.8283979332723,0.256410,25.27
1013.4707671029963,800.6407672798138,3218.78817689605,817.2414300511788,4149.8588586699625,0.282051,8.44
2059.0553878829182,3509.6229362008366,1700.006137729521,594.381561580139,2136.933976606586,0.307692,3.43
2652.4505635970854,2697.5154097742557,1626.9049563233395,2083.593218853253,939.5358514520657,0.333333,40.48
3106.811339773399,1931.5565486042374,2974.9701663745905,835.2952333589672,1151.366711888806,0.358974,24.37
1867.986220005939,1752.8597658359986,3740.9044250375496,1299.6630642877947,1338.586524832719,0.384615,44.86
2921.0532617213307,705.2987798667597,2622.2354451892666,1045.957228553422,2705.4552846692227,0.410256,66.67
1188.3424492739307,1407.4190173359868,3004.9077037833567,3785.812646792841,613.5181828138842,0.435897,96.99
3364.9567771541106,1784.8955917966857,1250.852980261224,3061.620587082332,537.6740637056482,0.461538,52.55
1107.6685725436862,2801.2815624036307,3229.7036393027684,981.7076546075516,1879.6385711423627,0.487179,27.14
2035.6493252864584,2478.300327201113,1291.1727197089494,861.993196597214,3332.884431206266,0.512821,57.63
2692.4227316102597,3336.5835808457164,1909.5916557234816,466.5028725386822,1594.8991592818606,0.538462,34.98
2879.4494468157563,2276.4636520235326,897.5741611715574,1746.0765424430615,2200.436197546093,0.564103,104.37
2550.1187764134265,1608.2853416769603,2003.3696097304673,1659.9094314498016,2178.3168407293433,0.589744,76.59
904.5972707810365,2900.3487018331666,1814.7868412118544,2911.184977473273,1469.0822087006698,0.615385,91.89
2724.615547865461,779.4660017224679,1572.7436364355353,2603.443403208398,2319.7314107681373,0.641026,103.09
1863.07925724175,1850.4066952467763,2209.8075225847538,2249.1833115189684,1827.5232134077537,0.666667,50.43
1441.1418739114388,3050.0392710071965,881.350517840261,1802.6140378776,2824.8542993635047,0.692308,92.47
1287.223084609188,1532.3824569650183,1918.8400807646929,2700.9507742773535,2560.603603383748,0.717949,101.75
1242.8781070866569,2782.094434481432,587.2838071664087,2868.369509461372,2519.3741418041304,0.743590,93.25
3221.822375063934,2292.881380927429,2291.6931599026593,1185.2727408084552,1008.330343297523,0.769231,125.72
1130.718746970036,2291.3299096471374,1928.1180791559964,2892.239401856098,1757.5938623707334,0.794872,73.28
1493.2046996329059,3318.0900681744997,1417.2619802270951,880.5248924979172,2890.918359467582,0.820513,113.22
2150.491085237318,2447.9957533132697,1776.2528973160804,1923.966013890994,1701.294250242337,0.846154,98.92
607.0271665529659,2785.598087976999,2151.478755609703,1611.0236813604329,2844.8723084998983,0.871795,123.19
1965.1541146994728,1842.8906432245128,1396.4082568351002,3142.7242590468045,1652.8227261941106,0.897436,108.17
2095.420686258235,2001.8575998169736,2748.7600101840226,633.9112852249137,2520.050418515857,0.923077,141.26
2296.6841269991855,1202.867930912242,2183.7965897473123,2125.493233270947,2191.158119070315,0.948718,121.35
636.6054634855641,963.2626970766086,3938.483104899417,1998.6727118981776,2462.9760226402327,0.974359,125.35
1668.4842501587493,1523.3878144372957,2255.7749221111458,1554.4038158929304,2997.9491973998797,1.000000,157.80
557.4896693661595,2341.763910848851,1089.9334448801562,3376.696603881479,2634.1163710233536,0.000000,0.00
2465.4122843468144,853.8746648636342,2383.622115487995,2221.9981701081965,2075.0927651933584,0.025641,0.00
1810.5089518849297,2229.438037446227,2607.229941054974,1438.6097981125265,1914.2132715013424,0.051282,10.30
1757.1224575213703,2716.01695243649,2665.9779219616967,636.354541780559,2224.5281262998833,0.076923,26.12
1300.7924157145235,2367.964648181917,3445.067711433512,911.6464813417583,1974.5287433282895,0.102564,46.43
1026.8767125333725,2291.2216496481815,2811.0774294756675,2085.3329478256273,1785.4912605171512,0.128205,51.35
2294.6496138059106,764.5535761184643,2744.2014138244226,1425.91715208264,2770.678244168564,0.153846,62.93
2852.8316101060577,1436.3318259109528,1476.4188206300043,2291.421342056648,1942.9964012963364,0.179487,30.02
2484.411357042616,970.3163147641155,1236.389736180715,932.8549002248983,4376.0276917876545,0.205128,9.95
1127.3455932804195,3249.913488437062,2882.032134168452,2141.3670483295923,599.3417357844748,0.230769,24.59
2260.4912764778032,2554.571089745356,2149.821725502484,2094.9554385698366,940.1604697045213,0.256410,42.18
1887.799875036497,3273.1422654215635,1938.6211902539228,2401.7416345368297,498.69503475118677,0.282051,73.87
1168.5389128013392,3120.997485764576,1321.8290043344598,1395.991794496516,2992.6428026031085,0.307692,33.62
2542.7246251295787,2651.891866519122,1918.650497171671,1891.0688910852678,995.6641200943602,0.333333,47.49
1511.4909733772636,1951.923643514885,2067.5855463309963,1366.5969285869796,3102.4029081898757,0.358974,78.99
2695.0276436985305,2160.0827756495087,1461.538310774843,1392.136181141263,2291.2150887358544,0.384615,37.54
2282.52417412987,2131.333577167863,2559.8266654524505,1418.2357639177837,1608.0798193320313,0.410256,62.81
2781.5797069522487,518.3076824466558,2834.0397184790313,1173.6548281281273,2692.4180639939377,0.435897,96.17
2347.811716846126,1688.6717240705543,745.5956132162678,1649.4557546710796,3568.465191195972,0.461538,81.14
1052.3608444687216,1777.8638691087697,1466.1118934035974,2837.9318198921437,2865.7315731267668,0.487179,40.85
1654.2114231652267,3456.4454564011817,2130.6289893714693,1124.6803163237337,1634.033814738388,0.512821,69.64
1115.531919013892,2972.926592333154,857.6137416423139,3003.167051519411,2050.7606954912276,0.538462,91.59
2441.8552316551327,2223.9492128895376,921.3164025127769,1802.0997437478256,2610.7794091947267,0.564103,44.90
2212.6683465794467,1284.969643206135,2021.705059409862,1494.601034176644,2986.0559166279113,0.589744,46.38
1206.6390491602294,2829.9597953776347,2048.3991993089194,769.3740588324791,3145.6278973207372,0.615385,43.86
1978.1760741365038,2722.8101542289774,1352.1437720355896,3098.8376339103343,848.0323656885947,0.641026,98.97
1102.4465989909972,996.4822656273108,1664.5829433479805,4973.609086602273,1262.8791054314383,0.666667,106.18
2999.24614602495,1149.096862940199,797.7101393623585,2319.299570526751,2734.647281145743,0.692308,108.33
2646.7907802637324,2498.632615837685,697.3677476934672,2104.928849265128,2052.2800069399873,0.717949,81.04
2995.683869748626,2314.493096379644,665.4558632920315,1068.19684473673,2956.170325842967,0.743590,129.76
692.3768989374414,3842.6745460255775,973.9323910193024,1089.318326778752,3401.697837238926,0.769231,73.25
452.79084654024723,2351.579060416869,2802.757576141112,3184.0413354636758,1208.8311814380952,0.794872,95.32
656.2439086481016,1748.3178374894792,1783.4652027093757,2603.547014048073,3208.4260371049704,0.820513,76.93
2577.912354361779,1563.6535442498155,1894.2694297697062,930.9550375887767,3033.209634029923,0.846154,119.72
1825.0294387517706,3301.6356187112374,687.7539336916203,1456.564642679708,2729.016366165663,0.871795,136.86
2678.84516359731,1699.0545165210326,2306.1236728749022,2756.835428826502,559.1412181802538,0.897436,143.16
2663.9200295894525,1652.421835757156,611.0877284781787,3117.047221359581,1955.523184815631,0.923077,110.70
1331.6295227287885,1247.1753721901582,1422.70501289092,977.0175137377552,5021.472578452378,0.948718,104.51
606.1080943908897,2573.0811130395887,1771.0508810214205,2361.6389627604353,2688.1209487876663,0.974359,83.03
1252.4341981971404,2173.2470509125064,1142.0116778055935,3785.653462973794,1646.6536101109666,1.000000,129.89
852.1688998642267,2750.965047435875,2636.7043440310613,2371.5928331019745,1388.568875566863,0.000000,22.23
2983.359795928761,725.6017486204303,3617.877502544843,799.3687197382386,1873.7922331677287,0.025641,34.97
4250.143745248769,1279.3959693237246,2691.537599403469,967.1192234007148,811.8034626233259,0.051282,30.61
1462.658537297783,722.6852578471323,1336.9419475691184,3643.205632086667,2834.5086251992993,0.076923,0.00
596.7164367153013,3055.2155626537806,2611.2513272250544,896.0439364375486,2840.7727369683157,0.102564,38.27
2111.104250628193,2093.995524487624,2391.275184125121,1425.3321263462772,1978.2929144127831,0.128205,26.46
1933.127828419503,2358.98539030875,1776.599688518615,2294.9988953951806,1636.2881973579526,0.153846,30.09
2277.3256007373625,2451.6656238998835,1069.4134800084594,1577.826928686123,2623.768366668171,0.179487,8.76
3250.2117958680005,1266.5863594081166,614.6787712238191,2042.024656732924,2826.4984167671396,0.205128,37.95
1707.3535783424911,1251.3534912781363,3331.7112411025023,1350.9944803115975,2358.5872089652717,0.230769,40.75
2359.1801658795052,2940.239772843406,1439.3220582862596,2375.082668854602,886.1753341362266,0.256410,5.09
2046.4022864503281,2004.9937929459272,2263.884986124196,1314.4107668951492,2370.3081675844,0.282051,28.33
2295.209429935879,1438.3317224403086,2121.2077062482713,919.577988762424,3225.673152613117,0.307692,24.71
2191.9360751018717,2193.583091575914,1634.073388213009,3076.4611401182237,903.9463049909837,0.333333,39.91
3043.2190411754973,1697.9576125581775,1300.43858667988,1813.6958306611762,2144.688928925267,0.358974,48.50
760.9853117862193,2217.830668006707,1176.6883304274654,2998.6305032915634,2845.8651864880444,0.384615,60.19
511.91817732209256,1397.297637587411,3769.6663274868324,1408.2142255224182,2912.9036320812443,0.410256,38.82
737.5863065083337,3276.4558354827755,977.5943903367021,3510.375552128917,1497.987915543271,0.435897,62.94
1119.623003067068,2335.320693650178,3673.187792391039,1172.0464684826193,1699.8220424090957,0.461538,24.82
1899.5031958004417,1197.9543397470568,2888.148202042626,1405.2531217542019,2609.141140655673,0.487179,64.68
762.0257907027046,2997.266753119896,1076.1911456826215,2046.400280550575,3118.1160299442017,0.512821,103.93
1743.8331532812965,2536.174387178328,3464.6189485810114,1475.55372936162,779.8197815977447,0.538462,86.56
2314.6933880510082,1927.627088984218,2634.5426900277407,1274.5161967533372,1848.620636183695,0.564103,49.09
1563.1756642977052,1534.8235822160923,732.7722636687865,3201.830243300494,2967.3982465169224,0.589744,112.45
3237.756857612413,1041.2288237484263,2429.7493550155923,1534.7825857099244,1756.4823779136443,0.615385,47.24
2218.261354843303,1398.841596019901,3113.9853090000024,1518.9924953134225,1749.9192448233725,0.641026,74.42
1401.7724259542235,2156.70742249113,3999.6538361742805,723.9253547109571,1717.940960669409,0.666667,90.24
2271.9718721116683,1165.9169447857712,1695.9477368441817,4139.265624397653,726.8978218607259,0.692308,67.92
1746.2537717863747,2377.572085753542,2178.588016041225,1442.1204063140592,2255.4657201047994,0.717949,69.65
3073.0718794220024,2553.9676373870843,643.2033662000517,667.6286423762107,3062.1284746146525,0.743590,114.78
1929.8111895187951,852.1064612607655,2299.67231338058,2250.928850895689,2667.4811849441703,0.769231,95.30
2512.873151688506,2703.729208215784,926.2078250017089,1621.00861166955,2236.181203424451,0.794872,106.57
3229.764683754872,986.7039526396239,987.9951021124485,1932.0822062658638,2863.454055227191,0.820513,67.95
1399.8637620210832,3046.2754659063785,1113.492750580349,3497.3399895765256,943.0280319156648,0.846154,102.64
4240.4355763968715,1224.7559194907676,1629.0846144123627,2126.5970973529566,779.1267923470405,0.871795,139.91
1072.9634461616158,1179.2045670742284,3162.150147077554,1935.5670055750022,2650.114834111598,0.897436,135.65
2447.8819381833687,1305.4942190305476,1818.4097213117568,2202.081033892326,2226.133087582001,0.923077,124.49
1109.1452102227554,555.7995099058277,2966.5552130457,3902.904565127393,1465.5955016983244,0.948718,129.29
2381.000162134062,2378.5161025725097,2347.5728657747704,1963.1168591190997,929.7940103995588,0.974359,130.27
1391.8230138315948,1347.0883868738424,2634.5573412017507,2294.7164730212717,2331.81478507154,1.000000,138.03
3573.445889626461,1242.4802710683455,2866.497174234989,1736.8975704314223,580.679094638783,0.000000,36.12
2624.1764658863813,393.97285734601707,2940.3138767067967,920.886495728248,3120.6503043325556,0.025641,0.00
1971.7153654846784,2552.948008471608,2303.8544154001497,2486.15118431738,685.3310263261833,0.051282,0.00
1030.7265362399405,3425.281632844887,1336.6835380050868,2491.271628551293,1716.0366643587918,0.076923,37.92
777.774546325175,1761.8064807300925,3081.781956759278,3200.1615350374623,1178.4754811479922,0.102564,0.00
1340.4911311398532,1132.3145038135658,2518.0953282805704,2437.50737492923,2571.5916618367796,0.128205,23.09
3519.321562763485,662.586059074208,2530.915472522611,2387.5546320492917,899.6222735904042,0.153846,46.01
1547.3000675321703,1636.5873550828128,1756.007114664716,4449.8738070975305,610.2316556227701,0.179487,3.75
2840.8943594730704,1364.9491790400753,401.91014218874244,2956.143347321886,2436.1029719762255,0.205128,38.97
2522.160946278549,1972.8607884934822,3098.652335667284,765.4023250013108,1640.9236045593746,0.230769,15.64
2842.5016838627603,649.7938637783634,3104.430684894141,2807.105619362338,596.168148102397,0.256410,46.15
663.9336744612419,2174.875723433995,683.073813892801,2995.107545845942,3483.0092423660185,0.282051,16.91
2025.9736382710864,568.0046518286791,2841.168218960501,1510.3502442679535,3054.5032466717817,0.307692,61.65
2834.6903728671064,446.25779757957093,3374.8579326383465,2287.7633899604975,1056.4305069544798,0.333333,39.16
443.36771188667416,1268.579063534963,2828.123828736042,2748.1864532197824,2711.742942622539,0.358974,26.50
612.3398144663793,3133.9735198149265,2110.997541435662,2727.5213818059606,1415.167742477072,0.384615,64.58
1103.8219335169176,929.5366075164119,938.6896678538104,4693.105024080545,2334.8467670323143,0.410256,90.88
2862.2814654367476,1494.413372007831,3232.6312561834025,1177.185870329064,1233.4880360429534,0.435897,62.03
2894.6148363766315,727.0712242641744,1857.8132240079074,2876.8477340639442,1643.6529812873418,0.461538,98.11
1097.035370025444,2258.726158573729,2269.129994464348,1966.1031845566233,2409.005292379854,0.487179,32.80
1161.9876216330772,1190.4794051633532,4207.347762027585,675.9990308023165,2764.186180373666,0.512821,102.75
1143.7900011223046,2306.7596606543316,1968.1195641373079,1733.8463835654477,2847.4843905206076,0.538462,99.82
2011.918055839826,2078.201560123103,1294.507670941658,2832.86288481691,1782.509828278504,0.564103,91.70
1933.1385353216508,1414.174158941921,2124.4472062386544,605.5131191644856,3922.7269803332883,0.589744,42.31
3017.318891424734,865.5850480166099,2161.600215654815,2325.39561239138,1630.1002325124614,0.615385,68.05
2813.419855744866,1302.7628687221752,1535.6536179692578,3186.3857140151276,1161.7779435485736,0.641026,58.85
1192.247380438658,2430.031452085717,2100.8037245285436,1364.9883821111862,2911.929060835895,0.666667,110.86
2955.1070793903323,1683.4049743085984,1237.4880384105716,781.3224207110748,3342.677487179424,0.692308,118.55
1203.1574068314521,1040.4129338546768,3225.645485763014,3167.656144733436,1363.128028817421,0.717949,118.65
4664.259954309971,1257.351869565193,1679.2361622425785,1014.6579580139429,1384.4940558683154,0.743590,98.07
2688.324395884773,780.4115184852564,2504.6113511035796,2013.7208215248752,2012.931913001516,0.769231,72.85
1915.5481703170324,1097.0813756943935,4449.918653098336,1008.4868108847365,1528.964990005501,0.794872,66.66
3594.0775587957087,3609.6385047356507,574.5363929103398,1694.1038996322934,527.6436439260083,0.820513,120.62
2103.4327534143818,2777.850086082544,621.5681291765829,2523.58023387384,1973.5687974526516,0.846154,138.25
1943.430200948819,1952.937973485103,2315.2519615926362,1841.5070921969964,1946.8727717764455,0.871795,87.70
734.8523340888113,3517.7370620038696,2785.4960795240304,2063.264142527156,898.6503818561325,0.897436,95.02
941.8959982672711,2137.4621789263874,2462.3080215842406,1945.5190714413025,2512.8147297807996,0.923077,98.37
3115.9248995129674,721.891752130067,2258.828473886759,3205.2199740573524,698.1349004128535,0.948718,150.49
744.3571647658498,2138.618950883044,3455.9295541056304,1888.997222351869,1772.097107893608,0.974359,155.34
3234.6711616099183,3093.017712481029,1673.5509185019548,614.8141861944631,1383.9460212126346,1.000000,125.88
2731.2230318487586,2046.2431993640207,2181.3731485015555,1420.1081888123101,1621.0524314733539,0.000000,0.00
1294.3081883480834,1213.017677258379,2826.494667538587,2262.1146479623308,2404.0648188926193,0.025641,0.00
2230.6942693621145,2089.733478146096,2277.5786911931077,2276.8478825784296,1125.1456787202524,0.051282,0.00
3687.3755986791703,799.0849468944562,585.4791517798153,3475.024924262681,1453.0353783838784,0.076923,0.00
2690.723712851231,1207.9453540975408,4119.066392422068,735.733302000395,1246.5312386287653,0.102564,46.01
2526.3875002370146,729.216226608267,3342.9181086128046,1384.7669679213798,2016.711196620534,0.128205,50.40
975.2786152013016,2765.5371660844144,2772.9018320503787,2334.94200686272,1151.3403798011846,0.153846,21.80
825.0470071602733,2798.4401531424564,2648.369555413275,1627.495680849292,2100.6476034347024,0.179487,0.00
1794.4637981200042,2620.1463310966387,2254.6102221523574,1910.3767656756634,1420.4028829553379,0.205128,58.28
2484.477794965626,3497.8563149115625,2150.7051584345663,735.4824843906722,1131.478247297573,0.230769,57.45
2218.962155538995,2778.357074240599,2055.762040237011,434.7960842869144,2512.12264569648,0.256410,57.50
3027.2235214150414,2147.725241914149,1915.2361621038103,1608.2645880493287,1301.5504865176708,0.282051,69.10
1569.4065043659014,2842.097832370247,1850.8653970894209,562.9545927767251,3174.6756733977063,0.307692,20.40
3194.3437950100765,1381.0669276647398,687.6264430856382,2383.487146453563,2353.475687785982,0.333333,60.07
2751.469214200822,2770.8363948856213,1806.97914497599,2189.3013348294658,481.41391110810184,0.358974,73.88
447.46631013758196,1747.072456464108,3677.6799922255614,3684.4384749178084,443.3427662549395,0.384615,22.95
1541.5702754091142,697.847266600602,3158.2081782144137,2171.643640539782,2430.7306392360883,0.410256,19.08
2355.8350854778632,2023.1492323022153,1643.0179448869605,934.0135271660098,3043.98421016695,0.435897,59.14
1599.4118689456532,2458.721135700201,2345.0406999788834,592.9342621410672,3003.892033234196,0.461538,26.12
3162.5090070197307,1565.2611677750263,409.78263353613573,2957.2743008571547,1905.172890811952,0.487179,64.11
2406.794760611163,3451.428893375855,989.0589720533922,935.6759673618184,2217.0414065977716,0.512821,79.98
1393.4836610497762,449.7935842705005,2976.592296742746,2388.655937432744,2791.474520504232,0.538462,91.43
2198.9339222882218,3584.18889898543,1291.996263159397,2086.3801233130785,838.5007922538722,0.564103,81.78
2717.93208401031,1914.7866356288098,1848.5303411192015,859.9401683469706,2658.8107708947073,0.589744,39.83
1640.6805518646236,3866.798775426028,992.7677402707438,1199.131628380009,2300.6213040585944,0.615385,69.33
2422.0565598329,1201.2695759190992,556.9111890954478,2778.1147194069185,3041.6479557456355,0.641026,73.56
2067.23028835648,1966.4355211833852,3262.547592294127,1220.8181541556514,1482.9684440103567,0.666667,105.35
669.4246420695638,1622.4373800288254,2181.4248119268555,3565.3374423166474,1961.3757236581087,0.692308,84.99
589.6061778157234,677.9726459521775,2857.1217539543177,2313.3309988796627,3561.9684233981184,0.717949,98.18
1698.3640574124586,3749.775817102232,1609.0954446555468,1155.1899256014588,1787.5747552283028,0.743590,62.31
650.2932846994456,1838.4126337372463,3680.35195061392,1554.2811093625835,2276.6610215868054,0.769231,80.13
776.3293781016043,864.031496893366,3353.9100041821484,4339.744834247803,665.9842865750784,0.794872,87.73
2119.1090904784037,1878.5359531355725,2057.670659796761,2937.799020782764,1006.8852758065,0.820513,87.85
1720.6886528260354,2038.0174592000778,2413.412516454143,1556.6766641000754,2271.2047074196685,0.846154,81.09
456.86741353351283,2678.496091435043,2091.507832463295,2131.065791809748,2642.062870758402,0.871795,107.88
993.7178008703958,1601.937096354647,1294.095464400132,2753.4360087917757,3356.81362958305,0.897436,101.56
2284.9885524312635,1369.4260989589675,1889.3125806441747,2808.9920257363874,1647.2807422292074,0.923077,126.09
1548.0500571585235,1774.0829658908542,1018.7187096045665,2919.7639023818974,2739.38436496416,0.948718,112.87
1045.2351405980905,1882.6724651254387,2316.422451033299,1358.0710855276473,3397.598857715524,0.974359,91.56
2240.155600252265,2698.5885671302594,1719.9909642223404,1165.9975124461025,2175.2673559490336,1.000000,135.30
3479.9775668238804,1301.358105888012,2229.2715113052946,2317.499475684179,671.8933402986337,0.000000,0.00
2385.7419158110797,973.5699414082356,2526.831401716306,1428.640334319053,2685.216406745326,0.025641,25.54
5313.569082203923,716.7263593778891,982.2059083172221,1435.8214596722646,1551.6771904286998,0.051282,37.43
2338.723132879754,2605.529020416496,608.8875135020372,2654.1809066876413,1792.679426514071,0.076923,0.00
1201.2092073900249,3114.152122145867,2376.063444460751,828.1409034410725,2480.4343225622856,0.102564,8.99
2835.5352833112574,638.4025524685454,2925.5271033902063,1557.4201139770162,2043.114946852974,0.128205,2.29
1881.9439797119328,2361.7296795752545,2038.8697033422015,2507.164746056424,1210.2918913141875,0.153846,19.63
612.6900532181846,1302.7478901171244,3905.6656836973207,1562.6465180249866,2616.2498549423844,0.179487,65.13
805.6332708728346,3582.669644854171,3031.128358966607,1499.3615811558993,1081.20714415049,0.205128,60.17
2309.3258741217273,1338.565035666408,2205.190103965277,1965.768507472084,2181.150478774505,0.230769,21.02
2874.58639296275,2069.535621663666,617.1176907497298,2932.328928662289,1506.431365961566,0.256410,5.54
1581.535522061433,2697.0818820398986,1909.4280031274852,2124.6806013510745,1687.273991420108,0.282051,10.02
756.554480086269,2793.2893900198223,1902.352862521078,2259.4889476407247,2288.3143197321056,0.307692,34.14
3355.0397544011016,2227.146148163181,1046.4304403347705,1691.0643064654143,1680.3193506355335,0.333333,81.28
2597.9194428954825,2384.9469320822154,1876.5497824928557,2406.626057674804,733.957784854643,0.358974,42.00
2959.3565264102053,509.78038353575,2056.5731244433696,1089.771889765201,3384.5180758454735,0.384615,66.40
2128.6221137295597,2936.4410434472047,3624.4895426732637,593.6517088721157,716.7955912778561,0.410256,32.70
1842.2080268198752,2725.0035094768295,1962.921426916316,1725.939895616481,1743.9271411704967,0.435897,26.20
3250.379425575859,2401.8954028977364,1591.419000399121,805.8537511079286,1950.4524200193555,0.461538,33.13
1599.6536161482866,1904.9654855364172,2621.960880998703,2841.4597534038444,1031.9602639127502,0.487179,50.95
3247.810718925172,2176.266021858838,1620.2716810598372,1336.0390950080657,1619.612483148087,0.512821,27.43
3039.124726049713,377.2203092491242,2919.913528410251,1662.0080236743709,2001.7334126165397,0.538462,35.83
804.8374529174354,1963.5381155982989,1275.389005507063,2482.1159865629725,3474.1194394142312,0.564103,62.27
1549.7211067380836,3093.4681775373097,825.4064771945307,2667.009612411196,1864.3946261188817,0.589744,44.55
2272.7970661054756,3244.4113611427283,808.0164821687478,984.7449269473617,2690.0301636356867,0.615385,116.18
449.3877218222422,2187.4574609313718,2755.5610954156896,2489.7440751133777,2117.849646717319,0.641026,105.21
2940.6834382714637,1992.230524185734,1694.4240303038969,2199.464242270586,1173.1977649683186,0.666667,111.41
1950.4190361574547,1035.8960160256668,1679.0515001953245,2495.426559202955,2839.2068884185996,0.692308,79.73
1179.6444396739773,1074.2282903595171,1503.362063929914,2450.967033558482,3791.798172478109,0.717949,102.18
2359.3813112191415,2345.398136576078,1956.3751277367933,1719.6477575823285,1619.1976668856591,0.743590,118.70
3049.005505354546,1911.7802944239209,3251.314787993791,822.9604203564586,964.9389918712836,0.769231,105.54
2650.920880308982,986.85234281633,1504.8293597696504,3327.038247747156,1530.3591693578824,0.794872,77.82
1795.474555640403,2123.8192404964625,2407.8461186472828,540.7445808962804,3132.1155043195727,0.820513,135.47
2276.1899841007967,1692.613400799811,3223.6411220929344,1728.46908683522,1079.0864061712387,0.846154,78.92
2308.0354385700443,2367.468718034272,1600.8591097217582,1927.1951586236796,1796.4415750502444,0.871795,141.23
2137.194678504946,1399.0130985760586,1689.1229946989777,2237.6394085329666,2537.0298196870513,0.897436,125.26
514.5054471667678,613.9690151455221,2903.5010395311906,2984.236651975759,2983.7878461807613,0.923077,131.93
784.7476161092732,1129.397374777637,2763.977876081176,3313.067837471631,2008.8092955602833,0.948718,155.11
2982.4881827856752,2541.126478406243,2131.4480058028453,1139.7019244260905,1205.2354085791458,0.974359,97.54
2748.2593150054217,1470.957239295436,1305.0683222813161,3104.0981533497657,1371.61697006806,1.000000,113.39
2111.2151350311574,2960.675975270939,3045.7654077343527,1045.482610262606,836.8608717009442,0.000000,28.11
3188.2194897473723,1748.7062555949583,769.9414539834466,1933.3529636035537,2359.7798370706696,0.025641,0.00
916.0686012688651,3216.6428008866915,1768.93557381103,1045.9106550920249,3052.4423689413898,0.051282,2.46
795.6294616765917,1170.7515074125736,4670.718634889109,2469.8565753796074,893.0438206421187,0.076923,20.21
1164.733694247615,912.4834665710788,2773.886916837279,2036.5175739324122,3112.3783484116148,0.102564,0.00
1208.335254010027,2629.0346115643792,2463.523853486475,1456.61570387458,2242.4905770645387,0.128205,11.98
1034.5645897704983,2135.468500317262,2863.4501541349446,712.1365457107072,3254.3802100665866,0.153846,20.35
1007.8032368266332,2853.0633636788402,799.2775659676231,3507.785928857076,1832.069904669827,0.179487,17.90
1773.6711770268928,2568.6056620958548,2432.134425153923,2373.0108496018197,852.5778861215102,0.205128,0.00
2374.6734199495595,703.1692433967104,3043.830574044575,2526.965829110029,1351.360933499126,0.230769,56.22
3036.150038440456,724.7940811473248,3091.905702551498,2319.023909236159,828.1262686245609,0.256410,18.05
3024.3378010166402,1634.6379801082944,500.70576058216284,2191.9556911421737,2648.362767150729,0.282051,71.84
990.0815035124991,1862.0679618155502,3530.38751059606,2186.6268349985926,1430.8361890772992,0.307692,79.87
1718.255352043174,1622.4033436317166,2369.3085937655655,3471.7243083482476,818.3084022112957,0.333333,53.16
3116.588178196171,613.3258696122788,3311.9182617007405,666.7615500293153,2291.406140461494,0.358974,48.74
591.7918614615651,1733.8257498633673,2651.292699631943,3904.992118682575,1118.0975703605513,0.384615,18.63
3388.146426264199,1033.3116114803559,960.5465338810577,2241.2025993493203,2376.7928290250666,0.410256,23.84
2367.805714862516,661.6643848368831,1412.58291021786,2381.1424110074463,3176.8045790752944,0.435897,35.12
2973.7254050818674,2324.926146212188,637.3221842667075,2769.618223792256,1294.4080406469816,0.461538,26.83
4124.501399916333,1715.131664409035,1072.1761789845618,490.9023961990736,2597.288360490996,0.487179,63.29
2240.366907353681,917.2090426600621,3162.390151461632,2625.9512047310036,1054.0826937936217,0.512821,99.11
1255.593000091242,3216.170671976459,3431.790961251277,502.1581196733491,1594.2872470076725,0.538462,107.04
363.74357223951597,2022.521371195212,2884.006561978978,1744.746190790579,2984.982303795716,0.564103,79.35
1230.3977712253966,1822.4784437608298,2937.9464439668145,621.3155619830171,3387.8617790639405,0.589744,61.20
2204.5648717880754,1911.7374042273864,2788.3761869947252,1085.3941507307422,2009.9273862590696,0.615385,51.12
3249.6809289411176,3155.6886667630024,1916.3747510618828,1194.2476567542628,484.0079964797333,0.641026,108.76
1118.8053525552918,2156.2942872053936,3629.82238902393,937.9580218490702,2157.119949366313,0.666667,53.32
640.5206532205813,3100.016922791491,1439.881211695156,2143.773516185741,2675.80769610703,0.692308,49.01
1667.8056374436756,2594.994544294319,1598.1898591763133,1981.6467568631185,2157.3632022225725,0.717949,113.05
1306.9816875927572,1972.7190096831696,3835.6989267418926,621.2418555825393,2263.3585203996395,0.743590,89.96
808.2219176769096,1770.8604797669013,2377.134216422366,2549.31403813015,2494.469348003673,0.769231,89.39
2403.8844275881243,1084.6423843928633,1311.1148393177425,1803.8331471363213,3396.525201564948,0.794872,125.62
2605.1353602541976,2624.337883393055,2230.4946107981737,1763.7893073676757,776.242838186899,0.820513,140.24
825.7813703183228,2600.8798146254,2643.985907909048,1793.584149421054,2135.7687577261754,0.846154,131.36
3739.642672119503,1387.1866807115703,541.1052945512904,3503.2839855171815,828.7813671004568,0.871795,117.83
1435.2404409286617,1098.2401489949923,2638.1949396111595,1566.6493544449008,3261.675116020286,0.897436,94.50
560.1253567248137,1917.7146057445912,1226.4450971923989,2899.652453638378,3396.0624866998173,0.923077,137.54
1080.8940742982488,552.7411770870658,2104.5756125190255,3302.1791993687602,2959.6099367268994,0.948718,136.14
896.2331248209994,3306.896181107561,1004.8841659486637,3252.4852639114447,1539.5012642113297,0.974359,154.45
3751.1126639060963,2038.782126782065,875.4184450204232,1142.7307577211036,2191.9560065703104,1.000000,119.50
2158.5498280982297,1881.3339427207286,1379.9633136372743,2454.5591779654483,2125.593737578318,0.000000,0.00
2818.620901428229,915.825767344816,3789.4188404204115,1787.4030906731925,688.7314001333511,0.025641,0.00
2318.6904148639,1820.312547308371,348.06365168954034,2882.964424333202,2629.9689618049856,0.051282,12.62
2237.3194725855665,2551.0837171253906,636.9840668819376,2025.4969594337488,2549.115783973356,0.076923,0.00
1313.3849868411357,1840.8833436808911,2180.14309234332,2339.6491463172515,2325.939430817403,0.102564,1.25
981.8309175317129,2941.6441512122606,2670.8292364416607,2759.3927109704287,646.3029838439377,0.128205,20.28
1385.6401387316098,1277.5154119287815,1505.555222291676,2953.73761073704,2877.5516163108914,0.153846,48.56
2119.0493606875093,1403.3372919542019,2618.6018896458977,2979.3685937820014,879.6428639303887,0.179487,65.79
2650.732177839723,1558.3860160099018,3605.5109124751953,1261.0506106479863,924.3202830271935,0.205128,30.26
1749.4402519731004,2582.954955418393,1099.0943746752398,3226.6523229510512,1341.8580949822176,0.230769,10.76
3448.646224969105,1792.4286613743209,1181.752637137306,1309.0250653707478,2268.147411148521,0.256410,57.55
2791.1899930097898,2281.240520117129,1546.4498056640737,1971.3908910341704,1409.7287901748373,0.282051,69.86
1743.9126646314965,2346.180205061326,2892.0102660741277,1218.432698080743,1799.4641661523083,0.307692,4.52
2843.1198783561376,3730.265482277281,1064.285213628433,1612.1592754231629,750.1701503149864,0.333333,16.12
2434.5885294691057,1339.4355263146022,2715.965380761709,2191.560039806992,1318.450523647591,0.358974,78.60
782.9199070761022,3558.9799625183487,627.6630319552524,1840.1107807169928,3190.326317733304,0.384615,68.89
2097.2992848478316,2589.3406760450575,831.7626091429028,2430.773324134149,2050.82410583006,0.410256,27.78
3016.674080296346,2130.6296188575943,1922.6151858583958,577.5489972268606,2352.532117760804,0.435897,80.16
3090.5958291058473,510.53045561329725,1318.3680229438646,2736.123098504684,2344.382593832307,0.461538,41.75
2856.0364072667276,2338.460700335021,2234.7791352771164,1696.776925388337,873.9468317327991,0.487179,97.83
1056.645271235278,1669.6805709739492,1993.7451700304118,2555.9909986662806,2723.9379890940804,0.512821,65.74
1801.1139816375958,2871.173159303144,1102.8308082410886,2340.7054098174726,1884.1766410006996,0.538462,30.11
1210.9980052184194,2055.2116437928744,2806.2415671167964,3184.5780363260046,742.970747545907,0.564103,90.98
2972.9359435185297,1751.1221626382855,2310.8063969727154,820.4335583769963,2144.7019384934733,0.589744,76.39
1098.397201069742,3398.5193533041224,2623.2070710172466,690.8980219162548,2188.9783526926335,0.615385,50.85
2703.348096578796,2734.7920981563284,1386.7172541227512,2207.5588887321983,967.5836624099242,0.641026,63.55
1444.268879342523,2195.8330708509416,2662.321034554742,957.6494080886,2739.927607163194,0.666667,79.47
2799.0723625472965,2661.669860683122,2309.0149714169834,1040.7302417001129,1189.5125636524851,0.692308,87.40
1244.3780248905916,1511.9758654057314,2835.283403624136,1796.9042732100957,2611.4584328694436,0.717949,117.52
2875.049424557026,642.9830061360783,3525.2717282063254,1923.2271169076027,1033.4687241929669,0.743590,65.22
533.1540926964511,1072.9153082821751,2624.9313189523277,2742.0741144342824,3026.925165634763,0.769231,59.58
3688.718060973921,709.1139162629269,1119.5146602549858,1513.5454505433863,2969.1079119647798,0.794872,104.50
1356.2887394280785,2969.282725665182,405.30318106326376,2750.040901004738,2519.0844528387383,0.820513,84.56
3130.166945331542,1928.8401201387824,1012.8514933337395,2574.5754383494595,1353.5660028464758,0.846154,78.24
1227.1129892041497,1616.94724195694,2434.54458517921,1634.3812825492048,3087.013901110495,0.871795,118.66
2041.630800844218,1891.0326374586011,2146.7793055058587,2171.9080483201974,1748.649207871126,0.897436,114.50
2974.944577980397,2341.727209602807,2290.39558486032,1293.053932931061,1099.8786946254163,0.923077,88.33
1727.2779046873145,1997.697036002119,1172.5535385588307,2351.7016386373984,2750.7698821143376,0.948718,121.78
1960.5702878495051,3490.2157458677393,1804.2711942656367,812.6227782092283,1932.3199938078917,0.974359,153.10
2693.1393543280888,1797.0485011696987,2900.4692089009527,1296.9732459988602,1312.3696896024005,1.000000,130.18
1648.6675480168687,3296.0596818234976,1574.888763760364,1772.7176019157998,1707.6664044834702,0.000000,23.11
2627.089455396331,2745.448154767151,549.534629018602,2742.35796890624,1335.569791911675,0.025641,0.00
2529.4015635252235,3981.839567572133,787.9186069719827,1320.5493601871403,1380.2909017435222,0.051282,45.18
1729.5422381587791,1380.165603548038,2140.6011127078827,2195.3467962821237,2554.3442493031766,0.076923,0.00
2438.5588644569816,3030.8974234470274,650.351420383302,3086.928842730601,793.2634489820882,0.102564,10.59
1162.8407494463218,3618.903142835703,1282.85767699754,962.3510651284698,2973.0473655919664,0.128205,20.06
736.1669563845686,3478.382279187918,1055.0163604533473,3245.4849685120303,1484.9494354621352,0.153846,0.00
720.7369368604537,3469.8316085249508,760.0360266475782,3893.3073158629804,1156.0881121040381,0.179487,48.30
1999.1582727265668,2855.869511904804,2151.710782160894,1685.6094305016102,1307.6520027061242,0.205128,66.37
513.7954356800094,2228.2013912311454,2685.837745259584,2239.9764502912117,2332.1889775380505,0.230769,63.26
2368.057675865262,2387.900453301074,1260.4430642697334,2699.3857891496677,1284.2130174142633,0.256410,9.48
1624.749825033877,1730.7845676022719,2170.591792614986,2148.381301374509,2325.4925133743563,0.282051,11.25
4700.384280582056,2174.9672772419817,1084.6370727333342,689.6350251211284,1350.3763443214993,0.307692,42.92
2097.5663474895455,2880.5705584971574,1099.550902244074,2506.4889348763045,1415.8232568929175,0.333333,7.32
2132.757658824619,2161.244084712286,1279.432009709477,2189.1979283799333,2237.3683183736844,0.358974,19.52
2286.826464323345,2097.8597921803475,3198.3017786726364,1870.5885240622333,546.4234407614383,0.384615,36.82
1707.4576510795189,2008.835889157384,1692.7616995347535,2132.131876573671,2458.8128836546725,0.410256,47.03
1760.4697122719274,1262.6274336570684,2532.2558879433363,1514.321673726109,2930.3252924015583,0.435897,91.66
2869.075572944205,1697.5393262296325,2785.5284275870554,1179.219945221749,1468.636728017359,0.461538,84.22
2565.332048911207,1885.194271380078,3371.8534592578385,1551.7739521393792,625.846268311498,0.487179,32.89
732.9688077358263,2045.02161505427,2712.0886079243346,2847.0990997466824,1662.821869538886,0.512821,99.18
2664.138451315206,2429.923243885017,933.8174167518714,2797.980541551623,1174.1403464962814,0.538462,84.65
1756.8810160109022,1100.6024420557414,1140.442830318653,2926.557249300824,3075.5164623138794,0.564103,41.37
2682.6200774977465,586.7300894600302,3354.3904779576073,1635.0448428969064,1741.2145121877093,0.589744,110.90
724.5424160387774,1662.1684759982106,3415.5893468876116,1251.0108426311149,2946.688918444285,0.615385,114.77
2344.746548592135,2584.0072222316867,510.1619729496322,1882.7489956051897,2678.335260621358,0.641026,79.52
2503.0207127062217,1639.6969722226681,3124.820411053572,714.2354365285792,2018.2264674889582,0.666667,112.87
1517.5175479217673,2424.688186816966,1609.6352724201067,1174.4820282884864,3273.676964552673,0.692308,54.07
3210.9704867696814,1584.8091358101346,2571.627220575277,1410.2467003849247,1222.3464564599817,0.717949,93.17
3326.5917581357544,2227.948791227388,657.4971979473972,2500.5423491751253,1287.4199035143338,0.743590,74.85
3031.674775657536,2038.937062041325,363.1510579470661,1659.7699383744123,2906.4671659796604,0.769231,105.35
2065.615563024477,2548.7466595147384,792.0517480549915,2524.918499576282,2068.667529829512,0.794872,117.84
1779.845152826235,2639.8493474211477,497.22533139548176,2552.72530672273,2530.354861634405,0.820513,97.64
2563.0507216857427,1068.4988863585997,1971.5161838568686,3090.9814466790003,1305.952761419789,0.846154,125.66
1103.7902959958037,3957.042638780871,1202.0585280551647,1062.2300386560323,2674.8784985121288,0.871795,72.44
519.7036709976178,3170.756431157793,2831.0653315242275,1702.0566974206981,1776.417868899663,0.897436,95.90
3519.271472058299,1232.600551380768,3133.643912189738,1102.4063085565174,1012.0777558146777,0.923077,142.46
1173.6472085922237,1938.9167094557179,1741.2438631164941,1192.6729784880565,3953.519240347507,0.948718,154.08
1315.944787334212,1843.166392913928,1520.5924256800133,2579.461269604187,2740.8351244676614,0.974359,147.84
1884.1454425448596,2168.208827394948,1295.7798531133228,2856.005506825963,1795.8603701209063,1.000000,95.60
1174.898743686753,2390.76728978051,1679.0491417766248,1545.0268502850959,3210.2579744710156,0.000000,21.51
508.7153065222322,2773.2273379464027,1358.0128662051006,2129.597825767414,3230.446663558849,0.025641,16.08
1897.274624428229,1295.994705018579,2171.8259925550115,2543.501561705002,2091.403116293179,0.051282,0.00
2097.874870515275,2065.861879583253,333.51237073493274,2715.077892555499,2787.6729866110404,0.076923,0.00
3207.164199137128,3152.446326404872,1839.2287325674204,810.2493140545856,990.9114278359957,0.102564,0.00
1623.5694093298025,2779.1136629227453,776.3437623024101,2257.348860430589,2563.624305014452,0.128205,30.53
2947.6193313881145,3529.2366402444745,775.3163711351158,1734.6807486528483,1013.1469085794466,0.153846,38.74
1584.686790164504,3067.653868560759,2408.2984802504557,1052.1682716784849,1887.1925893457956,0.179487,7.57
1141.9773930495148,1322.036214630126,1440.2721488098296,2677.146646010956,3418.567597499574,0.205128,14.40
3637.7756375206172,619.8652120160762,1529.998008414967,3645.1233833857386,567.2377586626001,0.230769,46.01
2989.1736668755816,1409.4426420243892,1128.6063106005893,1539.9326448352663,2932.844735664173,0.256410,74.19
3248.1960853255405,3138.9512540577934,1090.455896987785,687.131245196191,1835.265518432689,0.282051,6.35
1663.2808765576845,2950.598100939188,942.4335063387261,1385.0854499016157,3058.6020662627852,0.307692,44.56
1697.0972308500543,2797.7338239979076,2486.1751440342564,623.4039025636695,2395.5898985541126,0.333333,16.96
2139.971705419969,946.1858208996957,2313.4489286445464,2909.966200790108,1690.4273442456813,0.358974,31.86
3046.94326248866,2681.31796849327,1756.1934592921748,1597.505985695515,918.0393240303806,0.384615,13.91
2749.5828743901534,2395.4880722382077,681.0775320537099,2953.651038063159,1220.200483254769,0.410256,93.17
670.2925898571142,2780.062665418258,2313.115818178128,2491.466436829193,1745.062489717306,0.435897,89.70
769.8339479507058,2779.7229628225455,2085.6333448335317,2760.844276072221,1603.9654683209963,0.461538,35.47
3062.2860826239303,1292.1064864264322,733.9764583118323,1728.1638013740192,3183.467171263787,0.487179,75.00
642.0612745003184,2442.991232202452,3852.007605971141,1317.7821283583212,1745.1577589677686,0.512821,35.73
2402.4557316807322,2644.962040225268,2467.0515681712277,421.12581653193257,2064.4048433908383,0.538462,75.56
2087.738168554378,846.7010539430394,1764.6473369657924,3170.0090441379098,2130.90439639888,0.564103,87.63
2326.406239253056,2526.0096707447683,1128.3555691240329,3004.12420515829,1015.1043157198515,0.589744,106.80
1606.5819402741422,3799.030117139689,2511.9140844329904,605.9532451085955,1476.5206130445815,0.615385,40.36
567.910483326482,1338.1171511534496,3648.6346069889146,3782.1346278935093,663.2031306376442,0.641026,48.12
2573.3127911044876,1992.0240868353192,1096.7753998280148,2976.701696761102,1361.1860254710768,0.666667,68.65
1924.1514688604593,1110.1529457963898,1417.8149016566927,4115.054465364297,1432.8262183221607,0.692308,127.58
2325.6357781674365,2366.3795555040683,1108.6736978372805,3430.4130029871985,768.8979655040156,0.717949,72.61
5304.079028137079,1782.9556881762016,938.6708346793655,798.8134311610481,1175.4810178463042,0.743590,117.49
3445.644037116647,1657.6034576934005,2234.4546845054747,1226.8555758689165,1435.4422448155608,0.769231,102.82
1315.841516770986,1567.2967399307886,1984.955447914843,2506.5288985503503,2625.3773968330333,0.794872,106.31
3243.851444065202,636.1324304717828,2845.566688455923,1750.9414646049545,1523.5079724021384,0.820513,121.58
2035.616602995825,1675.5536415941808,2591.1691011174744,1703.2751137490259,1994.3855405434924,0.846154,119.72
2150.4808704663437,2668.9327783685912,872.5570260507401,2397.3421994983146,1910.6871256160098,0.871795,119.05
841.1789498844055,2306.0704939372526,2605.8075310874187,893.7713523151816,3353.1716727757407,0.897436,122.14
2791.052958033125,1285.4063029471529,2978.4798477313193,912.1130907668999,2032.947800521504,0.923077,93.69
3036.555176662958,2275.2309586899473,684.7914830519721,2606.0288663354327,1397.3935152596916,0.948718,113.14
3668.866994602909,1893.7344557538709,1571.2680218014098,1159.0143285933882,1707.1161992484228,0.974359,87.51
1872.951267700031,1201.6942179196062,2476.3652671774607,2334.402043894215,2114.5872033086875,1.000000,124.69
1009.2377944278105,2153.320649713449,1850.1382737726992,2368.5826169543193,2618.7206651317224,0.000000,0.00
2459.390513752382,461.28673027322753,2225.897952050633,3816.1175887272034,1037.3072151965534,0.025641,22.36
1243.6202608928309,1013.6876187562091,2637.370338668236,3989.50521929976,1115.8165623829645,0.051282,0.00
2908.6676723943187,870.5656793370453,482.2213504669673,3448.789912758436,2289.7553850432346,0.076923,0.00
2993.7061164786965,2605.9684160569263,1717.8460661983825,1418.188055158484,1264.2913461075118,0.102564,0.00
3444.944799014921,3177.545237915539,1827.0142995661256,747.9487754336909,802.5468880697235,0.128205,38.77
1416.0672248239748,3519.1137111787616,1822.4498464752132,907.8384578050761,2334.530759716975,0.153846,0.00
2458.1917966632914,2980.6439478129496,758.8972833795071,2635.7792238230395,1166.4877483212122,0.179487,5.06
1418.9935297492718,2426.7661850044447,3561.0127087508968,1335.8003855509787,1257.4271909444071,0.205128,27.91
2239.41049101067,1947.0546820756942,542.9752495069289,2533.6588011215,2736.900776285207,0.230769,43.83
3219.3806757179987,1495.538902360685,1752.2972122684653,2355.7246595225183,1177.0585501303328,0.256410,27.18
1515.1220673890264,2346.8957485295773,2505.3926082680846,1163.7971371691506,2468.792438644162,0.282051,68.66
1888.813019703657,1939.2008182555946,4525.688054058057,921.6700751163107,724.6280328663807,0.307692,10.17
1168.5126308395033,2557.8491985410715,952.5293035082027,2358.2950325456513,2962.813834565571,0.333333,36.66
706.0430136288709,2206.259992946377,2968.217013037907,834.0334894886421,3285.446490898203,0.358974,45.27
1658.475016500609,997.1591571055777,2516.592641259322,2336.4528263177276,2491.3203588167644,0.384615,80.65
822.1805435890547,3313.4235911942283,822.1233255340517,2488.6802967223903,2553.592242960275,0.410256,64.43
621.7092296298498,4520.718135545679,1931.108349199854,550.3621392994644,2376.1021463251536,0.435897,89.95
1291.0073469614051,3402.9050806498076,2326.6763197487007,1822.1460419083187,1157.2652107317667,0.461538,31.68
982.3034311754152,2005.5081208908307,2431.1092005471155,2916.910196816298,1664.1690505703407,0.487179,60.67
1580.3680275260426,1933.228360259464,1907.177655993518,1829.3904330058788,2749.8355232150957,0.512821,61.29
2309.5826389158256,775.5689574299109,3443.8942709965477,1812.8678146979214,1658.0863179597936,0.538462,58.93
3505.1995849049977,508.47372114584016,1079.2855853749234,1932.994851098557,2974.0462574756816,0.564103,112.89
480.71395271407835,1654.230732803212,1686.8328702600654,2664.446495745314,3513.7759484773305,0.589744,80.15
2778.6780488361055,1416.9601684825013,1269.476517610545,2256.793160751124,2278.092104319723,0.615385,65.34
2134.8637380490477,1369.5934678611134,656.3132445967565,3093.7568135993256,2745.472735893756,0.641026,120.43
1809.3772334286127,503.6384942927172,3119.676738575682,3022.360802449422,1544.9467312535658,0.666667,56.20
1561.740868212494,1740.6879587297417,3274.0264822239683,886.1137223844856,2537.4309684493105,0.692308,101.15
1570.2173480971533,2372.3344547893425,2942.2877528908475,1898.0583952037773,1217.1020490188791,0.717949,128.28
865.965565073236,1745.8408326487695,2871.4415059591574,2238.141654556606,2278.6104417622314,0.743590,110.06
850.7440551488635,3175.508142159603,502.63853636328287,3168.9659796613346,2302.143286666916,0.769231,57.81
1734.5721451625402,2717.8918835404224,2422.6023230886985,2711.8925525548816,413.0410956534573,0.794872,70.19
2846.070362281795,2636.0886482548913,1051.4898906876099,1514.9963115772427,1951.3547871984622,0.820513,102.33
2393.9093334077515,964.7614359722897,681.3039002023746,2755.1835748621866,3204.841755555399,0.846154,89.65
1893.1122483615015,1366.1536786950155,2317.1099461511008,3017.639813330677,1405.9843134617063,0.871795,115.77
944.2440934537589,3793.470208998218,625.2336525005608,2168.3138179020843,2468.738227145377,0.897436,102.79
2450.325929434624,1569.8820524239795,1593.6142016439194,2273.4819659803366,2112.6958505171397,0.923077,146.21
3255.8087972291005,1453.9800572345057,821.9069224324808,1037.1555050359314,3431.1487180679815,0.948718,88.17
2238.762183319106,853.2394093524949,3018.2111057240536,1751.5743628677367,2138.2129387366103,0.974359,89.58
1250.8508780748941,1666.437002088743,2995.904109365615,2628.465340451838,1458.3426700189104,1.000000,92.66
1257.94512446497,1735.8640504757561,1522.1239153882748,2052.4828037080824,3431.584105962916,0.000000,19.61
1428.192546888056,1205.9690083788946,1015.2959899049619,3656.2348349019885,2694.307619926098,0.025641,0.00
1093.5972691772788,2989.227512698013,3289.561043529622,517.1346277636756,2110.4795468314105,0.051282,7.98
2460.382958280197,2772.2012268564445,2447.651410513075,983.5729900876717,1336.1914142626124,0.076923,0.00
665.0124521447663,2191.0702349692197,2749.176605984576,2678.8336039075675,1715.9071029938725,0.102564,0.00
819.4096651048809,1134.313660920116,3374.7070491358536,3197.739241313774,1473.8303835253757,0.128205,11.99
2556.4709603333504,2104.8318172254103,2787.0520645864535,1816.9581943642045,734.6869634905827,0.153846,2.25
1806.1088582810805,2012.7720198332454,2373.8302739120927,1842.565266807469,1964.723581166113,0.179487,22.61
2750.1129562151355,962.1287102137932,2897.7891995282375,1350.8142835879437,2039.1548504548894,0.205128,46.03
2579.6113610636376,3213.642086690341,393.11874682061057,516.2283153928174,3297.399490032593,0.230769,69.21
4263.950850383746,1220.672323595742,1405.762132337424,1393.5161756118716,1716.0985180712164,0.256410,2.73
995.3727116107316,2462.479639385678,2121.6595960952695,3512.253296382593,908.2347565257281,0.282051,56.56
1148.3186344537535,691.5593766307517,3130.2668375444655,2731.0902736525154,2298.7648777185136,0.307692,59.90
885.3794118371651,2476.095556961886,2154.7585785316355,3123.6173377462947,1360.149114923018,0.333333,44.43
2346.9173265883537,2519.288644400878,1662.7020082298125,1624.4449579493946,1846.647062831562,0.358974,33.68
1195.4271159220962,1517.8972884564992,3538.9898891463117,1347.3352122531712,2400.350494221922,0.384615,86.62
2711.557640955027,2656.945266141422,1102.31810413346,1936.1800554481094,1592.99893332198,0.410256,72.55
2130.4816475000734,2705.8008035758553,2285.5498282653075,2209.8729769222205,668.2947437365426,0.435897,75.39
2347.5589089641094,2582.7506500923496,3105.2763414008864,931.8639968578188,1032.5501026848378,0.461538,86.83
1981.8616712915116,1596.47179721897,1868.847126367995,2286.783295347133,2266.0361097743885,0.487179,43.76
1703.8444094246174,2875.092390200344,2167.1056371976,1630.1390900993747,1623.8184730780622,0.512821,60.24
981.0055581022098,1995.3193569095959,1952.4775248202752,3541.5099552634724,1529.6876049044465,0.538462,65.81
765.3084706878918,2788.8925703424998,2368.2460779060425,1918.4076896265701,2159.145191436995,0.564103,77.54
2417.1272475304386,1825.1445854290237,3528.6292951258074,1210.5049196331404,1018.5939522815914,0.589744,66.05
1788.5886478872435,3189.130733680117,1916.0981640403588,532.8139525317164,2573.3685018605656,0.615385,50.63
2840.6753589934037,1199.5078995960305,1777.9865024195833,1448.7444802011657,2733.0857587898186,0.641026,77.91
980.1750719632214,2938.1659162971555,1299.3633767622894,2349.624493838159,2432.6711411391725,0.666667,123.76
1599.687894227929,1060.9498199419218,3559.588881114637,1467.3612847431577,2312.412119972356,0.692308,53.05
2448.8970414454116,3108.1773658131997,2257.205698699171,539.2355791384384,1646.4843149037793,0.717949,119.07
633.6010683704492,790.4468468624293,2142.786830075285,2627.529422223211,3805.635832468626,0.743590,62.43
557.8939697664159,2489.0046926272394,1970.2192149658676,3327.5695447987455,1655.3125778417336,0.769231,106.57
1679.5695900680917,2595.9307592236696,1734.4174119090783,1703.033665083361,2287.0485737158,0.794872,65.64
1080.477052581774,2519.613840841806,1050.7891859829922,3489.6495762087993,1859.470344384629,0.820513,66.33
1157.952101492178,2642.172416083619,621.1840385775453,2615.0645057164706,2963.626938130188,0.846154,117.90
1757.3665806044003,1782.4575428895046,2610.4076440062404,1484.1034788360892,2365.664753663765,0.871795,130.30
2477.0087363148423,2138.33300535482,925.5274057041956,1907.1913252187471,2551.939527407397,0.897436,133.02
2066.5030339750992,955.9822914332308,2223.6734252097604,2176.7593957310437,2577.081853650867,0.923077,78.22
2979.715430065434,734.6876057527807,3417.5648558358826,846.1003345357395,2021.931773810163,0.948718,83.88
2458.9284409861784,527.1106945271853,2704.1336729666764,2368.778896494792,1941.0482950251667,0.974359,113.94
2594.533768051832,2680.0704777375586,2336.100133701392,593.2203533056094,1796.0752672036078,1.000000,164.88
2431.9950421571775,2368.402718628621,936.7537290424099,2404.3112914310987,1858.5372187406927,0.000000,40.16
1710.6592886882736,1838.5078816181592,2249.7232609387343,2247.0131450493514,1954.0964237054804,0.025641,46.04
1838.0747897177282,524.0303694029888,2545.501904165049,3329.3222909661536,1763.070645748081,0.051282,0.50
1519.1300411385064,2273.158399836088,2090.0502901426858,2536.2284819912315,1581.4327868914897,0.076923,49.75
3769.9361681817,2756.4805023176036,1388.7380138643873,597.1114001835336,1487.733915452776,0.102564,32.00
3376.2977966275544,1623.2000390329272,1857.4645638456286,1259.7396948794915,1883.2979056143993,0.128205,23.28
3062.306045178628,816.1582301855317,628.7824352997482,2659.9759395471297,2832.777349788963,0.153846,22.02
2120.7911250080565,1840.1274087524887,2900.650423091777,2580.540169032126,557.8908741155514,0.179487,65.71
1086.922778414588,2639.570543828182,2867.4571119343827,616.257743380459,2789.7918224423875,0.205128,4.63
3366.5538671954496,586.9958078137086,1466.611191709671,1142.6528521041434,3437.1862811770284,0.230769,0.00
1654.9523241098905,583.1125498820206,1032.521867494522,2663.9568004004495,4065.456458113116,0.256410,71.68
1385.476450244652,3164.225808872324,2422.0116565665185,1812.882243559654,1215.403840756853,0.282051,36.32
2453.918354067631,3265.3692986882916,634.197258636904,2176.97854735389,1469.5365412532844,0.307692,55.15
1225.611217956398,2688.1708210412517,2702.970247259261,1467.399316738481,1915.8483970046095,0.333333,60.86
1589.9261142746134,2317.718092934316,1784.4577403460714,2262.7159594052273,2045.1820930397735,0.358974,76.16
2975.2976849598076,1256.3740476125265,3032.6068002460966,603.9328304605694,2131.788636721001,0.384615,34.44
2921.320296381818,2277.8030606581096,898.8068114388251,2768.1259749327496,1133.9438565884968,0.410256,57.77
2849.242735643399,3618.729451474852,1440.7443730525329,984.1695658661969,1107.1138739630192,0.435897,76.23
1186.7266758872895,2850.9993667825884,2230.7862568494515,1930.2666782384158,1801.2210222422552,0.461538,85.53
2573.76433107681,775.0347964788534,1782.407976890369,2010.5602226163708,2858.232672937597,0.487179,70.33
3066.9190248752852,1619.0028864636524,3000.29636545328,633.0834319081381,1680.698291299644,0.512821,96.98
1337.494381162158,3448.07136411504,1130.6601180088314,1326.1279753667186,2757.6461613472525,0.538462,101.40
1759.6553764774048,2087.6644803675517,2422.7045948034192,2469.2368711304457,1260.738677221178,0.564103,54.35
2212.3952055311834,1860.9917336217977,1897.4515531532911,2861.893529528085,1167.2679781656432,0.589744,56.62
1547.329839803487,3521.5092924927076,2419.225761958826,1248.888529880237,1263.0465758647422,0.615385,106.27
913.0252858258056,2003.417813852591,2469.971616352867,2592.095361965694,2021.489922003041,0.641026,105.82
1168.4050296275761,2359.922102776573,2913.5589547906297,758.0658630703307,2800.048049734891,0.666667,64.59
2131.91026241117,3532.7930620679867,780.4787688745319,2518.802671965966,1036.0152346803443,0.692308,112.64
3629.7730097547496,1379.73246106231,751.0618445730814,2694.134146950754,1545.2985376591052,0.717949,92.39
2592.4432385824584,1820.4654127006174,2169.5390743282405,1809.8568093781428,1607.695465010541,0.743590,81.76
1127.7666938769862,2732.9009656862872,2974.4663909468427,2232.169712078476,932.6962374114083,0.769231,114.19
466.9259527406587,1098.120695984725,1901.8631188693578,2741.6337737272574,3791.4564586779993,0.794872,111.86
2458.0180488960186,1665.606104194079,1099.1147150869192,3323.3686252289317,1453.892506594051,0.820513,89.20
2554.4521968711642,1823.2543801615886,1375.907173654313,2021.765584926591,2224.620664386344,0.846154,114.64
3148.2164532979054,2271.914988830448,500.546284229757,3269.906706998882,809.415566643009,0.871795,121.45
2503.1525422595673,2496.9727146554205,740.6456734720559,2617.8490094913864,1641.3800601215705,0.897436,122.81
1854.2349029125253,2158.8305425547433,908.3470759862352,725.0165820925478,4353.570896453949,0.923077,117.05
2591.606138645763,1058.7337244039522,3449.1331342740923,2344.970842331608,555.5561603445841,0.948718,132.31
1733.9926145603342,2188.2043026095494,1941.8229655806265,2805.51227913066,1330.4678381188303,0.974359,103.27
845.7705383891189,1002.8413544837987,2713.1292427877415,3289.0456067120936,2149.2132576272484,1.000000,92.29
3001.845016905623,1702.328510165694,1962.9034464744109,2170.474310159616,1162.4487162946562,0.000000,0.00
1349.7256275846562,2704.1984293215182,2241.560766705956,2044.247739205132,1660.2674371827375,0.025641,2.14
2390.0767626226393,2674.5909227304414,2497.7706495179077,487.0241000308558,1950.5375650981562,0.051282,0.00
3955.9540310739008,694.6616860881766,1682.200878017526,1855.113298045876,1812.0701067745194,0.076923,0.00
1761.9017907055381,1655.5485449295802,1856.9528558699828,1255.4538510153475,3470.142957479553,0.102564,0.00
1727.7790770891593,758.7933620091062,2903.648669062798,2143.101733685755,2466.6771581531816,0.128205,19.75
1060.3728111266526,1876.5308555207496,1617.7737841721753,3538.613840666181,1906.7087085142402,0.153846,3.33
1815.6730759791333,823.4246174666993,2640.6457030219144,2564.5073804328017,2155.7492230994512,0.179487,43.71
2347.5318067079747,496.2837033301928,2486.1974083962305,2714.598857124784,1955.3882244408182,0.205128,14.13
1232.2186850148032,2613.3326418355177,1963.0013360043608,1972.3609757084143,2219.0863614369036,0.230769,46.66
2429.8612095296253,470.54416416287563,3712.8109901743182,1807.46099714459,1579.3226389885908,0.256410,6.71
1096.1581586250745,2080.996381512492,1899.9702285261303,1731.1861420801738,3191.6890892561296,0.282051,44.74
4372.885709048325,2214.960091468181,1526.875327524065,714.9699968226743,1170.3088751367552,0.307692,38.84
1888.2471755361519,2494.448507298462,2093.9250621519955,1279.383826715751,2243.9954282976405,0.333333,59.88
2106.593921289979,3075.3375533391927,2114.895032466935,2045.2932761828372,657.8802167210569,0.358974,58.34
2689.314561130655,1050.7913485530446,2571.3200830121577,1584.7714721516713,2103.802535152471,0.384615,17.11
1342.621823740637,2801.0327523265605,1690.596633268028,2204.939097007704,1960.8096936570712,0.410256,33.98
2526.402877946668,513.5262414911691,3165.5637120258493,745.286867977004,3049.22030055931,0.435897,63.53
3182.0341616715264,2158.461348879974,1016.7149463571819,1800.1182695462203,1842.6712735450963,0.461538,76.34
724.5465513530518,4198.1007158014545,1199.758160175912,925.7527134409952,2951.841859228586,0.487179,95.79
1774.2798147493706,2573.997721786876,1375.9725295080634,1780.060937624039,2495.688996331653,0.512821,94.40
2986.4781820443272,2574.1920660673604,1562.1274648187825,941.9858864679619,1935.2164006015687,0.538462,36.56
940.39222878332,2885.149682995504,1536.7177416491636,1380.113834330345,3257.6265122416667,0.564103,65.34
2346.137605619718,2047.077225870647,1805.212756883208,3013.9537566319427,787.6186549944833,0.589744,38.20
1879.7385257008423,3287.604226544708,903.9536845493498,1640.637962773128,2288.0656004319735,0.615385,71.48
2606.799841583061,2625.1400272224255,2195.2136307595833,1433.0901730926569,1139.7563273422725,0.641026,86.69
1468.643604061894,924.265234883481,2937.898748442997,1729.1676904242886,2940.0247221873396,0.666667,75.74
1228.445653652239,1242.211577498274,794.2782953613935,2235.899312186605,4499.165161301487,0.692308,101.53
1562.4948295944016,2403.16555228153,1317.9910653889262,701.2760194992385,4015.0725332359043,0.717949,81.46
1207.928449768649,3087.348034293481,1444.0627610869778,2162.4640876240396,2098.1966672268522,0.743590,59.18
3051.8675970096424,915.9347343437419,1488.3551439212029,2656.7008372476735,1887.1416874777385,0.769231,137.38
1280.9112466825518,1645.1515908457097,2810.5478890996806,2624.3001399709806,1639.0891334010773,0.794872,111.98
1677.687296534516,2250.999988096109,2569.1472185955977,592.8077535978326,2909.3577431759445,0.820513,131.83
2237.267369201496,2524.784381830403,877.1327041646643,2874.7099464147245,1486.1055983887118,0.846154,118.09
1935.6950786102443,496.55280214512345,2868.1945755834845,3381.879578410592,1317.677965250556,0.871795,104.76
3112.5589371155206,1684.5824036350243,1804.2146124302153,1429.2393191193762,1969.4047276998642,0.897436,102.54
1238.0615088229672,3032.119185426816,1390.0017089951607,1531.408641402785,2808.4089553522713,0.923077,100.14
2957.288585661208,1266.6695961814364,2234.3004679084042,2065.166963406279,1476.574386842673,0.948718,97.48
3373.0206472254413,1089.941004627246,1397.7328089893635,2858.93208118113,1280.3734579768202,0.974359,96.65
1824.600740466349,2542.448805970199,1971.8126201093146,1679.2582680358328,1981.8795654183045,1.000000,94.98
3028.3954428810707,2061.5789269362567,2392.555877717009,650.2260801594017,1867.243672306261,0.000000,42.01
2320.6908541881885,2260.3001900021427,2995.3274640845525,1600.863043420674,822.8184483044412,0.025641,22.57
3110.503251348249,2068.499982645083,849.1889013382367,2297.943121159869,1673.864743508563,0.051282,17.26
2712.830456788617,2383.2027173496235,2926.2563999694203,1126.7373311792594,850.9730947130785,0.076923,46.81
716.7109210549195,2858.7171414316526,1499.4975540391763,2719.1954452887653,2205.8789381854854,0.102564,0.00
2889.753145592916,2796.068718283912,1446.2730349088204,635.7379972773645,2232.167103936986,0.128205,0.00
1966.8772514423406,1824.5910378078654,790.2289240419252,1907.3848817072674,3510.917905000601,0.153846,33.43
949.195241674044,621.4241660927439,4695.685573986862,3036.49264616759,697.2023720787603,0.179487,36.67
622.3642527780291,1949.881625275554,3211.0998144130403,1801.6750602737197,2414.9792472596564,0.205128,51.94
805.4960932896624,2945.9093272452196,2608.5655020343925,1256.4780284862677,2383.551048944458,0.230769,23.96
1557.4776861320447,2433.7007095648232,1200.0951265796925,2051.9805729416094,2756.7459047818297,0.256410,51.75
2443.7461494626327,3144.2873554222306,654.2732395542787,3132.803332978269,624.8899225825908,0.282051,52.57
3421.4195878921087,983.9305201945981,452.0962135130394,2533.32846672575,2609.2252116745035,0.307692,68.59
1703.1427871009641,981.5464872446339,1434.055894043459,2271.7667420703547,3609.4880895405877,0.333333,29.68
3540.425446754842,1459.056919715108,877.023637660261,1380.7563663202304,2742.7376295495574,0.358974,63.76
1688.7987536868445,1231.6894185360572,2524.368828149821,1635.454543132334,2919.6884564949437,0.384615,69.97
2355.2970578077975,1626.164794792925,1900.1004538850932,2487.796817790657,1630.6408757235267,0.410256,75.32
945.7281265606857,1350.4916589464822,3495.8802760537137,1204.0356932052985,3003.8642452338195,0.435897,25.74
4169.0262571818985,1436.1629598140955,2122.7602647127683,1799.0941332879981,472.9563850032407,0.461538,79.13
1121.7927463996944,2822.171287973366,1519.9022766711876,2136.726721453492,2399.406967502261,0.487179,33.77
1706.6584247339974,2408.8000121827004,1567.9073726954714,1771.9931250596344,2544.641065328194,0.512821,31.17
1794.2065387402608,2040.1452688445318,1912.4117394702685,1643.2273537826304,2610.009099162309,0.538462,71.96
3196.288666853853,2087.205175421895,1915.015564772842,1048.4508223844362,1753.039770566973,0.564103,71.50
3319.029136616847,506.3796807463121,3004.8602752643496,974.1604620328673,2195.5704453396247,0.589744,48.39
3316.644777670011,1125.3264546952291,1362.4870462355116,3334.7227375057864,860.8189838934622,0.615385,90.91
1417.8469430443563,2826.3704016699858,1315.6666904841395,1454.9770699915296,2985.13889480999,0.641026,70.32
3320.188363730016,1035.8288471701387,2332.1774654169644,1899.3017357992308,1412.5035878836504,0.666667,115.40
1526.2797272614175,1850.4284861810534,3667.8214633850157,605.7959775520059,2349.6743456205068,0.692308,71.15
454.666415298633,1230.2829238963238,3052.3426012947702,1679.287382375059,3583.420677135215,0.717949,57.49
1790.117604604371,900.9472437264544,2503.9260425697735,923.0805196211164,3881.9285894782843,0.743590,124.56
2249.581916801889,2020.8102411267162,1059.9073012443416,2344.0707299436526,2325.6298108834003,0.769231,122.30
527.4435928177484,4117.20449589579,1998.4556657594874,2804.8216913420133,552.074554184961,0.794872,114.73
337.80339499569374,1590.4216385472428,2910.7360618472912,2310.787101701246,2850.251802908527,0.820513,104.33
588.2085848640676,2459.2251477519944,2045.9205775822368,2296.217911095483,2610.427778706218,0.846154,115.87
2068.584362700158,1576.0125621899974,2508.123576479467,1258.3072319190028,2588.9722667113742,0.871795,99.84
978.0277734415464,2280.9379626869345,1214.0794385610486,4452.481291862419,1074.4735334480488,0.897436,134.79
1604.2658081401598,2318.331640023748,1627.615989800253,1508.6052070385356,2941.1813549973035,0.923077,111.06
1691.9795300415858,1886.2706357345746,1390.4269548370794,2673.5766329562894,2357.746246430471,0.948718,93.58
990.509982093317,3226.6111984232966,2309.636471089362,922.9723995660031,2550.269948828023,0.974359,83.09
2550.0835016029887,3105.1793180315776,2313.1919720549345,1339.1090606225519,692.4361476879453,1.000000,89.18
1498.52246671135,3499.524864536621,2750.669972076067,756.3015155581384,1494.9811811178217,0.000000,0.00
1279.1158926649746,3496.076600814519,3363.0773413528514,1319.398833118239,542.3313320494148,0.025641,25.44
3142.5806343509335,3007.680022496599,2560.15045637995,507.80651397816973,781.7823727943489,0.051282,25.71
753.6473154061997,2242.6765956422287,3473.8567808275743,1261.5689089551554,2268.2503991688423,0.076923,9.98
988.6538700454603,1770.8829771776218,3686.6370575325113,2121.9761509485834,1431.8499442958248,0.102564,20.88
1336.5947887755017,2499.123295766016,2611.157166018835,714.9702709099605,2838.1544785296865,0.128205,0.00
1344.6107225605635,3714.9208679321396,694.1245979755917,2035.0288345385034,2211.3149769932006,0.153846,45.51
1907.984017499956,3772.169812769026,1240.5585845619585,750.1179327851028,2329.169652383956,0.179487,64.85
2380.7955110233797,923.9022131552058,2317.6504514547482,2089.2820724153985,2288.369751951269,0.205128,13.67
1519.7123720317818,866.6972689528866,2074.601290444245,2872.3040839181,2666.6849846529867,0.230769,53.27
1841.5159500289385,1281.2554759034456,728.1641304740042,2770.7189786011377,3378.3454649924747,0.256410,8.51
1588.5988616616212,3145.7342673861385,2136.5977331646927,713.9851456350058,2415.0839921525426,0.282051,74.88
3668.017760829941,1717.694340870762,1562.5319896540022,1699.0643625921473,1352.691546053148,0.307692,57.13
2280.4406503798896,1262.7512131690128,2140.010157670563,757.7991396490673,3558.9988391314682,0.333333,69.55
2038.0913640035633,473.1485132432207,2506.7863404868826,2692.7874462316036,2289.1863360347293,0.358974,69.63
3237.056698115117,2163.9972349304426,2227.6275595088623,1340.073251543986,1031.2452559015924,0.384615,47.17
1350.808415911035,878.9013075981505,1391.4787891384774,2569.685325405853,3809.1261619464835,0.410256,17.55
2314.357854509451,1556.7621084098973,4360.951721549525,738.7901930626168,1029.1381224685117,0.435897,87.01
825.9264417637937,1819.6245480107252,1986.858640287163,3492.3162876487545,1875.2740822895644,0.461538,31.11
1085.6880749087554,2675.257683298785,2656.161663689197,1762.8084521420465,1820.0841259612157,0.487179,96.97
2080.3654474841587,2054.303059869441,1414.4089223053256,1981.7135146634612,2469.2090556776134,0.512821,45.40
3759.981156703137,3077.6396699589313,874.410901935446,1453.2338319441158,834.7344394583703,0.538462,71.11
2015.6008087775494,2462.191903156515,2853.153709857027,1916.7966344821425,752.2569437267671,0.564103,74.15
1686.4802487171403,1284.8802838303359,1756.6184510048606,1791.430959731789,3480.5900567158724,0.589744,36.40
815.7455827041333,4556.314286427127,1341.5882812635027,740.3847146042359,2545.967135001002,0.615385,97.28
1704.655673132634,1394.855558458319,1447.678335286532,3663.9199573104797,1788.890475812035,0.641026,58.96
1601.9071096172106,2992.1732775078717,3137.1065243504954,1028.4599805875228,1240.3531079368995,0.666667,76.76
3889.553814282148,597.6904112531462,643.0502955950121,3311.090685012363,1558.614793857331,0.692308,69.97
2773.0938414238685,1543.7132155971763,2318.9302626269823,2205.5680781677956,1158.694602184177,0.717949,103.99
1109.3323733309082,1007.0256981815338,3365.0064599455977,3122.3819511288684,1396.2535174130928,0.743590,68.17
3255.3350900241708,2021.6805584555734,2412.193740929536,1070.7713487814722,1240.019261809247,0.769231,62.75
1222.2100376809403,1955.2934694530413,2081.1513989138725,2490.418890904206,2250.9262030479395,0.794872,72.18
1070.0103195531594,1852.522285896692,1793.2074337888503,1757.531422472597,3526.7285382887017,0.820513,79.93
3596.871103948972,592.6412973862649,558.7788566935951,3611.899416329452,1639.8093256417148,0.846154,109.34
2333.4753524454586,2452.470628939893,564.0672006277047,787.9823889490108,3862.0044290379337,0.871795,139.64
2211.3853385946613,814.5306506272193,632.4501410922767,3453.168904366088,2888.464965319755,0.897436,122.07
1857.6809795923527,2071.5206950298953,2895.783310154075,1579.547344724288,1595.4676704993897,0.923077,90.90
1925.9289278846531,1741.5490816359343,2248.2241080766157,3065.465914680269,1018.8319677225275,0.948718,80.82
1787.15622824031,1318.269781122025,2960.2332607862945,2245.6962180019204,1688.644511849451,0.974359,155.72
1410.495249051246,4029.893635637986,1707.2315861524226,1506.3283308483065,1346.0511983100398,1.000000,125.43
1412.8957365950714,686.6406363456684,3009.3466297553605,2467.7850163027238,2423.3319810011753,0.000000,0.00
2320.858926121829,1702.1919985057536,3257.2382098162525,1586.9697423784112,1132.741123177754,0.025641,42.83
2148.347164940584,2752.6260352369054,2754.1552215215534,1418.6901627228967,926.1814155780603,0.051282,8.31
409.20238224019914,2507.960471233804,2111.5591053570047,2635.8441506914496,2335.433890477541,0.076923,3.86
1277.09790903206,1145.5506531042665,2520.813313910365,1157.2506631232866,3899.2874608300226,0.102564,28.07
691.7356536949429,2546.314192955555,3046.1060472488166,2460.3185864937113,1255.5255196069752,0.128205,15.63
532.2555102912781,4399.0022889602515,799.2995409886553,1313.0405182518402,2956.4021415079746,0.153846,46.68
1969.489754982554,633.5973781004918,3161.7841105888883,979.4847831710597,3255.6439731570063,0.179487,19.59
3533.77504970258,2355.199344542326,823.2123486541309,493.93248548757504,2793.8807716133883,0.205128,24.25
2759.9748103969337,2193.1446211045118,776.5962349231135,2097.5846177206704,2172.699715854772,0.230769,33.49
3004.4838746772357,460.3298596849224,2193.1590523586333,2338.6463795442473,2003.3808337349608,0.256410,24.56
2195.039283831824,2645.1270963580196,2608.0264167648143,1392.1255318017186,1159.681671243623,0.282051,34.98
3680.148239872057,935.663097404135,2611.546280904061,870.1982469377459,1902.4441348820012,0.307692,44.79
1524.3936775881266,924.9236603457637,739.7264403108735,4644.880266508544,2166.0759552466925,0.333333,55.89
2980.638386561067,451.1984239467826,678.7055166265951,3258.6904409947433,2630.7672318708105,0.358974,55.33
1127.125395595244,2447.8560597584624,2308.5016634083836,2495.6584723589763,1620.8584088789335,0.384615,64.00
3432.9446141945805,2118.7796056821785,1738.0042650027954,1109.1793100534996,1601.0922050669456,0.410256,90.54
919.3761251168778,2205.592763199241,2060.662183717669,3209.7289752028432,1604.6399527633698,0.435897,18.62
3842.3759303019583,642.7006116772909,2707.862826069698,694.9458348382338,2112.1147971128185,0.461538,65.80
782.6435429713895,1866.4241222718013,2479.2805339080255,783.412658379204,4088.23914246958,0.487179,54.88
3401.740116288582,1583.3889275784893,1563.8216633107463,2020.6599549745845,1430.3893378475987,0.512821,77.99
1238.0757053285809,995.2098246348817,952.527511380266,4872.280735151721,1941.9062235045515,0.538462,47.21
997.5626775152292,1658.6289880241438,2015.4978423847786,3028.3427714064346,2299.9677206694128,0.564103,92.59
1125.5169727956686,2580.6963563457994,2192.521104280593,3055.204471011251,1046.0610955666873,0.589744,78.12
2788.5262260056734,2505.4750797694273,1788.1543149909753,888.187042359289,2029.657336874636,0.615385,94.56
1648.8930384661326,1702.148800335429,1371.180893987425,3243.5195584215235,2034.2577087894906,0.641026,88.98
1090.5992623541638,2544.8888576347263,1127.6695825383963,2260.0757899949267,2976.7665074777874,0.666667,108.24
2182.547950894896,2419.6160468893772,3219.8311786905774,1345.5645685617833,832.4402549633662,0.692308,89.52
1781.2788164838037,2912.5606083462617,646.2891933175962,992.4561230500586,3667.415258802281,0.717949,91.15
3249.987726287188,999.4676180040042,3412.931776970402,1365.2476478837746,972.3652308546319,0.743590,98.82
3235.937824475423,2869.7704363151174,2516.8640587585346,698.4862196883028,678.9414607626229,0.769231,63.77
3481.8074478028316,1432.9135046242507,1623.8935916379762,1161.0855778672017,2300.29987806774,0.794872,77.33
1480.9024245737169,1128.0040071125266,1729.1517706512354,2757.564242818219,2904.3775548443023,0.820513,71.09
2986.8752690223555,2825.463719092271,844.8682505337669,608.2190587665613,2734.573702585045,0.846154,87.73
3983.538589206394,1185.4658391256446,2472.007253986492,1314.352247968273,1044.6360697131954,0.871795,84.14
1287.9877143438912,2474.053487304127,2774.5593443109606,2748.869680594499,714.5297734465227,0.897436,105.60
1820.472818937685,1212.4236660581857,3763.929846888439,729.2382163948117,2473.9354517208776,0.923077,155.87
411.4960033300211,2399.1564449897537,2669.5804147012673,2105.969166815404,2413.797970163553,0.948718,134.53
2391.3328611086954,1441.9463137005503,824.7051195768587,3276.7426947970275,2065.2730108168685,0.974359,126.58
2947.657043609856,1527.5789076275203,2150.718839909628,1671.217204847796,1702.8280040051986,1.000000,128.77
2379.0054181087253,2496.684191483945,3562.6709950673776,730.5041315946495,831.1352637453028,0.000000,0.00
2806.323923684276,1266.933148784543,2610.1556020710505,2415.5672828226816,901.0200426374502,0.025641,19.17
2471.0894730546147,1227.103717012294,3798.540893673397,1425.00249306405,1078.2634231956424,0.051282,0.00
1625.415536288684,2401.7922158151778,1990.5874102808568,1651.762215935768,2330.442621679513,0.076923,37.44
384.3281470931596,2740.4812489403516,1559.1355955820159,2576.165290321695,2739.889718062777,0.102564,0.00
3169.7516879077643,1840.7840994402163,2160.215146378075,1644.556630790103,1184.6924354838425,0.128205,60.29
1690.67790657507,2377.970432583307,2841.8233642785212,2195.536198038395,893.9920985247061,0.153846,42.37
2418.5087569327566,3105.2727005476004,698.865684659637,1418.8173535778524,2358.5355042821548,0.179487,44.89
3193.706338481047,1901.8543934291154,785.0874487019549,1546.2980931381312,2573.053726249752,0.205128,28.92
960.4029277507934,2530.8744221109437,1759.581508346111,2203.670030143374,2545.4711116487792,0.230769,55.00
2612.673116045784,615.1364924584385,2000.3222207272138,2952.2784068047554,1819.5897639638079,0.256410,73.79
3347.5184620010186,3387.028940139164,1019.6062807057971,536.3510683398329,1709.4952488141882,0.282051,45.60
2657.258045393142,3087.1338863952997,1353.6612524406426,1973.2383021083217,928.7085136625938,0.307692,76.36
2196.1793718323056,2350.8190016904405,1608.0745370612085,773.2836000133459,3071.643489402701,0.333333,26.18
904.4711137087296,2629.9987889289846,3658.4780464346527,1868.3684243052585,938.6836266223738,0.358974,66.41
2528.8337928626997,1654.6462766155298,2206.392470452535,452.1936091345751,3157.933850934659,0.384615,55.82
2401.2352557134545,1083.1077287850283,2712.221848572546,1488.414415878238,2315.020751050735,0.410256,67.52
2339.016400233677,2588.3912051377065,1709.7193429794515,1081.18894359874,2281.6841080504264,0.435897,93.59
1077.8888466136334,1462.0083984588423,2729.3021364460246,2406.449748526027,2324.350869955472,0.461538,85.97
2798.0807697623763,1977.1601371068543,1073.863325393075,2002.8491065766245,2148.04666116107,0.487179,69.91
4107.0872379384255,2070.4814133814193,638.7555774523927,2251.181439719058,932.4943315087056,0.512821,95.67
3094.734443068258,521.726767464289,3024.51500771849,820.8297181243662,2538.194063624596,0.538462,34.57
2919.5046320500046,3081.360749532644,1239.4574187951519,1689.4045553216106,1070.272644300588,0.564103,111.36
1820.9106059601907,1098.2549460584912,2452.053994821183,1078.036892526842,3550.7435606332924,0.589744,58.31
423.92928004521116,2854.05573952044,1215.1206641495144,2985.6891772291547,2521.205139055681,0.615385,90.70
2330.3809827883606,694.3687903371303,3482.806255420835,874.7732693209639,2617.6707021327106,0.641026,71.08
4312.801556167948,1023.0294398912399,1631.2219231373037,683.2477372428982,2349.6993435606105,0.666667,89.04
979.738571165963,3584.419556810898,1231.4181310373115,2982.7820185456826,1221.6417224401453,0.692308,71.96
584.1300684430095,524.3422161777851,1907.0598708163984,3502.2392392401316,3482.228605322675,0.717949,62.89
2195.147320340481,2280.301156437783,1369.511082134943,2192.4851561649457,1962.5552849218495,0.743590,83.70
1478.43667598966,2107.705448860869,2461.8754230366185,1576.3142304486778,2375.6682216641743,0.769231,109.91
953.7845162732056,2694.9259997397417,1434.6624149986537,2379.4066668797527,2537.2204021086454,0.794872,125.27
494.4646162273536,2577.6588397897117,2899.521122520746,1916.2929135210316,2112.062507941157,0.820513,100.24
1420.001038175121,1312.5997809561081,1307.4552285670586,4310.954825135525,1648.9891271661882,0.846154,127.91
1788.4175863471075,2287.95698489727,2433.8425544203496,1157.1935315234791,2332.5893428117943,0.871795,74.94
787.8148722988099,1728.491364919489,2796.7317024148783,1665.3811252352018,3021.5809351316207,0.897436,73.93
2559.0751920835514,1635.7455637247208,3551.55370291614,1581.8803264566436,671.745214818944,0.923077,128.13
1162.5246261759926,2269.1727952436177,2816.20190643603,1165.1588232805693,2586.94184886379,0.948718,155.71
674.4649869541904,2035.9718575342956,2701.2950215706264,1792.6437809545653,2795.6243529863227,0.974359,96.31
1177.7647196832245,2813.001112654249,1176.0315947547508,2580.488737965756,2252.7138349420193,1.000000,153.88
1665.0491697781968,2712.6234186607207,1409.7241558570372,1712.209259380238,2500.393996323807,0.000000,35.61
1547.8084018408067,480.4278232864028,3241.5917930340484,3333.4666728914617,1396.7053089472818,0.025641,38.30
1825.7849841458014,2457.721059650687,1548.6678872476084,1091.793625236147,3076.032443719757,0.051282,0.00
1880.335598281184,2219.371187756721,2112.1604196705107,1886.4733812212555,1901.6594130703272,0.076923,20.48
2774.989433268632,1798.6627040616652,542.1963287203297,2804.802949604727,2079.348584344648,0.102564,0.00
723.908767276791,3522.7657144841746,2317.2464848113336,1487.7896596781402,1948.2893737495617,0.128205,32.92
3760.2214906625445,906.0957027279974,2263.7936640492776,544.6963668048516,2525.1927757553294,0.153846,0.96
2604.688173972325,2324.7458336724026,1398.2898522557987,443.27456097548594,3229.0015791239866,0.179487,32.26
883.2563142852938,2741.9622883243865,2975.222236096833,2766.756865084016,632.802296209471,0.205128,7.02
3731.9913568473157,1796.875528736175,1306.9816835102263,780.4010037876045,2383.750427118679,0.230769,51.03
2949.1238605785156,1861.0926054937652,2463.5832773469533,1378.0228377544877,1348.1774188262796,0.256410,73.43
3014.3086878953172,673.2378448007804,2624.7738938385364,2997.123140555068,690.5564329102976,0.282051,8.28
1060.3037641360518,3408.325457216708,3021.246628707021,912.9999267512299,1597.1242231889896,0.307692,55.61
1205.2686136794453,1879.7170274145612,457.4539357608237,3212.808042565016,3244.752380580155,0.333333,42.38
2591.094718393544,2639.496957287265,410.52840379315603,2024.4028479124142,2334.477072613621,0.358974,85.88
376.5831483212111,2830.68381626221,2965.3347645682425,1616.892364881897,2210.5059059664395,0.384615,75.63
1641.872629923451,2588.826906450313,1454.472102196882,837.202286064772,3477.626075364582,0.410256,33.61
2107.5948898290794,2078.827831174506,1968.5380123930302,2355.8769399877547,1489.1623266156294,0.435897,38.45
1593.6866277815946,2839.5055140253703,1333.0160069571593,2817.09289781278,1416.698953423095,0.461538,62.55
1241.2365167896119,2420.491285601279,1869.8411797792126,2457.800237443688,2010.6307803862092,0.487179,72.94
2464.788514439923,1654.2060000297472,875.6649668294147,2602.2516653421235,2403.0888533587918,0.512821,54.82
2955.9568192977254,1019.6516534407344,1346.943426005781,2982.0008329047378,1695.447268351022,0.538462,53.11
850.8942193380576,1950.4399720396482,2878.1701549139193,1705.9086988452254,2614.5869548631495,0.564103,35.53
2488.3877728001794,1564.7315944004872,2414.349517399588,2125.228774025466,1407.302341374279,0.589744,109.60
2552.2228759089317,2356.3843292174483,1190.6156587003918,1270.2097714404802,2630.567364732748,0.615385,109.16
862.8016361797294,3502.095987526951,1686.5740922322398,1130.1242673451015,2818.404016715979,0.641026,111.88
744.3797769022152,2261.7952493361768,1504.6235259640112,2178.4561768303065,3310.74527096729,0.666667,82.96
1200.283938423955,700.1009502185442,2485.279032074634,2346.444215163944,3267.8918641189234,0.692308,115.08
2412.918601628417,1657.7181227061576,1694.9735804010231,3244.0060081866563,990.3836870777457,0.717949,130.10
916.7424757727897,2289.7592365089367,2685.1971237580606,1815.164353105496,2293.136810854718,0.743590,97.90
2361.362873668167,2832.9163605674694,2224.69077342733,1534.786058740619,1046.2439335964145,0.769231,130.91
773.5083537578007,3346.175287764013,1678.7025846527902,1570.4221416267471,2631.1916321986487,0.794872,78.26
799.5430798135516,1710.6530749750868,2022.7187344404629,2339.1445939663745,3127.9405168045237,0.820513,140.31
484.1476205624345,1957.7856558979718,1407.0615091648726,3143.772698563366,3007.2325158113536,0.846154,90.11
2644.579286816192,2702.612635512812,2977.99538176012,478.77501556319066,1196.0376803476854,0.871795,109.12
1865.3549238737446,1461.9782837453338,1706.2586950382736,4286.844307174746,679.5637901679038,0.897436,85.36
2567.161486565265,2250.4467981743446,1154.2797588182932,1837.681623724097,2190.430332718001,0.923077,129.10
1841.391649171945,2198.3000820766615,1977.8908992560252,2653.2434467763896,1329.1739227189794,0.948718,93.15
2613.150671535692,1243.3703112072114,1827.588239081391,1887.486971348347,2428.403806827358,0.974359,91.89
1935.3925618261746,2932.2370310896868,737.0747767639036,1360.7917792758976,3034.5038510443364,1.000000,119.03
1751.2260930119053,3169.8897379822392,1098.5928217816247,2441.1810989444057,1539.1102482798253,0.000000,30.73
544.6228657315952,2188.229723880902,1352.6402550571481,3654.2315925119497,2260.2755628184063,0.025641,0.00
850.4584490789077,398.8210707237158,2665.1968637724917,2638.143352695298,3447.380263729587,0.051282,34.69
1784.3755430692258,1878.8731324779803,2895.3809979382345,986.6935496546663,2454.6767768598934,0.076923,7.01
2611.4062846551174,1917.177764833731,708.8267155026853,611.5581890373833,4151.031045971084,0.102564,14.67
1940.6045713274955,2513.9448729139326,1117.4997403639854,2568.1791253237966,1859.7716900707906,0.128205,17.11
2045.0250690814623,757.0299803021697,3402.232916883434,2537.8030272131946,1257.9090065197397,0.153846,8.63
1884.9106218603063,2852.1869391912937,2939.658430907343,791.3535070822296,1531.890500958827,0.179487,39.70
3435.7814387548233,1264.7885684677894,3357.0505216052643,1481.6157626165593,460.76370855556434,0.205128,33.92
884.8746162554145,1739.7662704903264,1749.1708835139752,2718.9527455271354,2907.2354842131485,0.230769,7.27
590.9405826515456,2151.298305373332,1874.2128516283592,3508.0839880804133,1875.4642722663489,0.256410,19.77
2764.0196539792123,1705.0084538155352,367.58113695357065,2757.433735574989,2405.957019676693,0.282051,69.67
3123.1321519015282,2272.6133188548874,1027.4356888790944,1855.184760992153,1721.6340793723368,0.307692,36.62
2190.4564313429105,1497.8345995145457,631.21050441052,1886.3071046414732,3794.1913600905496,0.333333,17.01
1438.21193855063,610.6364861611767,3550.462408288367,2678.2252685826625,1722.463898417165,0.358974,74.10
3388.8781556471936,2140.4463436693786,2227.4558498264305,1839.4039930489537,403.8156578080422,0.384615,84.16
2450.6889639513856,1248.5138358966212,2685.563808747106,1591.5852119319975,2023.6481794728916,0.410256,63.30
1046.6575690957286,3858.953215003777,1954.083684670712,869.7437815409523,2270.561749688829,0.435897,95.25
806.2747435654055,2194.680092323072,3477.1633428286505,1019.3635101056868,2502.518311177184,0.461538,82.47
2780.695930518148,3579.8936157259604,2016.1415248375195,596.762315417789,1026.5066135005836,0.487179,48.19
3111.5909414640137,1411.4389567483338,1619.8262482914054,1249.8240709187678,2607.319782577479,0.512821,68.86
2567.3353892480286,1641.6111457997606,1691.4035823761465,1955.7263005498469,2143.9235820262184,0.538462,65.09
3130.1906910166676,869.0927144886423,3202.602366965845,2190.1379038585546,607.9763236702912,0.564103,46.96
1500.8649700475462,1597.1820387941877,2329.0909754704203,2036.5640601908938,2536.2979554969534,0.589744,61.12
590.3900367828077,1034.196263382039,3510.9906037311257,3482.085740669555,1382.3373554344712,0.615385,96.29
2851.123921120579,526.0343835515432,2962.3746709458587,990.0608472319707,2670.4061771500483,0.641026,76.28
2130.2774217926017,1125.27896378974,1314.8515358832467,3263.97025784619,2165.621820688221,0.666667,53.31
1825.5860081582048,1866.7146946129235,2650.878827172555,1926.552096007205,1730.2683740491107,0.692308,119.63
2569.935335036094,4017.2736109431717,1777.9600451251213,771.0841601378153,863.7468487577986,0.717949,101.32
2072.550000486874,827.6212910368995,907.6347608636235,3161.8492977777364,3030.344649834867,0.743590,54.44
2511.2102246655586,1398.8113475624964,1962.5523417104052,1882.490418815437,2244.9356672461013,0.769231,129.44
2245.7674684561634,2514.6123030224103,3859.1990639713463,814.3363142049892,566.0848503450903,0.794872,136.08
2143.3879026276254,1955.953134301515,2254.069368953333,1611.2129993475155,2035.3765947700122,0.820513,106.66
1929.0826401845954,947.3526588975803,2336.969845139592,1941.0377599774936,2845.5570958007393,0.846154,74.49
1668.0406287921621,739.9474346834339,3683.2839550346407,845.8652798067696,3062.862701682994,0.871795,91.48
1093.0058675660175,904.8580461507273,3644.2063577142053,1177.7419357612005,3180.187792807849,0.897436,128.99
1332.2974160240599,1534.6370587186684,2012.805335745666,3302.904066063462,1817.3561234481435,0.923077,86.30
1868.5760782907641,4188.869608684375,683.3086458526313,2735.2048385061903,524.0408286660393,0.948718,147.31
2140.544474525961,914.0099785954656,2214.2181013081417,2924.683898525673,1806.5435470447567,0.974359,108.66
1767.9793084713406,630.1630090700899,3613.4411532919307,1266.6632042319418,2721.7533249346966,1.000000,98.87
2274.144894734142,1920.3969207165385,2242.1363556111687,2233.8403419865595,1329.4814869515906,0.000000,2.25
2871.3296722263467,3065.5768022875786,1301.2393636912943,1429.623995627847,1332.2301661669321,0.025641,0.00
3445.554670308174,3601.4904598243033,1948.3140534889446,449.39040133847817,555.2504150401014,0.051282,38.93
2311.70965822047,778.2920439881377,2588.032048855896,3141.745058228062,1180.2211907074322,0.076923,32.28
1342.3744781613434,2679.312480087418,2507.044671886621,2438.1107022946885,1033.1576675699293,0.102564,0.00
1198.3447053877296,3541.583657785387,1825.4247542482426,2017.84794975036,1416.798932828281,0.128205,0.00
1844.5447691143522,1848.6402204578922,1069.4695403316248,1974.3370447040202,3263.008425392109,0.153846,21.96
1235.4123991512215,2375.062355201259,2187.5640817217127,1756.6737751206654,2445.287388805141,0.179487,0.00
1217.232136140651,2285.931319977881,2122.022950745007,1744.4756905406482,2630.3379025958125,0.205128,0.00
3822.928221030585,903.4093375853315,2182.0197361926203,2175.878986104036,915.7637190874276,0.230769,0.07
2247.2793708811887,2053.807856301738,1872.4760758387363,2336.1140810178445,1490.3226159604928,0.256410,47.70
1959.3295096822048,2217.59639898614,2964.6363091464095,1345.0968677170133,1513.3409144682325,0.282051,7.15
2966.001282403673,998.2582248647301,3128.737965498403,1241.5948626106988,1665.4076646224958,0.307692,20.80
2337.1050998109067,1126.640495377418,2206.8045289158094,2377.104004259164,1952.345871636702,0.333333,19.05
2425.242732737765,723.0968270400124,2479.9384664061868,1739.5493359764891,2632.1726378395474,0.358974,79.01
2832.4606295125272,2220.451821612856,1457.2959446322482,2136.794084993161,1352.9975192492093,0.384615,84.66
1130.8748753961281,1517.0147253191792,2329.720777368268,2105.1954991421517,2917.1941227742727,0.410256,28.15
2772.2714115526887,2566.1640013963374,1718.0690065593187,1967.9074290635447,975.5881514281094,0.435897,69.21
2454.8199725413283,1717.4378027966093,560.6477812933634,1957.3661087262449,3309.728334642453,0.461538,78.24
2774.3337257394483,1875.8425467973486,1060.8113779074577,1704.336635044889,2584.675714510857,0.487179,45.42
3586.3102434331136,1724.3574308002003,2146.214519036371,1936.7384285941196,606.3793781361979,0.512821,42.84
2831.112632010181,497.2889910422228,1077.083818985872,2841.2205748015176,2753.2939831602057,0.538462,98.44
2211.8850290315254,2683.4307652690927,756.3989760410155,633.2215742659267,3715.06365539244,0.564103,91.19
2415.7257808012123,3352.3940845227794,691.6627626956498,1542.6068504051602,1997.6105215751961,0.589744,47.24
1171.8977293807427,808.9119995079676,4340.7609735780525,825.602588408288,2852.82670912495,0.615385,49.96
1135.6148462449833,1092.4370098321635,3925.7480054653133,1012.3616205790236,2833.8385178785156,0.641026,100.89
3306.829366478735,2241.157162203352,1358.3348358238945,1161.3472877166191,1932.3313477773997,0.666667,86.55
1656.6357646227464,2185.869437309123,1597.876007646991,2789.9494346170386,1769.6693558041015,0.692308,90.27
2322.462236536961,3714.469458269345,1460.6542256341816,1170.906113780478,1331.5079657790343,0.717949,87.71
2565.291975089624,510.7881545124152,629.0315565835488,3098.2578469270757,3196.6304668873363,0.743590,134.24
1222.8082267111465,2553.4857133550436,2550.2686519092285,1749.207221077772,1924.2301869468104,0.769231,77.55
1847.9668580539521,799.1936279233756,2749.0679606203294,1731.6087245278966,2872.1628288744446,0.794872,121.18
2139.937557282865,2065.8300810416717,2080.7113325121563,1551.1790976819373,2162.341931481372,0.820513,77.57
2700.205253177286,1280.9289101783966,1489.7713355910514,2016.9820930430697,2512.1124080101977,0.846154,133.82
2544.9966471932094,2294.1966523074598,2235.587469930359,1850.4228104649187,1074.7964201040527,0.871795,72.85
2233.491149639289,1458.3796832437238,2722.26148663195,1080.6795806268144,2505.1880998582233,0.897436,122.16
1759.2040711108284,2834.6963902102557,2377.230617957881,401.0998237071413,2627.7690970138938,0.923077,91.53
415.3061720950774,3457.2172320595955,2895.2241192629376,2174.4442295447475,1057.808247037642,0.948718,155.50
2779.4840804257133,2125.771125742649,1212.5387049269589,868.4952496118067,3013.7108392928717,0.974359,125.25
1431.424336112738,3019.963227024175,1477.9565258002544,3089.9274939179368,980.7284171448947,1.000000,91.51
3628.30596634694,1581.1494755147075,2159.0571450738353,1142.0255209147067,1489.46189214981,0.000000,1.57
3571.5578109500048,858.1816488815053,2183.259089801527,2416.8624462902435,970.1390040767197,0.025641,4.98
2758.0478055968138,1287.2314971168382,657.0699914270755,2972.9438761190277,2324.706829740245,0.051282,11.07
2066.818162643884,2308.073796190464,2319.07308553187,2830.9275869503613,475.1073686834205,0.076923,37.16
2331.902679308836,3073.30491249875,618.3473413360861,3403.238581404433,573.2064854518942,0.102564,0.00
1722.699573754172,2611.605375075615,1117.5508146172801,3056.6238519402327,1491.5203846127013,0.128205,58.10
1671.7198482122992,2542.7395195897243,2356.7052367874294,551.3899436724638,2877.4454517380846,0.153846,31.68
2886.695402084686,611.2838393283131,2121.0598904630187,1403.4263470297192,2977.5345210942633,0.179487,43.19
1953.0927051581677,2690.719818558699,2963.187339865265,623.2886587060359,1769.7114777118331,0.205128,27.14
987.7602564658448,1984.0560280022487,660.8407094212431,3285.525186272552,3081.81781983811,0.230769,55.76
2363.1201154344167,2789.6460151211936,1517.1367571244946,2071.0861748500874,1259.010937469807,0.256410,0.00
2490.2125823504675,2170.1969956012517,578.6290862293833,2335.251179967008,2425.710155851889,0.282051,8.31
3579.675168675191,1696.2838762862891,2122.1248918727197,578.8856175845178,2023.0304455812807,0.307692,19.40
1069.8941379868236,2294.798043094985,1225.9022771894654,2755.317468232696,2654.0880734960297,0.333333,60.28
976.4173559609787,2620.6948545145374,1096.1447062631498,2760.39026341251,2546.352819848824,0.358974,63.93
2840.810453333297,575.5758259370948,2829.245189141371,3258.98496880797,495.38356278026754,0.384615,85.52
1619.0648541002859,2967.4479567051676,2829.156985384305,1670.7111855040364,913.6190183062052,0.410256,71.01
2115.9804948291458,999.2333799637888,2317.4750160220374,2285.599839716215,2281.7112694688126,0.435897,41.03
1707.4851929558265,584.6636956701536,1934.3943487434128,2588.3174264801737,3185.1393361504333,0.461538,32.28
2260.9593619874704,2112.556761569218,862.3779953388918,3354.6579296711284,1409.4479514332918,0.487179,84.28
3144.3552593807594,630.2972481097977,1820.485935308501,2288.368387030817,2116.493170170125,0.512821,106.62
2919.556316670124,2665.1747733200723,1003.8689438538379,2111.1369432986194,1300.263022857346,0.538462,56.06
1244.8033538405105,1115.4349498208235,2550.899867842137,2063.1912146867676,3025.6706138097616,0.564103,60.96
1185.9596708456957,2885.50660173616,2155.8492701100176,2726.8010779362253,1045.883379371902,0.589744,86.04
826.6387838759149,1249.5813049083627,3390.440614697645,1919.7460120010796,2613.593284516997,0.615385,44.40
3398.961627722363,1193.3650270071012,1800.4189374674215,2296.7020125502618,1310.5523952528517,0.641026,89.22
2777.1558724572164,2634.8086427511294,2889.824801585652,861.2412731936735,836.9694100123294,0.666667,57.90
585.6105655538488,2652.3391904216655,1001.3816211939815,4010.6499375995577,1750.0186852309482,0.692308,75.30
2360.885374493592,2777.6939609540977,1582.6346139466677,1149.1582993699376,2129.6277512357037,0.717949,116.02
1313.0573901357584,1858.4950329741055,3534.5106077222786,1444.7064644351356,1849.2305047327236,0.743590,55.59
3276.635309198182,744.1485601171804,3187.9632608113866,1043.7054181155509,1747.5474517576986,0.769231,92.85
1464.9129723547535,2808.3710523471714,3052.276999411087,380.56504097817407,2293.873934908815,0.794872,105.59
2322.4146729674876,2430.1935014553824,1159.8810004871596,2524.4793351809167,1563.0314899090533,0.820513,123.37
2530.634228093627,2867.5496229598903,1025.3936330852362,1624.6255515097334,1951.7969643515128,0.846154,100.29
2718.206630436587,2564.7388621073255,1154.8337380709272,1901.3182431438229,1660.9025262413377,0.871795,128.42
2984.611436302596,1611.873790706106,902.6256073999259,1998.3116604523361,2502.5775051390356,0.897436,130.51
2905.142094198396,799.5729357841817,1136.2088190437798,3165.3933136180467,1993.682837355596,0.923077,98.82
642.2319250675664,2105.0832739751463,1827.419238000349,2670.142352048784,2755.1232109081543,0.948718,100.54
3433.1873885100435,1393.965417894375,436.24163031038177,2007.8576244947456,2728.747938790455,0.974359,145.67
2443.7006110758343,1940.8433040660577,2377.325657121491,1924.138904898137,1313.9915228384807,1.000000,143.91
546.2158854632467,3414.0115075052536,2685.402407608169,1531.7819753721606,1822.5882240511708,0.000000,6.19
1497.4558536916268,2136.29628215452,1061.7041948331066,2972.388360315758,2332.155309004989,0.025641,20.31
2181.2562393308635,2227.764274960588,2149.8914739887923,2254.677517611954,1186.4104941078017,0.051282,51.12
2905.6141134253703,3233.2023769088473,849.8883577010739,1399.0228412640504,1612.2723107006586,0.076923,0.00
3500.7923930962593,2315.651921911667,2578.530097168452,902.052992990828,702.9725948327944,0.102564,41.01
2877.13877534323,1145.2668515799946,1577.3977605905206,2221.733403548989,2178.463208937265,0.128205,46.19
1528.0240563277557,1554.7335327552446,2484.1732557758164,2272.333724928975,2160.7354302122103,0.153846,29.05
2290.9079124209798,3059.2817758922756,3270.5183891259044,949.1151717803898,430.17675078044977,0.179487,35.32
2309.0317618701865,1808.4098714071165,1575.4510963028704,2291.1406455417687,2015.9666248780577,0.205128,16.14
1548.7002708758644,736.1313352426325,3706.4899324262656,2310.8030865749547,1697.875374880284,0.230769,17.50
2896.4363463713826,1846.8785602891505,1635.913684035639,612.5010932111154,3008.2703160927126,0.256410,23.81
1928.7333042436946,2260.5129820668526,2567.906866038814,1589.3786125921556,1653.4682350584842,0.282051,68.45
436.0595365272489,2524.351814056054,2535.4226604943633,2065.035138696212,2439.1308502261218,0.307692,73.96
1309.9899045744828,1604.0598612898143,3344.8071739580523,703.7448134730394,3037.398246704611,0.333333,76.44
808.4414473592775,3526.4338643774477,579.2719657090379,3320.2210323356867,1765.6316902185508,0.358974,83.33
910.2797136416872,3493.166426863194,910.6164428752978,804.4307768072413,3881.506639812579,0.384615,76.24
2402.4874406021904,2184.293728513104,2583.3130102779496,634.5993438285451,2195.3064767782103,0.410256,20.99
3081.2951456503065,1388.0936303320505,2986.249832039363,614.1330685144397,1930.2283234638392,0.435897,85.19
3460.1908095581134,874.175608937028,670.2701699590278,1640.8320599782219,3354.5313515676085,0.461538,49.70
2289.3973971214814,1612.0659258263977,2273.0071591439055,2025.7482433233115,1799.7812745849058,0.487179,88.82
3269.764015287778,1214.62022305592,2420.5826827728956,1501.4691173471967,1593.5639615362106,0.512821,39.34
806.3077035398494,2819.442958291506,2608.7625998877274,1795.50762461453,1969.9791136663866,0.538462,69.21
2719.9299330982303,3286.2097833481334,1192.742130312045,2230.4040510452846,570.7141021963073,0.564103,85.31
2129.1935780189037,2276.7717906466532,352.02235592725424,2393.4943254897844,2848.5179499174037,0.589744,83.41
1094.7785331188957,1505.9297015058378,4285.977237088014,1804.4763719650186,1308.8381563222347,0.615385,76.14
3063.659434871045,1861.3418636937004,1491.2917462407042,2537.3827844840625,1046.3241707104874,0.641026,44.60
1751.5906857000705,1430.6621166553841,3133.1794286148315,2339.9011783056444,1344.6665907240697,0.666667,76.94
3106.099334380329,1996.498829380429,2857.99845535111,788.8287493060515,1250.5746315820804,0.692308,101.28
1693.39851199185,2598.6658379423425,1688.0416300368172,3124.0828878519533,895.8111321770368,0.717949,98.56
2238.911974177689,2145.092125434346,2213.548092171818,2824.0975392441815,578.3502689719646,0.743590,92.65
1898.588586116981,1260.827147110356,2753.006047126975,2788.3672308401956,1299.210988805493,0.769231,63.02
1870.917237877876,2844.4516434676398,936.646158629305,1664.8548745706607,2683.1300854545193,0.794872,116.01
3231.359947624733,592.9358611295687,2573.914291670089,2046.6296721788974,1555.160227396713,0.820513,110.43
1703.9876663913808,852.5953307262718,3597.6348601018485,1026.3088870596926,2819.4732557208063,0.846154,107.95
2577.690577545342,2560.4933934808632,2029.965907561571,1336.973630861809,1494.876490550413,0.871795,127.69
1756.439544924019,3493.1227216898374,2124.8228849076145,1795.2868498425087,830.3279986360199,0.897436,94.79
2106.85076342524,968.3676116849992,2038.2603326547696,2574.052690766685,2312.468601468305,0.923077,132.52
3233.455211847551,2070.1106810266406,542.4761008755288,1473.7025732357217,2680.255433014558,0.948718,89.24
751.5071699987122,1512.9445971643963,1627.7241274728165,2950.123609877109,3157.7004954869662,0.974359,159.91
1742.9464885683303,2522.401066342239,2772.771079178936,1324.418387559537,1637.4629783509583,1.000000,148.45
3933.9528378444743,2170.2686953861444,592.015394272758,2120.5444670251895,1183.2186054714323,0.000000,0.00
1234.1924612851922,3758.4821488537477,512.3168347822566,1760.3955888946196,2734.6129661841846,0.025641,0.00
1281.3014442597253,4548.589153776487,1130.1500832079432,1758.7020870715041,1281.257231684341,0.051282,18.35
2370.331457618777,1591.1480757188297,1350.7373231248362,2889.8937757266503,1797.8893678109077,0.076923,0.00
518.7222277544346,3646.272687132782,1355.0552874903085,1068.434033923365,3411.515763699111,0.102564,0.00
1654.4512602538325,3044.530501514024,2011.5045598659178,1241.5012532333865,2048.012425132839,0.128205,54.00
2409.900984644466,875.3810209987545,2067.6263855142215,3056.3540647800046,1590.737544062553,0.153846,41.08
1297.1877854865456,792.1487797958017,4938.9870587080595,2177.7479556032954,793.9284204062989,0.179487,21.95
2589.1248666306697,2321.743843240834,1960.7419633682211,2658.281008815165,470.1083179451114,0.205128,27.90
1711.6906905009653,2647.704490311421,2554.666209448216,1863.4308550040028,1222.507754735395,0.230769,48.83
1879.0170413026717,1106.2266742403442,1131.860247555553,2941.904697200388,2940.9913397010428,0.256410,12.63
1218.276690251952,2636.021908200633,1985.9783219043663,3387.135503227931,772.5875764151168,0.282051,33.57
2388.8536519811014,1188.4820580734743,2987.0298826002127,1339.3644935140142,2096.269913831198,0.307692,14.75
2731.161741958031,1717.755730415985,2352.887838937165,1972.8982915808829,1225.2963971079364,0.333333,21.51
584.0480242500024,2488.468445694434,3213.0627056987905,2098.235295874901,1616.1855284818714,0.358974,72.86
3109.4229873885392,2051.2750790252344,1727.0040746549823,2071.4402971873387,1040.857561743905,0.384615,47.76
1024.9826029184503,2969.19118753872,1215.3392801473271,2992.451210347772,1798.0357190477296,0.410256,76.31
2599.4905805566805,1577.3220958439758,1413.6128241135868,1470.4613890403825,2939.113110445374,0.435897,76.50
2685.842450582463,3129.165455392102,2840.6101811666786,728.717231287572,615.6646815711867,0.461538,89.03
2943.497290327809,1465.4303642692648,391.0241769926627,1896.131524273266,3303.916644136996,0.487179,26.74
831.3528133358151,2657.2876844875095,2993.4269852410844,1950.196845111319,1567.735671824272,0.512821,49.33
1009.5408949990292,2062.839140752219,1955.1853919985354,2515.487062345912,2456.947509904305,0.538462,36.86
1626.040189877062,3576.015313637798,2471.2514276295915,1165.2901325873122,1161.402936268235,0.564103,77.21
992.0921224311262,1593.9433588211439,1159.394314803269,2467.3163546180363,3787.2538493264237,0.589744,86.31
1103.9793407802488,4360.03173104304,2390.573842399913,919.1748264139377,1226.2402593628606,0.615385,102.32
2824.2809628911778,2769.5680725559337,2932.79700914676,424.1389709846877,1049.2149844214416,0.641026,104.58
2347.615308224362,2295.821987336996,1966.9898793896384,1350.9862651765743,2038.5865598724295,0.666667,83.87
2672.89300741183,2309.775452645123,1557.6859490189183,1813.1084276475324,1646.5371632765946,0.692308,68.59
1724.3033683759897,2750.955400425834,1572.953202432977,1110.5009006700543,2841.287128095145,0.717949,53.89
2752.5755484136816,1715.3278040919363,2315.8496126002156,1598.4028283330429,1617.8442065611243,0.743590,127.72
2474.3771046514416,574.6535620640432,2216.139810252003,1637.5612561688542,3097.268266863658,0.769231,61.17
2283.869288368624,3136.366618495062,1467.2650704169707,1248.8693873897253,1863.6296353296182,0.794872,117.61
2624.03837815159,1428.6434475005963,993.6869977563941,2729.780285112192,2223.850891479227,0.820513,98.85
1601.3691371694738,2509.048062432425,1701.0077533553504,2781.1918357079176,1407.3832113348326,0.846154,92.31
1534.3581217009119,1567.9705182164812,3354.410775572379,2197.7679434332945,1345.4926410769333,0.871795,117.47
1594.910541554207,2611.031786030201,2006.1445334454502,3120.9403138675675,666.9728251025739,0.897436,144.15
907.9642936058945,2459.667359053682,1836.316324596455,2821.753642246878,1974.2983804970895,0.923077,77.82
2968.7872624373003,1226.4500714713768,2065.189862529489,2274.100055831155,1465.472747730679,0.948718,80.58
1893.158384628043,1765.8066108552553,3036.4352627862695,2411.64158635157,892.9581553788613,0.974359,126.94
1531.1820580041417,2209.510841098878,573.621019499971,1979.2974761765288,3706.3886052204793,1.000000,108.12
923.3077086901008,3465.267101138781,3087.346512889762,1545.7900903400375,978.2885869413184,0.000000,14.62
2227.900559405357,2821.5192502974705,753.994758349577,2425.6665262039423,1770.918905743654,0.025641,0.00
3316.082093783991,1634.5032642141105,765.6590894110955,1686.5326491389012,2597.222903451902,0.051282,17.06
2802.667918032812,930.1116608051751,1498.1437023179792,2084.4325785187607,2684.6441403252725,0.076923,0.00
3470.4958275045083,689.9337414136961,2271.9157825347925,2970.799308957,596.855339590005,0.102564,12.86
3136.025655330691,1477.121775479156,509.85230341427643,2780.533589706107,2096.4666760697696,0.128205,45.82
1157.1604610289244,2335.56185392001,2174.193879231622,2228.720143850849,2104.363661968596,0.153846,27.11
1852.152886490979,3764.9662141134404,1675.0054521724655,1084.914826033683,1622.9606211894309,0.179487,0.00
2080.251784677302,2624.5086294528382,1676.157209329026,1572.3163223048134,2046.7660542360184,0.205128,64.81
2290.390081027955,2903.969359706358,1153.9599100451678,1855.4164347539165,1796.2642144666015,0.230769,62.11
3235.1312915739354,737.6663542350061,1496.5010080119387,3854.492965590427,676.208380588693,0.256410,66.79
1072.853757703791,1109.0435371320143,1581.1904265498806,4491.233243079734,1745.6790355345795,0.282051,4.86
1056.9922003215408,2265.642216341069,2163.5891468485547,1638.5681444302315,2875.208292058603,0.307692,6.98
1775.0416185421957,1293.1943028692094,2271.5686578435825,2747.3287897971113,1912.8666309479001,0.333333,51.45
2750.948021008078,1784.9844479325466,642.1951714229889,3569.068529261651,1252.8038303747358,0.358974,12.26
2464.2828321854827,2374.2491870029307,2329.3583862832566,2422.538813375772,409.5707811525588,0.384615,40.44
2277.530493068355,1552.474802047134,1984.719028406052,2150.0749812895674,2035.2006951888918,0.410256,34.98
402.1129929378302,2516.5234626549395,1718.3579553555037,2368.5683555668534,2994.4372334848726,0.435897,60.94
2700.88901359816,3083.4696370110723,1274.503275006426,430.4922663701634,2510.6458080141783,0.461538,64.74
3353.3414030591343,1577.0812704914783,3153.0265200678537,513.5049182833483,1403.0458880981864,0.487179,26.17
1587.183598768283,1881.7160945455926,403.34574049790905,2961.51822688617,3166.2363393020446,0.512821,90.37
514.296842183272,2801.485087660136,2122.579888788699,2563.268001711135,1998.3701796567584,0.538462,38.15
1650.7230344906852,2728.383750962358,1856.638650315928,735.5473140385081,3028.707250192522,0.564103,53.27
1712.3858279606068,2244.5296467271405,2693.931856008597,1015.0871782447343,2334.0654910589205,0.589744,64.65
2307.7198098982412,1415.7273994187678,1111.2984404935655,3461.054249015614,1704.2001011738116,0.615385,82.72
988.4194465696997,792.7719270990053,3301.633889762118,2274.4960387285178,2642.678697840659,0.641026,76.99
1830.4081707390983,2898.8929286689254,1627.4416591102085,1848.1999179324844,1795.0573235492834,0.666667,86.08
1695.4730639658217,2822.138602826999,1682.9551981865943,2781.7770161653216,1017.6561188552629,0.692308,74.37
1693.0280908199918,2383.3621588952738,1756.6016473760144,2593.2471345238746,1573.7609683848443,0.717949,59.24
1780.5946734852794,1062.5160073792968,1799.7219049488147,2143.1756856013244,3213.991728585284,0.743590,84.17
2673.3444586965197,1240.9347181248227,2145.920557285997,2603.5768500065274,1336.2234158861338,0.769231,88.46
1126.406132675836,1306.264269362053,2512.9630249518455,1728.1527762566984,3326.213796753567,0.794872,111.41
1986.989453696338,3505.3359266312227,1366.5463045791168,1872.0461282281747,1269.0821868651485,0.820513,65.49
2815.4800258838945,1041.4015313931375,1940.5192533593483,1286.175849801082,2916.423339562537,0.846154,100.94
955.6704941140979,2967.1461123408994,1603.463273169574,1921.3921967577553,2552.3279236176745,0.871795,77.74
1851.4622696302101,2686.133839189267,2605.3174853552937,2513.786303362422,343.3001024628083,0.897436,113.78
1382.6923017402676,2011.389867300092,1261.4789791101207,3418.455753220154,1925.983098629367,0.923077,128.46
558.9532351221296,2722.019929028048,1861.542210919878,3489.593497235986,1367.8911276939584,0.948718,155.92
2871.4350806999714,1090.1474941432787,3013.8806635443602,1880.2210930510587,1144.315668561332,0.974359,115.21
593.9649586184306,929.0289816345638,4060.3176260030286,2205.750108939802,2210.9383248041745,1.000000,93.24
3651.9720853887397,1321.61542699686,868.9512183549749,1120.7305741568293,3036.7306951025957,0.000000,7.92
1725.44440573097,2881.622028600708,1842.2021317673314,1314.0224364479707,2236.708997453019,0.025641,0.00
1527.9996745898072,989.7517640492963,922.1807130572759,2843.6824810993403,3716.38536720428,0.051282,0.00
3597.7934292515715,1630.569488733955,2743.9951730081502,1382.1797992142199,645.462109792104,0.076923,53.07
2440.6103020104383,2439.042527431289,1856.9804397181545,2762.030141336446,501.3365895036725,0.102564,36.00
1449.0286372099586,2317.3201562825775,2274.5299617508995,2726.996908857661,1232.124335898905,0.128205,38.86
2585.735189616773,1167.3560459742234,2718.765160161293,2989.8712757897815,538.2723284579286,0.153846,38.28
2224.247029318146,4503.944739374918,825.0764250427121,1423.5934040008176,1023.138402263405,0.179487,33.67
3389.6295253355647,1232.4365823678613,1295.8063053666808,2009.1138137528,2073.0137731770947,0.205128,21.31
798.2617210109879,3198.863226532804,2491.8789946672096,2543.792819027412,967.2032387615855,0.230769,17.35
3381.3349057778382,2561.165060870418,1668.8495428217088,1735.6483265522702,653.0021639777653,0.256410,15.24
2444.809108552218,1299.8004955035872,2616.934024335837,2746.570837907667,891.8855337006903,0.282051,34.73
3599.453095473618,2004.6828103550758,2231.4125448494456,1295.332317738369,869.119231583491,0.307692,75.98
810.7692459338865,3535.970530770965,770.2287156484393,3642.1369642228124,1240.8945434238983,0.333333,56.49
1804.9463540684405,1633.9986683671514,1857.3804200697493,2729.0676613520886,1974.6068961425708,0.358974,28.32
1803.4221310516648,1946.1556869401925,1224.9624782689598,2791.6672787255225,2233.7924250136593,0.384615,15.31
1920.8318732090183,2852.5477043394058,1669.8434973033611,1213.128835439784,2343.6480897084307,0.410256,70.94
776.3526229552164,4261.646108905544,1542.0341332364878,2501.821018221486,918.1461166812643,0.435897,95.10
569.6744073317717,2298.855436459351,3120.914031624896,1879.3017600739588,2131.254364510022,0.461538,84.10
2200.36361756536,1094.2700477896144,1418.0490467575485,2446.9673974379925,2840.3498904494845,0.487179,69.46
765.5663296303891,2420.455045996368,859.3241798913574,3060.360612985765,2894.2938314961216,0.512821,85.48
2797.023406766956,1021.8724700059738,1941.8621366047053,1146.4553095892677,3092.7866770330966,0.538462,95.45
3294.936278655861,1131.0208758743106,3052.9568777096015,1213.8682163231051,1307.2177514371226,0.564103,53.96
4069.0533525597493,3456.418014401872,714.7594118305639,1058.0212864244354,701.7479347833786,0.589744,51.26
1745.8422839845332,1603.7322136100854,3146.6816985116884,1367.641757168554,2136.102046725139,0.615385,90.84
3118.1171382524267,1396.288242672687,2595.653462499481,769.3772796783612,2120.5638768970457,0.641026,82.82
2263.503472179497,1088.4903789988691,2476.6180258083064,1409.526681359149,2761.861441654178,0.666667,122.27
2453.59479740393,708.2075599792363,907.822354398872,1905.61766602874,4024.757622189222,0.692308,111.79
1388.2935004125432,2231.1682437668205,2227.694983084485,2212.810917185066,1940.0323555510845,0.717949,129.60
2133.2583287790994,2236.172642147814,1047.7222222042797,2021.123232815668,2561.723574053138,0.743590,70.88
3031.5584624380963,1861.260582919859,1006.3811764003677,2525.736748237105,1575.06303000457,0.769231,59.29
1450.0667881958088,2386.6874980466414,2388.7465551093396,2113.727203060865,1660.771955587345,0.794872,92.64
1476.7233855645459,1627.7934445575177,825.6851104076187,3638.1400781273546,2431.6579813429635,0.820513,141.84
2484.798867520332,2472.5840341996354,507.8375593018084,2165.9006393943896,2368.8788995838345,0.846154,67.37
1760.415699219905,458.04385961456535,2644.699059587756,2586.1347824117715,2550.7065991660024,0.871795,99.72
1973.9428686671065,2825.8158521448136,697.3989193978333,1249.607871963882,3253.234487826365,0.897436,105.54
3186.2780272395225,469.71336183647,2819.189961037663,2296.7312800720215,1228.0873698143232,0.923077,155.57
1030.8571160948964,3202.845675017088,1688.4960529508091,3568.3060395322364,509.4951164049704,0.948718,141.55
2713.7243972278907,2093.244387252463,1190.4227501131925,558.9327854320705,3443.6756799743844,0.974359,113.82
1562.5089274846619,2969.825816736415,1888.2574991293764,1826.7695346127807,1752.6382220367661,1.000000,93.98
2828.8677585354667,1871.6064144693853,2232.681681831731,1294.904113797702,1771.940031365715,0.000000,27.15
539.7372205442338,2451.8349526275692,2654.1713053537273,1386.1967950505948,2968.0597264238736,0.025641,0.00
2972.798411453609,2659.8433775974186,1970.1330615005347,1280.5791912544998,1116.6459581939375,0.051282,7.27
2045.6727419916162,991.3489676655244,2406.0484797786585,1960.683797112152,2596.2460134520493,0.076923,33.43
756.7557078565467,1815.16471782102,1763.5433586165193,2930.738362088283,2733.7978536176324,0.102564,0.00
1733.0922472778975,2928.2900775335625,3183.8644661557155,1255.2847866330708,899.4684223997531,0.128205,9.44
1131.414920898916,2407.2363746521914,4263.195778145332,861.928953906883,1336.2239723966768,0.153846,1.11
1631.641746560631,2040.1861756432013,659.1052774289703,3385.8557807406423,2283.211019626555,0.179487,4.09
1976.1136856578576,2190.104494200168,1253.4364390505395,2362.484706026578,2217.8606750648582,0.205128,11.20
2815.7360615316948,2210.435454317502,2150.638640572659,1189.6248926680676,1633.5649509100763,0.230769,54.43
1576.5405427785113,2820.5075029809796,1344.6797608894472,2323.347490139354,1934.9247032117091,0.256410,1.88
2336.0322974236187,3096.9505633221656,1235.7964870554704,2245.203702709698,1086.0169494890463,0.282051,31.12
1799.830802201006,1889.8115649241158,2664.405837840592,2646.705108177957,999.2466868563292,0.307692,64.12
1494.6385327392934,2843.1720079326215,754.2731024222995,1783.6416822578121,3124.2746746479747,0.333333,54.42
1886.1428473519077,469.4783388123173,3146.4437616554947,2680.7600258307257,1817.1750263495549,0.358974,71.21
1539.7547490989696,2258.945079362075,2309.413568519177,2224.669243864726,1667.217359155053,0.384615,22.64
1819.9338717769638,1617.8120412937271,3068.8775937205996,2041.539376371314,1451.837116837396,0.410256,76.65
1389.4422216320477,2159.7798622969126,2251.9245218983424,3341.49504435868,857.3583498140152,0.435897,33.28
3970.3789453987965,3399.650277541773,530.5795339157738,1287.9486740045343,811.4425691391227,0.461538,85.10
1486.795424015514,2495.1859544697904,2380.412189136443,810.418459044137,2827.1879733341148,0.487179,93.52
2327.9909122385766,1289.4472069416997,2116.9904783214834,1749.3332716505163,2516.238130847724,0.512821,47.30
759.3429866046472,2874.9821943437532,2713.6914204086247,1629.9671328281097,2022.016265814865,0.538462,97.01
587.8536850850217,1414.8458960344394,2981.507174183861,3670.258177980501,1345.535066716176,0.564103,33.93
3557.274638037173,1209.2686123307362,581.3792161168917,1716.4597046120018,2935.6178289031977,0.589744,75.03
2645.558570288681,1152.7258637788268,625.236710999403,862.3208644395586,4714.157990493531,0.615385,101.05
2511.2177927602943,3727.0587477856006,883.0341803188547,851.7852770777803,2026.904002057471,0.641026,100.09
1039.8516028996685,2705.038185274379,2042.9300546266065,2637.2063344926223,1574.9738227067232,0.666667,124.87
1064.088514642765,1793.1658312381685,1712.7398762038454,2316.1893545780717,3113.816423337148,0.692308,67.92
816.5985211922891,2556.4238975604867,3256.677369204248,952.9527385431809,2417.3474734997953,0.717949,66.02
1782.155070818061,1042.091794061109,2629.7866282057253,2114.5567709521893,2431.4097359629145,0.743590,103.95
1546.0395557527138,765.140780922481,2493.412762060413,2588.6267527914806,2606.780148472912,0.769231,69.36
1732.4106492733945,2018.6740787502076,3870.382094241219,566.0527686472916,1812.480409087887,0.794872,99.06
2365.888626869541,2251.707664036089,2601.3358665250894,1042.7118916077009,1738.3559509615789,0.820513,67.35
2224.720412147669,1110.4276652085769,3274.438587936747,2431.6549828559127,958.7583518510936,0.846154,125.20
2019.0093830154271,3082.9865282536502,2955.8354590322065,454.5988532805201,1487.569776418197,0.871795,131.18
717.345526392021,946.4126656927118,3101.3919213206377,1019.1506039760286,4215.6992826186,0.897436,147.01
992.0218268500308,1146.5457042051216,2896.66637274071,2902.4188517513685,2062.347244452769,0.923077,96.94
1655.6955316365115,643.5658040355328,3185.3500592093133,1679.002655703002,2836.38594941564,0.948718,98.63
2339.9046446235225,2161.12787945399,869.3989743132197,3669.4123059106837,960.1561956985839,0.974359,153.31
2046.6785313500288,1892.0242273293686,1569.2078431244615,942.0745376585837,3550.014860537556,1.000000,104.75
2350.7272540318627,1786.3794898990902,2450.0466237307746,1308.3368172484888,2104.509815089783,0.000000,5.08
509.86360696163354,2632.704843896359,2916.9787880691183,1671.4236685477163,2269.029092525173,0.025641,0.00
3063.713708302135,1174.929325358903,2444.7688121749366,1567.2587579718831,1749.3293961921443,0.051282,28.42
2041.3781586224818,1230.8369140183763,3239.875891022485,2456.5400259628764,1031.36901037378,0.076923,18.99
2330.4007362014254,796.4527537719723,2045.6941262588032,2480.1321836663797,2347.320200101419,0.102564,49.16
2740.9163367195115,1586.999711502462,1374.6090421174188,1908.3357080333928,2389.1392016272157,0.128205,46.14
1243.4199862079045,3730.2686721712976,728.7014313235641,1291.8105499738126,3005.799360323421,0.153846,35.32
3697.363775899135,1277.151077595916,1529.0443959892057,2150.1142259141757,1346.3265246015678,0.179487,0.00
1570.0850405310393,1204.4864038532771,1620.546740182644,1984.4169731916152,3620.4648422414234,0.205128,44.98
742.8889718810893,797.5513429370225,3722.5261683119743,2806.9084080013677,1930.125108868546,0.230769,8.07
3375.978377241937,1209.1617756374483,1465.3724642708476,2050.2545747681074,1899.2328080816603,0.256410,40.06
2265.679014340684,1985.1636939479906,797.405083119759,4033.9579262846282,917.7942823069375,0.282051,35.15
2417.5678802159487,2853.050144918121,1548.783785102167,2352.3077551808806,828.2904345828827,0.307692,32.71
835.1672044353558,1777.3535043463044,3487.8241874995965,1690.2381929482385,2209.4169107705043,0.333333,71.50
1576.3945870403327,2706.6765142062036,2471.715513854267,2247.920661641639,997.2927232575579,0.358974,62.66
679.0964544175255,2461.922345300883,2323.1920817526848,1384.3616580464407,3151.427460482467,0.384615,22.80
1484.698402291203,3283.6107578617184,2374.8653016420153,1329.7949902129346,1527.0305479921296,0.410256,37.73
2519.5640223608802,1694.4392638031345,2059.1833624132037,1101.0145669774324,2625.798784445349,0.435897,82.31
2825.403661286013,1193.6758645817974,2780.3643026520404,2672.6464214191,527.9097500610507,0.461538,22.06
3152.690557074746,588.1872082101437,1481.3033429580496,2537.095764193259,2240.7231275638023,0.487179,97.67
1208.2283908731852,1191.5568380366321,3081.545761938748,1188.1908771012731,3330.478132050163,0.512821,78.46
3199.292056590642,3017.235653225686,1447.6407910977473,844.4861366087732,1491.345362477152,0.538462,73.15
1431.714888587646,1414.8396052561427,3127.350760505525,2346.599638852128,1679.4951067985585,0.564103,45.47
2205.235416224285,3265.5519785862443,2206.9867289507506,1678.6043452480333,643.621530990687,0.589744,40.92
2320.4370750372923,2480.836577695975,867.7741549813328,1212.7554425564003,3118.1967497289993,0.615385,70.70
1729.034643523976,2260.2286271320354,2365.699047552209,1540.9736503643385,2104.0640314274406,0.641026,115.62
3016.865183496821,451.8543366209383,1240.9880185590544,2658.9485807249794,2631.3438805982087,0.666667,75.42
1324.5457986175966,2347.632909455658,2372.6916099484047,1770.2602542069196,2184.869427771422,0.692308,69.52
792.6626900495768,1208.3562874680952,3311.2606289086552,2101.493510305511,2586.2268832681625,0.717949,124.11
1585.756797066084,2425.7475490754196,1283.0831532217953,2264.1195011476043,2441.2929994890974,0.743590,130.37
3136.3079283662764,2097.700406140435,720.1090513227653,3112.5640124178267,933.3186017526983,0.769231,79.40
3941.0405457753495,1664.1263737581846,1505.967621446872,1932.6519915586975,956.2134674608961,0.794872,84.77
1065.4988326206847,1138.1534220892386,2388.3927570221736,2244.2858415322453,3163.669146735658,0.820513,69.65
734.6851105534053,2484.7825745164405,2561.278095583045,2603.577387713668,1615.6768316334426,0.846154,104.11
486.19868314320036,977.9725305102239,1289.0362455126196,3608.459266678871,3638.3332741550853,0.871795,115.71
3070.480712251621,892.2601036226894,1618.4592240081754,1699.778321878884,2719.0216382386316,0.897436,95.71
3128.9804421563713,2408.1125844646344,665.6132570938395,3375.6432412969393,421.65047498821593,0.923077,125.68
2152.1514666751737,962.7046074793761,1079.0892717559311,3011.8082200835283,2794.24643400599,0.948718,104.29
2071.949046769628,2792.538189825786,2054.2503599720503,2232.1716736585136,849.0907297740232,0.974359,138.00
1128.7253742300338,909.9318499980327,3189.7413952580787,1512.2532399027416,3259.348140611114,1.000000,126.74
1279.3221528338845,783.1886459094707,2703.6975723264886,3867.1512189813147,1366.640409948842,0.000000,0.00
2725.8046296460216,1578.0724967642698,1090.008274180607,1927.1780012868946,2678.936598122207,0.025641,43.15
2871.582589115816,1628.1356045593175,937.3144742219547,693.0566058791285,3869.9107262237844,0.051282,0.00
2805.05049086709,521.1227184371389,1588.1734347273557,4210.250399696822,875.4029562715948,0.076923,2.46
2205.362358775924,848.9832758644766,2334.653375267522,2246.224872673129,2364.7761174189486,0.102564,4.01
978.6592102992457,1987.4818140106363,2425.4911359667235,2828.912014390021,1779.4558253333748,0.128205,38.32
2350.078743939201,3534.9093217463583,838.472682120458,1132.3355883918362,2144.2036638021473,0.153846,0.00
520.0339541195768,2638.893503231266,3195.8933440138367,2233.708346892454,1411.470851742866,0.179487,38.94
625.2795097133236,1910.0751899775148,1987.7750561813468,2804.273168667008,2672.597075460806,0.205128,51.39
2400.207768577991,617.5093889104025,2874.6252996451817,2585.1879447850806,1522.469598081345,0.230769,23.45
649.861161844819,1325.0729092056797,2935.177421931092,2165.9063828695344,2923.9821241488753,0.256410,73.56
4888.352517916962,1754.2193696980248,1023.9860788259299,754.4516340340165,1578.990399525068,0.282051,20.92
2683.0238158556076,740.0365959921413,3272.5796486592058,2627.128962609873,677.2309768831717,0.307692,21.78
1903.208147846613,1658.8780279783978,889.2202213221998,3327.83264026229,2220.8609625904996,0.333333,69.45
549.6521730420455,901.2877946744014,3806.38986380901,1859.2830354337984,2883.387133040745,0.358974,67.52
697.1005865936947,2986.3761717093234,3422.426884601319,2382.1109248691528,511.9854322265106,0.384615,76.25
2796.0405281205044,1678.5965537585732,2613.017660477388,1271.0418965475296,1641.3033610960051,0.410256,38.51
1926.585198119387,3643.9343712422506,1354.148509428191,739.9600060507773,2335.371915159393,0.435897,19.70
3988.347760003315,3832.0198811470223,712.4677260584176,918.499679611623,548.6649531796232,0.461538,73.48
2948.1613907948376,1659.1052558376477,1737.231458911276,2842.413130914659,813.0887635415795,0.487179,92.80
899.9644476392216,2511.315335446824,2435.560135459973,2753.231759866924,1399.9283215870573,0.512821,55.17
2470.2225896940977,688.6750351502566,1961.9464341067448,2457.088375665592,2422.0675653833077,0.538462,80.77
906.9214054418869,3120.370445802721,437.2780357589937,3069.623392925658,2465.8067200707387,0.564103,58.97
846.704610658906,1764.9087147141383,4169.958093081779,2524.350743624151,694.0778379210266,0.589744,107.59
1433.0267052580346,1781.3198808503214,532.6180296865248,3082.694952855784,3170.3404313493365,0.615385,49.54
1694.51854424746,2860.559622892037,1793.6944206164424,1618.9737000746718,2032.2537121693897,0.641026,82.24
3263.483567934161,1930.847723713773,679.647386302236,1446.2922930174034,2679.7290290324268,0.666667,68.31
3748.9377078564667,1054.3544447820477,1455.7516875415167,846.4967870035883,2894.459372816381,0.692308,111.16
1810.2359098474756,1061.6303145956786,3132.7133892147594,2673.8076098269066,1321.6127765151791,0.717949,56.09
2549.512828704973,1661.7030850368128,3359.303341192443,1190.4303530767697,1239.0503919890023,0.743590,108.46
2486.252662688198,2043.1279249767324,723.5658525525796,2640.871563229011,2106.1819965534783,0.769231,122.69
1286.3657728117632,2289.532292337927,1276.610171781065,2681.3395708594376,2466.152192209806,0.794872,76.02
1493.4221672090632,1714.049120930052,3205.9095977356155,2028.0507019112429,1558.5684122140258,0.820513,65.82
1884.9060292584995,1865.0019001336702,444.4944425921444,3096.963045942427,2708.634582073258,0.846154,117.88
2844.9272282013158,599.0396618969388,1247.1729770197614,2585.010400861628,2723.849732020355,0.871795,106.68
2896.414695665216,3016.224623534309,636.5712381942832,842.0630665656809,2608.7263760405103,0.897436,89.47
828.4091717655958,3872.8157269308426,1077.3847583304928,1784.965472007126,2436.4248709659437,0.923077,88.20
2505.827463688721,1140.4424458122464,1484.0742023132368,1161.8302000672757,3707.8256881185193,0.948718,136.77
2255.8113064100075,700.4892843152205,2508.8335470326883,2248.7898202177144,2286.0760420243682,0.974359,100.56
1371.7855442883372,4155.235519471043,770.8059464248092,2562.01690982005,1140.1560799957601,1.000000,105.38
2406.2295620906652,1552.9153872126228,2460.075704389327,1699.6542293844554,1881.12511692293,0.000000,0.00
1853.390162015339,4061.3402911010503,851.4971261638143,536.4487195428603,2697.323701176937,0.025641,24.54
1630.3523421233754,2247.9365076416566,2010.8672200598273,588.4490939049998,3522.3948362701417,0.051282,0.00
2528.425135061258,2055.631782100835,976.2477654819489,2456.471753767233,1983.2235635887257,0.076923,1.61
896.6971420058424,1061.1912442200462,2436.6000475221817,3457.705310751556,2147.806255500374,0.102564,0.00
1911.360713964135,2492.9553336103477,1982.027337672613,1742.1009830762887,1871.5556316766156,0.128205,9.87
1439.0913606818488,2248.5740160316404,2845.845412469734,1404.2643115810588,2062.2248992357167,0.153846,0.00
974.2848931231688,2879.4869904613975,2757.702028451017,480.4834020125961,2908.0426859518207,0.179487,20.49
2571.2149557613416,2369.423796363096,1586.7117198924373,2533.3843377539933,939.2651902291326,0.205128,36.97
1783.7403186280926,779.7634457912824,3613.7793938806394,1773.456094635645,2049.2607470643406,0.230769,12.65
1905.8545173028613,4766.60605845359,613.6973666641373,1918.9982380655658,794.8438195138456,0.256410,53.69
2280.584205728247,1810.6315996866304,1109.6036797234954,3958.0793271995035,841.1011876621244,0.282051,19.58
1812.7942471460792,392.1645548668805,2530.232206074364,2374.25374339202,2890.5552485206563,0.307692,65.61
1551.6487560761916,1284.7441622644997,2524.1673009086403,2120.9587875165357,2518.4809932341323,0.333333,56.72
3756.933371475379,881.4548169128608,2473.6889485999964,1016.8540846357301,1871.068778376034,0.358974,45.00
3264.1930607087734,1926.4652710195508,1402.9163144838503,1202.8794149112066,2203.54593887662,0.384615,78.01
3150.9980778214394,1823.3037467185964,1157.7062169331791,974.4434230409772,2893.5485354858083,0.410256,31.56
988.4278779611014,2950.1966439628854,2278.1816655539224,2914.8038941375717,868.3899183845192,0.435897,18.06
3280.018267632554,746.2416527853227,1220.875742824535,3464.879251295048,1287.9850854625406,0.461538,88.90
522.7836796118856,2719.9416122224607,2582.8239189073174,2258.3234453783234,1916.1273438800135,0.487179,31.58
2139.1774594508784,2739.534263855353,1857.7921782405542,2024.8837435634234,1238.6123548897904,0.512821,98.75
1100.7490875173514,2741.239479926236,2870.5388533337973,1362.733811979789,1924.7387672428279,0.538462,63.99
1541.6308864754233,1046.005466694733,2004.8064366869628,3369.876968998952,2037.6802411439287,0.564103,100.73
2893.6905445625453,1527.5713510254272,1859.4159661872798,1177.995407398471,2541.326730826277,0.589744,58.29
3893.5048638945345,741.2899014990311,802.8837590125459,1460.7809701046851,3101.5405054892044,0.615385,111.84
571.3043511161437,1787.7596064940165,1406.6752586944133,3569.8060329224377,2664.454750772987,0.641026,77.84
2176.034233986112,1513.2284500596322,2315.8678507131162,2441.694976405305,1553.1744888358353,0.666667,94.14
747.7554811345309,2610.1767937202344,2884.9454327433323,1919.9785951470687,1837.143697254834,0.692308,117.09
1662.0539034908593,780.2059805811847,1926.8382210202853,2879.2430030692863,2751.6588918383836,0.717949,81.74
1475.5769439057633,2093.8981211555456,2420.486758793811,1456.9687889110303,2553.0693872338506,0.743590,101.25
564.2028275091194,1391.927892640534,3820.3253103844795,2685.999547951634,1537.5444215142318,0.769231,123.61
2370.696241763696,510.3400475137487,2075.2421938537486,2211.2671824946365,2832.45433437417,0.794872,95.59
738.568183040349,2447.300067785223,1811.5236302033966,2590.3167011906853,2412.291417780346,0.820513,134.31
2151.1336318036265,2510.0701023399542,2317.2055966012476,2132.4979601696245,889.0927090855461,0.846154,95.01
3348.304079591905,717.6856006062488,2129.002385786898,2635.516377946652,1169.4915560682966,0.871795,144.62
950.9369827754083,1864.3284568830238,3028.3887246836393,645.8087514751966,3510.537084182733,0.897436,100.07
1588.5824668957976,2117.8458384490773,1998.205471582382,2997.2182535156226,1298.14796955712,0.923077,147.70
2018.8275831167982,572.4869077647127,1286.9484391343472,2855.2022051362046,3266.5348648479367,0.948718,141.26
1990.402821840278,1057.801753951974,2280.458757984999,1827.0152342066572,2844.321432016093,0.974359,133.63
2934.720512766396,1597.7728833063284,2514.950572809952,1576.8399890334993,1375.7160420838245,1.000000,122.63
2778.738557672095,400.3014846691466,3202.9642504423423,459.21421449853904,3158.7814927178783,0.000000,0.84
3467.6961136084005,660.9430620348991,1558.104295197682,3071.2325506692287,1242.0239784897901,0.025641,30.26
3410.95263157311,3133.3581931866674,513.238992753179,560.1416700991713,2382.308512387872,0.051282,47.00
2572.047445318029,851.7554990255085,2837.6426254355306,2284.0685241281826,1454.4859060927492,0.076923,4.74
2396.21423431322,2482.8077592370632,2271.089700094023,756.1922423829694,2093.6960639727254,0.102564,0.00
2755.8183265731686,3711.643426259613,1511.9555262806512,955.5210015571338,1065.0617193294331,0.128205,53.48
893.9894736728171,2227.457483812884,2400.8699142866158,1140.441779733577,3337.2413484941053,0.153846,54.83
959.7690881308732,3312.320001149173,2060.7452316347203,1261.614901544881,2405.5507775403535,0.179487,40.66
2974.4632816896406,1856.9751021095492,3099.0900780414217,1561.633936260229,507.8376018991594,0.205128,58.12
1757.2470311703016,2286.919888939603,3213.0637889111867,1602.0803538382622,1140.6889371406462,0.230769,25.50
1980.887801433292,2213.1413764167696,1285.7792763584107,2223.7731052255363,2296.418440565991,0.256410,7.80
2679.289868299602,2177.200215152383,1856.8239241103397,1858.9007834862225,1427.7852089514527,0.282051,29.46
1250.928872064739,1731.6231962910083,934.142877249736,3018.5397994366626,3064.7652549578543,0.307692,57.85
2313.1915162623472,3036.527213143282,1008.3451606803194,2077.329629749337,1564.606480164714,0.333333,74.49
1358.4891132825608,2056.9355523417157,2605.2346071699967,1733.120135187927,2246.2205920177985,0.358974,23.46
1874.042797878952,1344.3903217181125,2089.170693262664,2222.2051041768955,2470.1910829633766,0.384615,47.33
3327.7201976609804,731.2634071651122,1153.41239410768,2221.9370702026863,2565.666930863541,0.410256,32.65
1231.142573570204,3036.243310060347,1861.4688789420418,2348.626601144607,1522.5186362828008,0.435897,49.12
2171.8537638356747,1965.4275080989287,3724.67684135386,1182.6464576032988,955.3954291082389,0.461538,56.42
1800.9343983558358,3065.9536591761826,485.28608369465724,1664.1876982842,2983.638160489124,0.487179,99.99
2514.250447286003,1264.240950741863,1966.4847879275358,1540.403480683706,2714.6203333608914,0.512821,106.01
790.6045896416056,2448.7121915748976,2587.4429683551834,3249.2197004718664,924.0205499564469,0.538462,50.34
2207.1739474065184,1481.7530844537991,2679.8375870308128,1217.9120021127635,2413.323378996104,0.564103,85.17
1503.9245259190197,1615.2150083768788,3550.738010073843,2691.1606878730136,638.9617677572461,0.589744,48.31
2407.4353986765386,2849.7540265593484,2130.9140927353037,1145.2783507302142,1466.618131298594,0.615385,83.64
1941.2436695081228,3577.2505245325365,2465.8971491259854,1514.7757403223954,500.8329165109599,0.641026,89.06
1721.3377008029768,2747.533057046919,696.2989722265046,2122.84230004985,2711.98796987375,0.666667,60.75
989.6212176017314,1421.0085450086763,2662.715306586324,2653.488581787797,2273.1663490154706,0.692308,126.44
2709.008421530846,1955.292464267305,2489.351599746954,861.7447916685757,1984.60272278632,0.717949,89.51
1850.9932443939822,1878.3547212587273,724.7586504696436,2681.600311166382,2864.293072711265,0.743590,109.19
3414.8051401328294,1384.7888048786892,1201.3814865642698,2261.806889808313,1737.2176786158977,0.769231,68.23
729.5526830809572,2971.7907945295906,3661.267501770069,1784.6901106468238,852.6989099725599,0.794872,137.06
2042.641090665515,2637.336176738936,1569.6752676464007,1174.644571212854,2575.7028937362948,0.820513,116.67
2889.805335619853,2041.1714948382744,970.8143503626527,1919.0930490552141,2179.1157701240054,0.846154,68.90
2344.94058448159,2143.7067625033037,1656.1211908659373,832.2999573674593,3022.9315047817104,0.871795,86.05
2507.801173256308,2237.385820893655,579.5626771841661,3087.536874634415,1587.7134540314541,0.897436,135.66
2375.304877467132,1011.2640362018948,3128.8936404356,1110.6134260566491,2373.924019838724,0.923077,124.31
3085.7492406540823,1439.87597513975,2492.155466941592,885.1883378083722,2097.030979456203,0.948718,99.68
2476.0247940243844,2315.7336913697673,1740.7951349499924,2958.3641704537285,509.0822092021261,0.974359,96.22
3289.2770408255665,2439.3367531831714,871.9496273978185,940.6505676532983,2458.786010940145,1.000000,126.65
2597.9219432774717,951.0011375369717,3290.4863622157345,2350.9835686591487,809.6069883106719,0.000000,0.00
2043.5098441152024,2429.4844670836724,1569.935963555953,1856.790136313854,2100.2795889313184,0.025641,15.03
1229.5085118946529,3010.1927361678595,3027.794949067452,699.2026045614274,2033.3011983086094,0.051282,30.86
2463.6706463779215,2461.6179699823397,1562.8928651921142,808.8831717774043,2702.935346670221,0.076923,0.00
525.8822464783863,3887.4397375234926,3449.8692151177415,1300.3893987537572,836.4194021266227,0.102564,26.21
1394.41782648255,1581.9028216296547,3953.1882580669703,889.6459430677869,2180.8451507530376,0.128205,0.00
2358.6274312308215,2525.8856370248195,2530.5797746952862,1474.1713315957286,1110.735825453345,0.153846,0.00
2747.0518762560164,626.8078841922255,1564.320510216678,2522.6723894367183,2539.1473398983608,0.179487,47.47
2031.0320961517616,1558.954371566514,2932.9466488916996,1826.115747195343,1650.9511361946809,0.205128,15.13
2029.0278571707408,2334.37890700869,3200.121783271526,636.7802761327516,1799.6911764162924,0.230769,38.00
3949.150728396336,843.2431668675064,1179.9014583865069,579.2221524033315,3448.4824939463197,0.256410,46.44
2103.0607632069377,1631.194139399386,1401.3818703436252,2986.543309442906,1877.8199176071455,0.282051,8.66
1164.581521400645,1681.711070249906,2565.4021496856394,2758.5096118313822,1829.7956468324257,0.307692,8.35
1839.6893668429964,2242.087620958988,595.4834933753167,3656.6786375997913,1666.0608812229075,0.333333,33.15
805.5292275273158,3711.762173531289,1173.0457472797061,1713.095142835239,2596.5677088264497,0.358974,81.77
2189.924314009154,2548.088355330805,1152.6511114279817,1596.6943083447616,2512.641910887298,0.384615,47.15
2250.9047219305294,2757.46205751558,1024.6110773572527,2721.7440848178853,1245.2780583787537,0.410256,84.33
1890.4600207638955,2031.4711411740561,727.5241394562387,2570.4059105157276,2780.1387880900834,0.435897,96.72
895.1076320556554,2747.966320724757,970.9807383620373,2966.5027515508236,2419.442557306727,0.461538,36.12
1660.3440819421419,642.4145068722366,2907.8680989552213,2108.501384495673,2680.8719277347277,0.487179,74.45
1394.2362627348286,1538.7891041461426,1931.6980713848359,2665.054649907067,2470.2219118271264,0.512821,34.18
2702.9105710478157,771.1023923892423,4059.9187534773696,837.5872176409372,1628.4810654446355,0.538462,33.17
1798.1877829490468,3035.344860196545,2665.6984401423206,748.9537640814596,1751.815152630628,0.564103,43.74
2422.9529071618485,2530.6858067709477,2611.266633390535,1524.3813999297495,910.713252746919,0.589744,80.10
2063.97248282649,689.1542845704154,2471.0953705934226,2446.7075848039526,2329.0702772057193,0.615385,77.86
2239.240680075459,1834.3131192561234,1477.831613065555,767.5827590527309,3681.0318285501316,0.641026,42.84
2540.2703603114414,1392.8160985088593,2204.9167063112923,2615.6289309762246,1246.3679038921823,0.666667,96.56
1372.6055665096133,1352.3193830992975,3885.5694986645067,1794.2402824559172,1595.2652692706665,0.692308,115.72
3064.231452143269,2143.825768641413,2910.597424781074,1225.9280067055822,655.4173477286616,0.717949,89.35
1214.6067919465693,1017.0582317497621,4114.276814879093,2496.3802198411495,1157.6779415834255,0.743590,122.16
1066.2557638446835,1999.4947240825393,2124.3609723350214,2148.599892411275,2661.288647326481,0.769231,104.91
1188.5250608609792,3147.0746995092886,2628.6847681146805,2376.148158288101,659.5673132269499,0.794872,113.95
2343.425214358921,1641.27960192507,2828.538805006207,1470.3254486557805,1716.4309300540206,0.820513,93.43
1772.836524511907,1620.8990432423775,2744.0055430336924,2272.4762569928,1589.782632219222,0.846154,131.03
3327.223475468034,1554.6253952276868,1253.8862360366377,2312.585471692788,1551.679421574854,0.871795,149.48
1746.8298658064534,825.7872103747524,1821.8775376245198,3238.9378956694627,2366.5674905248115,0.897436,117.72
2857.844901143781,1134.4086897104223,2647.9709934672132,680.860648974836,2678.9147667037464,0.923077,91.40
2888.5252404758535,884.4426332503688,745.3051641429946,3291.0376560302543,2190.6893061005285,0.948718,104.28
3203.579146777857,2566.25495200675,2721.9487465338443,867.3035613016883,640.9135933798611,0.974359,139.01
1723.0368275879077,653.1536930545385,2962.406962891251,2565.396076803956,2096.006439662346,1.000000,153.64
1016.8930804935229,2378.7172238582334,1977.4315227471784,2030.751507535893,2596.2066653651736,0.000000,0.00
2116.0615099830434,3638.1887448955636,855.0525155894791,1197.9423685394638,2192.7548609924493,0.025641,0.00
2993.422068376676,588.2096547013371,3707.835783603145,616.49737138185,2094.035121936991,0.051282,41.88
791.5424032500224,2972.471153569777,821.2698768055693,2967.550345832604,2447.166220542029,0.076923,48.76
2799.25038311857,1203.7641666913044,1444.7160632775726,2053.243832407126,2499.025554505428,0.102564,15.75
2180.174362509202,1710.772710384448,1369.5880615118442,3717.9458185437416,1021.5190470507645,0.128205,15.37
1850.4991930324977,2319.9093384387916,3335.8454814536176,866.5645610936637,1627.1814259814303,0.153846,19.99
621.2135245495799,1477.4678478657788,4122.840482969474,1233.9613633398378,2544.516781275331,0.179487,27.54
2705.089718140646,1952.0343904571594,2131.304842346448,2437.942990357089,773.6280586986555,0.205128,2.30
3465.9573960251573,940.2355490168674,2056.4297235514277,860.3935392175623,2676.983792188986,0.230769,71.97
1363.6189550720892,1087.0790304370607,1855.272140733706,685.2654604451805,5008.764413311963,0.256410,72.36
3475.027047958327,2314.633270507624,1435.7433438336877,704.0079767270361,2070.588360973325,0.282051,8.36
2409.5533655681897,1270.0801264051972,2293.255253935555,2025.902206243995,2001.209047847063,0.307692,55.94
1675.5144373068158,2463.3946694471274,863.9669577667011,1879.3100105585372,3117.8139249208193,0.333333,69.80
1274.0489597514747,2960.9670687032917,553.0425499419625,2742.7765973696464,2469.1648242336246,0.358974,17.59
2417.981049095707,2668.3217034614536,574.1062732678331,2706.975121808728,1632.6158523662775,0.384615,50.74
902.1078188475086,1596.0850188304396,2662.112729751215,1392.794898310912,3446.8995342599264,0.410256,40.40
2412.620743163758,1495.926849243489,3018.4733352551543,1748.1732086825234,1324.8058636550743,0.435897,88.05
534.1975672034438,2118.641715824625,2663.167992150782,3204.021287372522,1479.9714374486284,0.461538,78.48
3339.3805661615575,2075.1740842279673,463.73679530305424,2898.292741148042,1223.4158131593801,0.487179,74.64
1483.3128304218878,2086.703012190237,2348.839502301167,2106.462705281803,1974.6819498049047,0.512821,102.10
2412.3736331525283,1017.732764968509,2617.8697059698366,2803.2122623043733,1148.8116336047524,0.538462,88.28
612.5568296766913,3634.1604135757248,2465.178258478819,977.0878545394851,2311.0166437292787,0.564103,62.96
2319.2987025669054,2306.012059818369,2198.4146132689684,2611.488787669264,564.7858366764949,0.589744,74.56
3094.1217051798494,1935.7115150464886,803.9010516178679,968.4333286449918,3197.832399510802,0.615385,50.72
1940.0858060428864,2047.3171028566155,866.8958228103544,1969.326888258831,3176.374380031312,0.641026,119.98
2547.6378942078163,2501.21584886076,523.7446289829956,1776.1907867013438,2651.210841247086,0.666667,99.26
2192.0216150354777,2087.732444340678,1125.1398156833588,2354.35896438548,2240.7471605550045,0.692308,126.56
1199.013331308816,1203.4975968056312,2343.094096640845,3299.499894207047,1954.895081037661,0.717949,65.17
2624.5593049609824,1990.9559245997204,1073.8801424315764,3153.939225009569,1156.665402998152,0.743590,122.93
1593.6264559375536,2755.113627240165,2995.359329654771,912.0542672879182,1743.8463198795941,0.769231,79.01
2678.0982701780727,1706.6543735134605,2998.6627246231483,1469.6221230876897,1146.962508597631,0.794872,88.53
1129.8757843654503,1475.339804315793,1424.20964287234,3221.667545754764,2748.9072226916533,0.820513,76.97
2108.2841948298424,1261.504377763421,2008.617623717531,1252.7533537342974,3368.840449954908,0.846154,83.92
1218.911029283279,2282.642208205061,2489.63242393426,767.0840220406509,3241.730316536749,0.871795,87.26
737.7246586338013,2470.4008409047406,2972.522490605296,1146.504537672105,2672.847472184059,0.897436,119.96
2892.6157928637435,576.6620747966139,1930.723516688398,2287.5388769623632,2312.4597386888827,0.923077,86.49
709.2031000962894,2021.3059940981695,3095.535494157606,2883.687362565666,1290.2680490822686,0.948718,128.70
2865.3622438732336,682.1880213022532,987.6005614475135,2618.678093474639,2846.1710799023626,0.974359,93.96
3264.610385693546,3462.1286621413346,935.3396356334131,1239.1418502480499,1098.7794662836554,1.000000,107.82
802.5262721589584,1115.4302923294053,3831.4172789977115,1439.1316891453082,2811.494467368616,0.000000,0.00
1429.2165961457733,2833.393993182304,2680.0771711565517,987.0701556812769,2070.2420838340936,0.025641,36.64
2577.776850858159,1683.4819422999938,2370.8626634293096,1559.085029410714,1808.7935140018233,0.051282,0.00
2480.067227817391,1492.1331131747306,3970.7725170948183,541.012898308584,1516.0142436044766,0.076923,28.20
3541.090484353238,2385.53747497801,1954.0059052284905,614.276484210996,1505.0896512292663,0.102564,25.50
1767.48097685094,995.5223160624049,3002.0299960154557,2445.058510339827,1789.9082007313734,0.128205,10.53
2695.7399834863536,795.9283584702902,2635.6369615596104,3192.931800035185,679.7628964485613,0.153846,13.24
2855.4472272698895,2384.528962294645,3210.2530699415915,633.6615303857017,916.1092101081722,0.179487,0.00
2010.5425358436812,1966.6931213826447,1502.20241396812,3114.558438838018,1406.003489967536,0.205128,21.54
3401.8780676289234,777.8095710966118,1808.8584884782072,3542.3020106502718,469.15186214598623,0.230769,67.96
2423.941831300772,3331.066121570907,2607.0752859857034,1068.1879309785656,569.7288301640516,0.256410,69.08
3151.7909806850334,2113.2304876795224,1004.3135700503193,1531.3380380300118,2199.3269235551156,0.282051,37.98
1543.3547333267727,898.5973398408917,2748.389491547757,4147.55364450537,662.1047907792073,0.307692,2.98
2464.870306756135,873.8450738129822,4437.620121849498,658.2767517413115,1565.387745840073,0.333333,40.38
1541.0188415350044,3234.4629999323884,1627.1821565218168,1936.0692677095956,1661.266734301196,0.358974,10.96
2587.810667976658,905.5306814034211,2620.243507071904,1607.5009481756347,2278.914195372383,0.384615,61.91
2543.3298682503414,2427.4127306580294,774.6896570820834,1227.5150482807594,3027.052695728786,0.410256,91.53
856.5927379566102,1246.4206215644285,2162.461050109906,3704.1588970385087,2030.3666933305467,0.435897,37.82
3262.8209643727214,427.22770777582156,1009.0542115972943,3289.1028359602747,2011.7942802938871,0.461538,29.87
874.7673989330181,1724.8785370996104,3573.000364123084,2895.6796363138146,931.6740635304732,0.487179,38.45
1125.890608133602,1876.5901909288507,2113.2179135904303,3085.63555593539,1798.6657314117276,0.512821,55.11
1950.9202919879347,1611.6331402914695,1006.6158161453997,2006.6266488705044,3424.204102704692,0.538462,32.90
2577.0662848690977,538.2538456686489,2339.5172974572083,1676.4259187342464,2868.7366532707993,0.564103,47.24
3350.506268780039,1082.728988597717,1776.0481408069522,2353.872130017357,1436.844471797935,0.589744,93.53
1506.0142918541012,801.6278471470819,3462.569797602714,706.7552448336588,3523.0328185624444,0.615385,110.58
817.0591596234237,2622.854397889454,2534.020410905852,3213.506834317134,812.5591972641364,0.641026,92.93
1586.6841224227912,988.7876964827984,2121.9116717305637,2556.527032317738,2746.089477046108,0.666667,56.68
1437.8006094503914,2635.725408393109,2757.379773771078,1045.9920886296707,2123.102119755751,0.692308,71.91
1677.2505790193666,465.54134320527857,3597.879571161457,3571.262303088182,688.066203525716,0.717949,99.84
1738.071017313758,2512.145724395276,3136.1905565794714,1569.6087532288461,1043.98394848265,0.743590,61.48
559.2365947456791,2567.537925777613,1406.120205340354,2020.573189820238,3446.532084316117,0.769231,67.02
1649.9436225637792,794.0427387572379,2135.8257754406363,2995.771974776309,2424.415888462037,0.794872,124.22
974.4024492351047,2534.8278895616263,1433.1153894012016,816.8836320283366,4240.77063977373,0.820513,120.58
1709.9203637513074,1780.8989127490197,2052.2473672406404,3406.6950537084354,1050.2383025505987,0.846154,127.07
1553.262734531721,3559.910966446926,1206.0536957207114,754.5847478408136,2926.1878554598266,0.871795,142.60
1748.0129742462454,2776.9408503059326,1620.038283966822,1351.9808598461166,2503.027031634883,0.897436,88.34
1973.454245081914,1044.1988609345633,1226.3092895352468,2858.2148424363377,2897.822762011938,0.923077,152.61
3527.3309152966413,1283.7697913382974,1080.7501911232173,2837.575313269583,1270.5737889722611,0.948718,152.40
1592.6363457564983,1774.3265547870528,2458.493865847792,1707.3582678262194,2467.1849657824364,0.974359,120.98
1926.5018795678895,2701.7300245877445,1353.190666079319,1090.667031037691,2927.9103987273547,1.000000,114.50
2125.1137985331907,2441.5699520643525,2783.674151921596,1106.075262990773,1543.5668344900866,0.000000,41.21
576.8050598173224,3194.5740085053185,2912.5490633295612,521.019433885728,2795.0524344620694,0.025641,1.41
1992.9904164980053,968.43859552829,2191.242217183751,1637.1913659425618,3210.1374048473913,0.051282,20.07
1308.5844221018456,1146.4607326973132,927.8484136122992,2780.2155813149375,3836.8908502736053,0.076923,40.93
2954.6100586178763,1960.750222679238,2224.8258830260525,1994.8266725162036,864.9871631606309,0.102564,54.84
1870.4590499010428,449.0670466886226,2380.881417787743,3177.1728981878887,2122.4195874347033,0.128205,0.00
1469.2262952666078,2372.9297361058007,2285.2408358483717,2120.515644471753,1752.0874883074666,0.153846,37.55
2947.6967156428614,1258.9153206163048,612.0555251071718,2051.9509662793967,3129.3814723542655,0.179487,0.00
2930.9732298592935,2544.438988328276,1738.0632386233547,1479.6741527528486,1306.8503904362276,0.205128,0.00
2048.055066630459,2611.8197518157035,979.5403393364106,2300.3179556951454,2060.2668865222813,0.230769,47.95
2379.4628230042176,573.8982980552154,1497.2124715064754,3384.687777614375,2164.7386298197166,0.256410,45.32
546.0637190646677,2771.665965921817,3236.2159742966014,1875.815170267344,1570.2391704495703,0.282051,69.97
2212.085429623846,2463.290951195399,520.7279879464945,1411.8958492747702,3391.999781959491,0.307692,50.82
1931.9798114508087,1468.9331907615835,2615.2086268263315,2168.573522067386,1815.3048488938898,0.333333,63.07
1538.5055917253358,1860.0056532847427,3507.0063088770353,2505.597776085421,588.8846700274662,0.358974,19.29
1419.7897203226437,2238.2942055328194,1907.9539969141285,1150.9787988047997,3282.983278425608,0.384615,49.35
4983.015953928208,1875.7447427794373,717.7906471363744,1753.8774043307392,669.5712518252416,0.410256,78.16
1783.1068617029841,2061.3181788424245,2899.4824200006206,1798.3455593312956,1457.7469801226762,0.435897,90.06
2052.943225401327,666.3988718893005,3169.8131758450018,3029.1198405065943,1081.7248863577763,0.461538,37.08
2789.8850995987605,1394.629970656402,2697.605780924132,2332.7257455973718,785.1534032233325,0.487179,75.24
2086.7829343330777,2830.073922525266,1387.255643484993,3261.1375717397173,434.74992791694626,0.512821,65.81
546.0713978852757,3041.1092186743645,1029.1680956706286,2524.9147994139157,2858.7364883558157,0.538462,71.26
2529.4838490950233,1503.782324526256,2808.8138854040903,2763.4124834107147,394.5074575639157,0.564103,35.82
2359.1628338176856,866.7795730279423,3017.9574184782114,3230.9780782215516,525.1220964546101,0.589744,116.18
4418.067391147121,765.5670866192592,1182.5285874608605,1157.991893382928,2475.8450413898295,0.615385,99.56
2521.407826427853,2792.9975541036392,2349.7732496926883,1695.203379361954,640.6179904138667,0.641026,53.90
2667.146513103754,1863.3037528172188,2029.1332526630504,1625.1051342024023,1815.3113472135747,0.666667,95.07
2635.1538127090275,2545.575311814408,1115.5994144691122,2516.6951314168405,1186.9763295906102,0.692308,113.64
2863.084073353523,3719.7767424844806,734.3235756606963,1976.7642453581007,706.051363143198,0.717949,130.50
2634.7887764802913,2173.2334325729453,770.9964312616614,3248.9010152199085,1172.0803444651929,0.743590,92.32
2151.130219849226,1239.0711304232466,2438.90721285255,2258.9357639014243,1911.955672973554,0.769231,118.98
2975.1629800589194,698.1230075314769,3194.918460602495,1222.7178213523864,1909.0777304547219,0.794872,87.27
1423.1677110411488,1653.2350147367085,792.6423092400805,4467.612214639652,1663.342750342411,0.820513,140.60
1848.9816268913914,2483.837599655727,1871.5995219063627,1262.5523323364184,2533.028919210101,0.846154,82.30
2559.3627275215918,1402.2319673343497,1093.7051474816108,4341.1622827097535,603.5378749526947,0.871795,100.33
3102.1181149860186,1335.4573723956307,3059.9820809079756,2053.288194867949,449.1542368424253,0.897436,76.61
1039.3446276959962,3864.433246830746,2341.976039551144,868.24713009191,1885.998955830204,0.923077,115.29
2823.7538131289225,1171.0964750912,1982.9724104529464,1969.9674226499758,2052.2098786769543,0.948718,135.52
2239.398921489489,569.5081681461501,4108.231508181493,1898.0373076239587,1184.8240945589087,0.974359,111.71
2422.6625145598946,2319.1609360586635,1895.04998522697,834.5162933148085,2528.610270839663,1.000000,91.28
2107.8943101454897,1715.035370311557,821.8165252796566,2762.7886137738756,2592.4651804894206,0.000000,23.44
2655.685662532393,2580.800563635172,2208.66444052414,1323.979209077341,1230.8701242309537,0.025641,8.02
3379.6857685530895,2228.177346987468,1229.9410422238877,1006.9466373829474,2155.249204852607,0.051282,32.92
1997.780850254266,3388.000663615051,1468.3000676174545,1153.0571768537145,1992.8612416595138,0.076923,0.00
976.2389983529762,3987.238541185956,932.1914539841626,1450.2618585288722,2654.069147948032,0.102564,33.98
1627.3436885930068,2129.7395441050226,1805.0515550976654,1504.9828790189438,2932.8823331853605,0.128205,47.33
2498.6429205434415,2551.8890848273218,1045.8658013090505,2547.456742559711,1356.145450760475,0.153846,0.00
1181.3514386953661,872.0422467011462,1099.896766232301,2869.001775316614,3977.7077730545725,0.179487,15.63
1315.7915290688575,916.5194355122389,3034.989801160256,1573.3395027581528,3159.3597315004954,0.205128,69.32
2072.4449999036,461.1845137289372,2191.293048546997,1784.0714127745073,3491.0060250459596,0.230769,0.99
2108.662627976836,3158.5017151712777,463.75700194027337,2484.751065720367,1784.3275891912467,0.256410,51.68
2059.865908611002,618.1342232973682,1297.0589437089898,2566.5698392730483,3458.3710851095916,0.282051,43.64
1674.9124268455191,1300.5422040820324,2801.0782633615213,1859.549878168128,2363.9172275427986,0.307692,54.04
2024.9963454055776,4100.5244556534035,1555.0705734826356,1773.3206385116741,546.0879869467104,0.333333,67.47
2010.1108184608831,2487.545761416401,2407.2307233199713,2069.147637718742,1025.9650590840045,0.358974,14.80
2035.445331555509,2504.403126893746,771.2959419661313,2297.1341712672743,2391.721428317337,0.384615,68.94
2671.8241106584064,1283.1396798667977,1215.7523656658414,4282.552675695501,546.7311681134562,0.410256,39.90
3197.2169594087763,2294.3147615821463,456.4393255818319,1801.015650457595,2251.0133029696512,0.435897,38.49
3080.5140497438556,1650.864878055848,2021.5812031371822,2658.1726886012357,588.8671804618771,0.461538,100.90
503.80208830612975,2171.07486599565,2766.325452354276,3571.9904205316925,986.8071728122515,0.487179,92.46
1933.5082247738553,488.57808631796365,2857.016767065184,3097.139637699141,1623.7572841438569,0.512821,81.93
3075.5313216355853,2347.9198399428283,1417.7672980576092,2571.208964342735,587.5725760212424,0.538462,91.92
3429.5635556297234,1536.1550357552123,2541.1761541435453,1434.559058059013,1058.546196412507,0.564103,93.43
1178.243045123738,2683.234693084171,1312.3644279293185,4014.3888832729112,811.7689505898592,0.589744,91.93
1080.4267250844175,2383.2504753330136,2033.404868753244,2369.769159175432,2133.1487716538923,0.615385,106.00
1719.6487345551573,1841.565022702957,1292.890290720206,3053.952453325217,2091.943498696463,0.641026,93.89
2700.163468954485,1467.0210999788294,571.815861554385,3414.056092618939,1846.9434768933631,0.666667,92.45
3809.1468783577648,2285.9678088060646,1020.1120008197793,548.308757822131,2336.4645541942596,0.692308,126.72
3014.509500430126,2710.311791381526,557.255274912069,891.0856235440799,2826.8378097321984,0.717949,69.39
2323.534636366117,2025.720833919551,2926.2665819831973,1665.0089265026347,1059.4690212285004,0.743590,109.65
2603.906671730606,3086.6566312795812,978.2219139280347,2168.252726902157,1162.9620561596212,0.769231,81.68
3038.711796562479,2163.593418746188,1563.394947974019,721.4693100701155,2512.830526647198,0.794872,124.56
1982.116441777899,1932.893479174424,614.036317322456,3987.9645030977395,1482.9892586274805,0.820513,77.48
1299.2334534192978,666.0356051473517,3316.0333048429848,675.2852312660231,4043.412405324342,0.846154,126.63
2007.174792162157,873.590843471073,1832.1229290388005,2432.167424380826,2854.944010947143,0.871795,84.28
2874.5383295731667,710.3262627682553,2382.5238462466978,2467.992086152579,1564.6194752593,0.897436,138.76
2390.9497336735103,2633.691995755926,1428.7548669314274,1416.3708991970502,2130.2325044420863,0.923077,147.60
2874.0316718970666,2472.704385179466,2090.973337056724,969.644966205211,1592.6456396615308,0.948718,129.69
2180.375466661271,2925.0536712416465,1139.002090621609,3309.1753603444095,446.3934111310643,0.974359,153.83
2226.3810002738132,2140.840597149357,1643.4448984032651,2906.2597290535305,1083.0737751200345,1.000000,86.38
1637.1099601374806,2042.1664924567642,998.5770167035547,3352.755727048622,1969.3908036535793,0.000000,43.32
524.8640110421355,1873.943565094527,3204.7922912103536,3102.8568368221227,1293.5432958308618,0.025641,12.50
1690.4313238789712,4261.53186054944,2080.1587198755997,1031.1001273191596,936.7779683768299,0.051282,43.93
2326.1990047898453,3526.2170646655004,510.08319585281436,2098.1363766356067,1539.3643580562343,0.076923,0.00
1117.5760201840426,2292.4200576100216,710.6009433782808,1681.732960531959,4197.6700182956965,0.102564,55.75
2009.2845239193443,1805.250332098078,578.5758221975135,4064.39465971729,1542.494662067777,0.128205,42.95
770.3078957741102,2321.801461256678,2281.0830290150766,2531.993876508134,2094.8137374460016,0.153846,53.03
1597.3174615958496,2291.9533805607634,3242.0105248425602,1664.3775694445746,1204.3410635562527,0.179487,14.57
3428.637682214345,2186.1337614481745,725.3489741107546,1115.3537887530288,2544.5257934736974,0.205128,57.16
921.9567735516256,2126.379714172006,2396.946706688343,1952.2527701928516,2602.464035395173,0.230769,0.00
2868.7171384896396,3015.4265139478916,683.3197154991446,2211.432245379466,1221.1043866838588,0.256410,69.28
1139.5988014172667,1275.2558374210696,3772.9734844937125,1103.4396732216537,2708.7322034462973,0.282051,57.62
1995.7998308147487,1509.0843384767722,2754.1956165162437,2734.361718696899,1006.5584954953374,0.307692,15.44
1205.3641277499123,943.3288378293406,1889.869226076135,4011.5285973060995,1949.9092110385122,0.333333,23.09
1501.3928780223148,842.2459419880497,1251.4615839059934,3884.816177488365,2520.083418595277,0.358974,57.73
2510.499015383367,1999.8978256110793,1006.8915924777086,1821.241686428234,2661.4698800996107,0.384615,80.96
1851.160463455563,3986.801748548556,1214.8729496287897,2422.365001852012,524.7998365150785,0.410256,91.03
2495.9682646700126,2370.1279890967194,712.7754121648213,1140.0660397696001,3281.062294298848,0.435897,44.98
2694.1812060376437,1864.220970939352,1084.11667399704,2478.7215095063225,1878.7596395196413,0.461538,23.40
1822.2994446701894,2741.494729496178,2038.4202966894925,1562.0643381252028,1835.7211910189385,0.487179,29.44
2307.438207819034,3405.8854601152298,627.1902674068954,1442.365852437806,2217.1202122210357,0.512821,59.31
900.3919204875721,2375.903063062899,3305.4912724221235,494.99776369587187,2923.2159803315353,0.538462,79.26
2772.4518436158028,2610.296147770583,327.0925267579219,2791.3524537332746,1498.8070281224177,0.564103,35.71
1080.2365356126802,2860.272972097317,1796.9523995180566,1539.3162531297667,2723.22183964218,0.589744,55.23
1433.7029435107404,2808.329096128186,1885.3959092009188,1692.279297143704,2180.292754016451,0.615385,79.95
1802.1383534202062,1076.8958698458093,2483.678259947118,2545.1967177702954,2092.090799016571,0.641026,90.80
2257.818389536106,2305.7231393021834,1740.6044960668269,2345.653439959966,1350.2005351349167,0.666667,54.38
830.8688404546538,2165.9278474654584,1805.7287535604771,2447.099097012832,2750.3754615065777,0.692308,48.24
554.9250338565753,1470.1988639344797,2898.2781679728564,3274.686548500832,1801.9113857352575,0.717949,61.40
1459.42086104426,430.14905520982313,1345.48561278588,3399.7468101117993,3365.1976608482382,0.743590,90.58
2674.4657462625146,949.9433532139662,2248.6841001543808,1584.608576039797,2542.2982243293386,0.769231,100.75
1217.9850514750444,1086.1605447975344,3104.4961369064245,2233.5933711105295,2357.7648957104666,0.794872,60.68
2037.5460880765322,946.9690731285872,1689.1881102735733,3072.3592638527525,2253.937464668554,0.820513,123.83
1585.08139593658,2829.7323640816167,2902.298056830458,2258.164882287637,424.72330086370874,0.846154,112.80
2606.417478587565,2236.6616611329614,1499.332493277234,2535.135502286271,1122.452864715968,0.871795,142.85
678.8069143028579,1974.9836388183405,1288.7549179678097,2564.60897432896,3492.8455545820334,0.897436,132.50
4344.935733873152,2092.5415078059573,541.9300511142276,1353.1946245415213,1667.3980826651416,0.923077,152.31
725.1789714044854,2622.5574127040304,822.9012620436979,3369.6702323146196,2459.692121533168,0.948718,126.79
1585.9070575145429,774.4049231440999,3902.686572689428,1989.9439724012782,1747.0574742506503,0.974359,101.17
3174.737188158886,803.8692257163135,1764.0983682077613,1961.8207245088654,2295.4744934081737,1.000000,91.42
1514.3109617454977,1324.8365306639441,1427.1545497019808,3104.2748488916345,2629.4231089969435,0.000000,0.00
1221.7851167432018,2989.720492077189,2840.6579546272674,587.3530962513563,2360.4833403009857,0.025641,0.00
3007.2059874743595,626.0082861543673,2550.478863311082,2344.458696344121,1471.8481667160704,0.051282,34.24
678.2172194922289,3962.8695551143455,1655.8450940388755,2834.0404712888735,869.0276600656757,0.076923,29.06
2860.445387748826,1608.782189489744,3286.904229111715,729.3127233038953,1514.55547034582,0.102564,26.65
2132.119878973387,2823.3128138029792,1897.3557586953273,1715.642379192405,1431.5691693359008,0.128205,1.02
2387.0160780863107,1560.2087755865832,1237.351886180805,848.0775113549721,3967.3457487913306,0.153846,0.00
1563.9754707801296,1977.2222108112073,2295.0251087022143,1035.5684775642187,3128.208732142232,0.179487,52.87
771.2630697892808,2432.1858897359116,2732.9534419624206,1636.8203670083233,2426.777231504064,0.205128,67.37
601.7129836068755,2606.8355482153265,2452.095777508199,3242.685204277959,1096.6704863916393,0.230769,3.24
1521.1561335162735,2060.388147026894,2412.9891736369736,1354.3431894361277,2651.123356383732,0.256410,37.44
2959.65712791285,1270.4386143138197,1030.4576368482406,3701.2071366227087,1038.2394843023817,0.282051,14.14
2558.815288158286,2076.8523192224184,1730.9522614523294,2852.6782914695814,780.7018396973839,0.307692,69.07
1042.700424647881,1652.0041220703442,3263.4892118857188,3052.483998067311,989.3222433287442,0.333333,73.41
1242.5303891382914,2764.496970591552,2780.796928654172,2284.1841397764424,927.9915718395415,0.358974,72.10
1840.7517922032791,1953.0683473539077,2709.797105267531,1286.9887553255153,2209.3939998497667,0.384615,56.24
1038.0401309823346,1610.3508019932958,2613.9281821715044,2605.775916300338,2131.904968552529,0.410256,59.78
553.6917016284938,4070.3823706314943,1946.9112492800969,2106.1008903797797,1322.9137880801366,0.435897,95.17
1679.7143161945964,2306.224559005784,2142.222664220059,2451.9041372429433,1419.9343233366174,0.461538,63.96
2771.0057373399945,2363.7669285469806,1718.2594751733823,1011.9287708331043,2135.0390881065387,0.487179,41.96
1592.696140945983,2241.2322183611063,3547.6105006408698,1589.2916483144188,1029.1694917376224,0.512821,60.44
4852.102974010136,1011.7391490212931,1418.6331559840107,1260.4176084619132,1457.107112522648,0.538462,49.95
3208.385167750642,2237.35230841582,1434.1531511350822,893.7368984851355,2226.372474213322,0.564103,101.43
1495.521932659259,2665.308582584993,1951.3496211256909,2321.655554696448,1566.164308933609,0.589744,48.55
2325.701668589869,1542.5798057957934,3262.3421936066907,2231.586916400464,637.7894156071835,0.615385,68.25
2574.198049403481,1039.1416081269253,3534.95287803839,1667.0316606943006,1184.675803736903,0.641026,46.40
1255.3876668339578,784.0583208457397,2525.5199317417387,2454.5907659378204,2980.4433146407428,0.666667,114.67
1606.3584170906029,1286.5268876045272,1671.765109825984,2454.5423426465272,2980.8072428323585,0.692308,87.55
3106.652227994336,2437.0090736643147,2765.2707951195134,1113.0556572812945,578.0122459405425,0.717949,87.27
2687.203294025191,2563.6279435669785,2817.0696482139942,977.5967866790027,954.5023275148353,0.743590,95.45
5572.583233086617,776.929424708509,1275.7081955691294,900.1049411404979,1474.6742054952472,0.769231,106.92
3626.591181148821,3249.9250165466415,534.6992897873533,1509.273132657282,1079.5113798599025,0.794872,72.14
784.5981599003065,2897.4857007918017,2008.031724400672,1128.3683473947865,3181.516067512435,0.820513,77.89
664.5939399689181,602.5215399836313,3349.7104298315985,1704.2110217206962,3678.9630684951558,0.846154,102.33
2393.6448464709365,3164.185869345613,2804.2239716047307,510.203448725253,1127.7418638534668,0.871795,131.68
867.830620819557,3467.844638809227,1302.2907968796878,1570.5889552755825,2791.4449882159447,0.897436,81.73
1100.6463226285855,2367.7721382122263,939.334340639643,3278.0542082617435,2314.192990257802,0.923077,105.38
931.3120141400462,2012.5054990181472,1347.204497968799,2262.7401487896464,3446.237840083362,0.948718,149.12
2909.401738547434,1059.2474203129625,3306.6983842173263,1746.3353025653062,978.3171543569722,0.974359,154.46
830.1083231637806,2465.3315723955016,3961.132407464197,1908.0525641982988,835.3751327782223,1.000000,92.56
729.25261952291,5477.968101498029,645.792183106129,898.3412201553024,2248.64587571763,0.000000,0.00
782.9281652560438,1775.113041961777,3187.182164821715,1610.852403340595,2643.9242246198696,0.025641,43.86
2265.1362749746822,857.6216031849789,2620.2007619331976,3508.2696502490526,748.7717096580877,0.051282,29.29
1322.7798714220628,1627.2378063036292,945.9697056102289,2083.332098065677,4020.6805185984026,0.076923,25.25
1511.9345874201454,1488.0650547180846,2240.7607998117887,2101.5572554856585,2657.682302564323,0.102564,0.00
824.5407470090443,3119.0006691156377,2190.791618357974,3244.8437655123903,620.8232000049535,0.128205,28.97
1603.6694887755452,1055.5503155637937,964.9837148271836,2903.0446202253634,3472.7518606081135,0.153846,43.44
2237.9890041349367,1997.5906448354444,1885.311845025212,1584.273473802054,2294.8350322023516,0.179487,34.22
2816.2000918813555,1371.177592386512,803.1478420883944,1168.9565573056896,3840.5179163380485,0.205128,69.77
1813.2848899653377,2976.5009305238764,1218.3192097157944,1611.0228762730449,2380.872093521946,0.230769,0.76
933.4334268005595,3028.7284521399943,1851.138395256619,1886.8584368880636,2299.841288914763,0.256410,4.05
1511.5090575726933,3519.718781585448,1205.6902108367658,837.1311795291164,2925.9507704759767,0.282051,74.53
826.0973229283521,1982.3191496738623,2924.4591930661063,2311.5424555340637,1955.5818787976157,0.307692,21.46
1959.7419501903846,1901.6379387642803,2521.999147114037,552.8670750004661,3063.7538889308335,0.333333,43.13
2815.677594503849,1160.4402088653972,2714.006869648411,2782.3271298503223,527.5481971320206,0.358974,38.61
3219.766543859781,954.9109130760406,1714.6356425114316,2748.437323454685,1362.2495770980618,0.384615,20.39
645.3195469361057,3687.571105605029,1831.3656500230782,3213.833350555606,621.910346880181,0.410256,17.82
3146.9866828036684,1300.9052771826653,2491.8163978464313,867.8073223667744,2192.484319800461,0.435897,45.91
2984.1509536351623,1693.6616967210098,1383.9800308782123,1764.51247889347,2173.6948398721447,0.461538,72.43
3597.6382986374847,1114.8903596143646,743.9178979597667,1850.906889211154,2692.6465545772307,0.487179,62.73
3337.635277743005,3186.7184001404116,1040.181061276421,1380.0078566806692,1055.4574041594935,0.512821,75.88
3658.3127217829337,826.2785359317261,1578.8147251320481,3224.7098488574584,711.8841682958345,0.538462,78.15
1544.6096233165706,2952.181913132923,1824.1462421288886,540.5185659212826,3138.5436555003353,0.564103,57.06
3217.7890245047643,1154.3069960451749,808.65401623658,2935.735396315134,1883.514566898348,0.589744,46.52
1613.2134570975431,882.9707481261515,1784.0279808500911,4227.857661996064,1491.9301519301507,0.615385,90.94
1366.361310190172,3067.7360829569056,454.3443640861922,3113.9604982861156,1997.5977444806153,0.641026,70.95
1440.280456621592,1337.7611108461087,3345.176919795969,1271.5790347269456,2605.202478009385,0.666667,101.52
2328.620388822886,2352.887564017575,1900.1449622076323,2013.6152229796107,1404.731861972295,0.692308,121.95
538.6641941893339,1874.2062320882262,3461.7943491375668,2705.0133278217895,1420.3218967630842,0.717949,56.31
1376.1744286420605,1424.8634492431217,1678.6861084206687,3053.1787418597446,2467.0972718344033,0.743590,79.51
1167.2865920633615,3023.091064431418,1891.9628229534749,1530.6743554508023,2386.9851651009417,0.769231,63.86
1172.591979363798,2606.7451083826422,1569.9245188254793,1357.957097175884,3292.7812962521953,0.794872,101.19
1984.0567833118803,563.518520281324,2095.0820475633045,2582.656265258421,2774.686383585071,0.820513,98.29
2640.102638454259,1848.8169892196167,2345.881978346817,2150.012870330764,1015.1855236485435,0.846154,121.90
3705.8916858322186,1096.898144314394,2301.0609051188167,1994.8007886198795,901.3484761146913,0.871795,80.09
2525.6883702016753,2754.564075055037,624.0655894735835,1553.8396237889956,2541.84234148071,0.897436,127.05
2697.698952188436,1393.0512122554208,2189.3991007451787,1128.061752782634,2591.788982028331,0.923077,80.18
1437.6976447688714,2268.2460426404764,2250.581423886811,2583.6988882222945,1459.776000481547,0.948718,152.02
1623.7413563001533,2072.8494846006606,2656.444784674604,1921.471327858887,1725.4930465656948,0.974359,152.30
3676.702954489471,1696.3260141440494,1685.9595912272107,2012.388078420721,928.6233617185497,1.000000,129.50
2622.6599106504455,1844.0383887590565,1106.3180638490983,2377.61580161807,2049.3678351233298,0.000000,33.14
3047.3762458247143,533.5587387721971,2778.7374813661336,1731.7645186332945,1908.56301540366,0.025641,43.92
1923.3332068096745,929.5504468714306,2697.6604486151423,1022.6489679645857,3426.8069297391667,0.051282,0.00
2115.2485592173484,2673.559914229091,1163.837621098405,1258.126234661988,2789.2276707931674,0.076923,36.74
4363.880121852688,933.9890274471686,2017.2391201118417,766.6998645636221,1918.1918660246806,0.102564,39.13
3091.639748870067,1137.0982135657907,1135.5577385859344,853.6426299292422,3782.061669048966,0.128205,0.00
611.1160661106376,1637.7226250059025,3627.83738277151,3320.432534301615,802.8913918103364,0.153846,16.00
1849.0414461153434,920.0908583553529,2080.993355399302,2094.0719042395663,3055.8024358904368,0.179487,0.00
1591.2763192411164,1446.1994265958651,1411.7443990935901,2390.9619738154465,3159.8178812539823,0.205128,9.52
1884.2605642265623,1167.6720132602375,799.4132489717887,3628.1408648495194,2520.513308691891,0.230769,43.44
1173.4255303413704,3195.5862172549187,2601.537720309006,597.788479615122,2431.662052479582,0.256410,30.23
689.925623043297,2088.4415575831567,3414.5106643371096,3364.6381081717277,442.484046864708,0.282051,33.08
2042.9113572582605,2632.4139771395626,532.5436026689673,3374.222274940691,1417.908787992519,0.307692,4.81
3108.670215881165,510.1892166051221,2802.4203609458473,899.6992304429165,2679.0209761249484,0.333333,38.59
741.0764354342813,3733.2409249210486,1927.0983803218835,2776.67375081595,821.9105085068356,0.358974,16.93
963.784004578652,4089.87746960291,3051.169751368745,840.4919182955786,1054.676856154115,0.384615,51.21
2296.343058899742,1776.8615129477894,1995.4093382581689,1328.1719421178045,2603.214147776495,0.410256,74.12
834.001747825363,2163.5594085450693,3501.0469636350895,3041.886002994172,459.50587700030724,0.435897,30.59
1116.5773958237835,1181.722987712026,3117.085004264233,3313.16446129241,1271.4501509075471,0.461538,83.41
3760.40870200446,3445.5215957448,542.5664428582717,1687.6307147619298,563.8725446305391,0.487179,49.15
2013.8763782848932,1188.749009601607,2314.678781040253,2245.967603772014,2236.728227301231,0.512821,77.38
1529.9642807179707,3019.0337359992977,2550.483719670845,1972.1004430513915,928.4178205604941,0.538462,59.05
2511.3902624110883,1895.69422102453,2629.522782022639,577.4403127821605,2385.9524217595813,0.564103,110.36
1844.5294155699517,2606.9214622938025,3100.7465301668108,1023.515144979208,1424.2874469902267,0.589744,69.70
2284.890687536247,592.8540534765287,2050.3988070061814,2460.2931464611547,2611.5633055198887,0.615385,41.95
2435.6135491648824,1301.7394602181344,2009.427105206695,2398.13033103758,1855.089554372708,0.641026,43.03
1140.7974264538832,1096.6155091733424,2004.0917917101665,3042.2266278907923,2716.2686447718156,0.666667,95.27
1907.5183151154024,1650.2165265266176,724.944502097227,2498.8128670241977,3218.5077892365553,0.692308,119.23
1076.1089662549648,3275.8962524541594,2507.8451293162134,1528.3009716865847,1611.8486802880777,0.717949,124.01
2929.5036627665695,516.0192819123073,1958.1851082283952,2851.5981428729724,1744.6938042197567,0.743590,96.49
2146.8113283958082,2101.425127107344,705.7295872281659,2555.5142126146256,2490.519744654055,0.769231,84.55
1834.6497082324101,1084.9805427677547,2798.685517270645,3082.035974812898,1199.6482569162936,0.794872,136.07
2481.005269407538,1423.1375575391023,2367.9372628531983,1346.1215409209585,2381.7983692792045,0.820513,132.79
2051.2864946659715,1654.4525088503508,1739.7355472728896,2261.23971262916,2293.2857365816285,0.846154,123.33
2888.1878808863157,816.1925615685558,2430.2022682550105,2309.5688613634397,1555.84842792668,0.871795,125.73
2200.634815853718,4361.090163734134,881.6377830872009,1904.2191921698316,652.4180451551152,0.897436,74.54
1170.1368224806636,2558.844912370082,971.9935268241162,3746.909738360189,1552.114999964949,0.923077,130.42
3122.364556689553,1359.2130673241722,559.7348042154659,797.2709043961507,4161.416667374658,0.948718,101.25
2912.464031694974,3266.9586676312624,1361.2074477346673,940.2359649097494,1519.1338880293465,0.974359,93.43
1227.6721313214227,3056.588008543464,1995.5075298333622,2952.963987843637,767.2683424581124,1.000000,126.01
527.7852380379297,1524.5688414851038,1934.3596188756787,2752.4215529972053,3260.8647486040813,0.000000,6.76
1494.3675435957862,2184.798397897945,2846.505968595416,1699.5909858074506,1774.737104103403,0.025641,7.06
1711.6221479690628,1999.4128590721066,2601.9151660464295,2131.475188968335,1555.5746379440668,0.051282,2.25
3552.614788834098,1435.3043346802494,635.9969557893376,3320.9170287860925,1055.166891910223,0.076923,0.00
1799.196888230253,1836.9715918873856,1960.784306932687,3104.8759714158464,1298.1712415338277,0.102564,0.00
1593.4493362821647,2699.2128312528966,2494.2161273216907,911.9797538460263,2301.14195129722,0.128205,0.00
2475.5277346212615,1246.6928062239458,2779.9944806616213,505.8856952389949,2991.8992832541758,0.153846,0.00
1535.7878412518976,2866.958470080589,3826.839988599605,569.5705395965696,1200.843160471337,0.179487,28.67
2611.292024906413,2512.4595217056726,1348.4254796426455,2568.2970029550283,959.5259707902395,0.205128,19.80
1347.9076611481466,2701.41165722616,1673.474078116865,2518.5028570788604,1758.7037464299685,0.230769,7.68
1241.712443736483,507.7862480349783,3355.8347087661728,3462.2911425355855,1432.375456926781,0.256410,9.46
1779.9593350139494,2633.6113540673923,2014.7060732594855,2207.700458616543,1364.0227790426288,0.282051,70.35
704.5181884794464,2785.7985373683223,2787.673592477227,1017.5435652378433,2704.4661164371605,0.307692,37.16
3426.5274688396858,1781.7236072898654,1685.6347038835204,2630.1577608171465,475.9564591697825,0.333333,23.69
875.9524422105961,2743.6826240088662,2741.714133601449,2389.5276622884458,1249.1231378906446,0.358974,69.20
2314.707016866913,629.943210538001,2954.9612466640215,2410.407949989446,1689.9805759416172,0.384615,44.07
2553.600000953908,2739.9131107340827,1572.6068112725582,997.9948400297042,2135.885237009746,0.410256,22.10
2917.9258463654946,2264.6462499887716,1396.8886714999417,1633.038280837922,1787.5009513078705,0.435897,77.59
978.8209232258282,1299.9176575674219,3391.9459208151384,1246.0756340123478,3083.239864379262,0.461538,97.89
3446.0897320708227,1694.4580191505825,3622.1318781416203,631.3691524245456,605.9512182124298,0.487179,34.24
862.250182358517,3168.657359161604,1102.9622410052173,2192.5809243156373,2673.5492931590256,0.512821,62.21
542.8318883728126,1857.9620621847057,1858.196391451474,2880.50682035681,2860.5028376341975,0.538462,62.66
2753.89538774172,3278.2262845999685,690.9762624606462,724.9362883405,2551.965776857167,0.564103,81.99
1797.880371529453,3044.0548869997615,1429.0460241731132,1958.5999335669835,1770.4187837306886,0.589744,71.66
1666.4347240552418,1536.415442620269,2475.5946883529928,2315.8569179318324,2005.6982270396632,0.615385,44.49
3022.3102357042053,1962.6527916454484,757.0597833395205,2964.695630982076,1293.2815583287502,0.641026,116.85
537.49264601672,3229.1176882570153,1459.3890968131473,1565.7304288673936,3208.270140045725,0.666667,102.84
1777.5241509287107,4613.4619779584345,761.0966676443485,1153.6242580211244,1694.292945447381,0.692308,61.88
2520.68236183152,787.758639242302,3686.4007474032214,1726.3794625844446,1278.7787889385133,0.717949,73.72
1135.5207376148321,1291.8136298324823,3611.864172344618,911.2074756234585,3049.5939845846087,0.743590,87.12
2459.6272209651834,2263.9979715434233,658.2843615847947,1787.4161485818063,2830.6742973247915,0.769231,82.67
967.1441570581553,3194.4942729697896,1367.7450224301097,1826.0864836858696,2644.530063856076,0.794872,139.64
3796.047552443811,3222.0550669706013,825.5736478492254,1305.7140327883744,850.6096999479877,0.820513,132.92
1537.453017110632,1964.3501954254798,2075.216723758864,1747.1412953140755,2675.8387683909486,0.846154,121.23
962.5831868508601,2269.2049245605385,2947.5132253677575,2459.3757236137712,1361.3229396070722,0.871795,79.45
2575.7847765635343,911.3533818501089,1968.504010405081,2379.8133640371993,2164.544467144077,0.897436,132.24
3315.4086264298753,1765.4162791598667,1739.7597191623684,1714.6391851720557,1464.7761900758342,0.923077,86.61
2360.451252373826,894.4934382493037,2722.0289516578805,2517.653475673154,1505.3728820458368,0.948718,136.38
776.9848906592656,805.1094759831246,2000.3945056055566,2604.7782143847903,3812.732913367263,0.974359,127.74
3283.874058169691,1064.9324374556663,1434.7960600305053,1349.532370772864,2866.865073571273,1.000000,144.99
2921.430143165456,2441.9852815660975,1160.3807042484282,1525.7477520256027,1950.4561189944166,0.000000,0.00
1831.5941790129082,3266.696663586112,2476.6246985026305,1737.952905697952,687.1315532003981,0.025641,0.00
2652.539058176823,1189.2852678786955,1618.3677998758417,2450.308464317509,2089.4994097511303,0.051282,0.00
2687.7056190846342,2322.5490730175356,1058.63161628555,1823.9199529950795,2107.1937386172017,0.076923,20.98
5246.4709144817425,1474.6697953096013,1079.4118803743136,803.5715290105035,1395.875880823839,0.102564,40.41
2539.894260133751,1543.8411274133675,3090.7361098862084,1826.1950356180191,999.3334669486536,0.128205,19.91
1400.0874684631333,2671.0793656186065,2446.6742223437695,2505.3180981711776,976.8408454033139,0.153846,58.57
3181.386460831919,1191.5139693366377,2271.9887496470938,2962.651740657137,392.4590795272123,0.179487,41.16
1531.0356365265557,3297.997447446165,846.4208446795276,2105.65992026794,2218.886151079811,0.205128,38.69
2279.7116786323463,2916.666575686843,1439.3857011429336,734.784752545269,2629.4512919926083,0.230769,43.76
2220.8456385118307,2356.8410104548148,1575.2320853015897,2843.1422123040184,1003.9390534277477,0.256410,3.36
3866.8068307780086,1579.4804254966407,457.32090522158825,2229.511387029346,1866.8804514744145,0.282051,78.08
2995.570443876332,1549.989828771038,3269.9481348708796,897.0429289808817,1287.448663500868,0.307692,11.37
1787.9126886380102,1255.835089853601,2562.5039000954334,1324.5057392102854,3069.2425822026707,0.333333,45.00
2651.4012042690174,1505.6691787482143,1931.094181129154,1162.3295904827626,2749.5058453708516,0.358974,81.96
1399.6077636195544,2449.451587418496,1825.6534079369412,1980.5638393201157,2344.7234017048936,0.384615,31.96
1764.3894537604224,1708.6691735954516,2219.543548622419,2124.837822420597,2182.560001601109,0.410256,52.97
1304.55120984626,1064.4630322546693,3891.8855860019426,2075.4441340996746,1663.656037797453,0.435897,78.73
1825.2314052737374,2143.001019614431,3788.4826667016073,841.5249902031121,1401.7599182071115,0.461538,69.55
1022.6137183266171,1529.1009977019435,3692.847446812347,3150.476536683811,604.9613004752828,0.487179,51.77
1655.9970665738922,1766.9658433418435,2355.8144316419607,1823.2402423287945,2397.98241611351,0.512821,82.74
2673.670239144557,1062.0229416724326,3274.819854670436,2173.6319628787082,815.8550016338667,0.538462,90.38
832.557066701069,2443.2366597539203,3818.6022697829067,527.6985473499299,2377.9054564121743,0.564103,51.64
947.8060323875857,4812.946430969334,2157.227039243497,990.2884991938838,1091.731998205699,0.589744,56.85
2797.2132467586275,2677.6402969630617,614.0602241091239,577.4254793473881,3333.6607528217987,0.615385,67.74
3644.497561883299,2143.018786567673,1397.8200699551464,1870.0003142567589,944.6632673371234,0.641026,49.83
1964.946616137261,3045.812832523302,2304.1282874263884,1307.3590991327017,1377.753164780347,0.666667,117.27
3022.709251494123,534.5332100720327,2202.462972012862,1140.8397774038701,3099.454789017112,0.692308,62.23
1758.3237284778422,2593.1582149744454,382.0249236882872,2546.2122759908575,2720.2808568685678,0.717949,123.57
801.2727000392583,2491.7335775507718,3502.9266022004203,2628.9873261027014,575.0797941068485,0.743590,66.75
1845.3794333579613,2205.0629026378288,399.01260886980174,2727.3705300629686,2823.1745250714384,0.769231,60.43
1212.136136506073,1549.5260585706583,2180.8072347817547,3561.8509421863546,1495.6796279551615,0.794872,98.37
1672.9663697808558,1240.9724896389557,2822.2512082126227,1754.4215102994879,2509.3884220680793,0.820513,98.76
1307.2927081079997,1711.7031331554358,3054.550461647175,1046.0934698559577,2880.360227233431,0.846154,133.46
3365.549522980346,1731.293320909011,1617.4770413920319,472.1016868188952,2813.578427899716,0.871795,81.77
4023.379367493871,1913.4989368013157,602.5384916456168,1945.2891948280815,1515.294009231116,0.897436,119.28
1258.0203474220714,1671.2238749888083,3467.933845799528,1064.957076952027,2537.8648548375663,0.923077,125.83
2012.5034395573352,753.2795450119686,3401.830942704892,1887.261934920489,1945.1241378053153,0.948718,150.73
1612.6711214413365,811.6176960805054,1651.3086049398444,4711.714352933339,1212.6882246049743,0.974359,94.10
1918.5916739046968,463.28793836231785,2769.6360763785624,2004.2402795699377,2844.244031784485,1.000000,133.61
3061.000883003015,2711.4166711362236,734.7676827046976,1286.140598735358,2206.674164420705,0.000000,0.00
2008.8774441036269,2081.8177284696903,1777.4865367862255,2452.7750951191088,1679.0431955213476,0.025641,0.00
632.0677522738484,1077.9809721092222,2873.670900986893,1886.3059193196484,3529.9744553103883,0.051282,0.00
1800.346694043196,1625.2030763818263,2867.8663572930445,2903.2823017714227,803.3015705105126,0.076923,7.86
1989.6990935051613,1935.1500090623779,2081.579991209033,2219.7916572079544,1773.7792490154748,0.102564,0.00
2058.8342413016208,1016.5282467130011,1631.7038486590234,2265.35320649378,3027.5804568325743,0.128205,60.20
1585.2162005203143,2115.520238059506,2804.606977486223,1486.0363057013997,2008.6202782325581,0.153846,26.38
2642.980012917604,867.2712121900141,901.4023207251122,2050.3410280050234,3538.0054261622467,0.179487,50.43
3529.1375079808618,563.044592090404,1630.2096692131345,2119.2487302250242,2158.3595004905737,0.205128,14.58
1172.7379682800513,3477.160376551645,1357.7753979626314,2617.9827927613883,1374.3434644442825,0.230769,66.25
1211.1978945200553,1154.525624402103,2670.0727499890654,1887.2426306933153,3076.96110039546,0.256410,0.00
945.8257880450703,2864.706067991097,2745.0372762124257,759.5121763815873,2684.9186913698195,0.282051,68.21
2143.6589681767637,857.9119296693588,1050.6914848544072,3719.914509854681,2227.82310744479,0.307692,60.46
3604.696877911036,1837.5716815019473,885.3761917214052,2522.662935386171,1149.692313479441,0.333333,75.65
2617.788317538885,1844.1206767148255,2442.571206537864,2508.560405538705,586.9593936697205,0.358974,48.26
2201.436420289495,2336.452125631351,1649.4142986216898,2290.501154454136,1522.1960010033304,0.384615,88.67
2353.851703601751,1735.6619498705477,2199.909602767011,1475.1513813150284,2235.4253624456605,0.410256,36.18
1003.9471000907307,2803.825084714116,2689.524298006792,1534.8391330194681,1967.864384168894,0.435897,68.57
1016.2333764733542,767.7927405694019,3101.8319037805795,1911.9981350117675,3202.1438441648984,0.461538,42.41
2738.768193312667,1457.6610459383412,2159.24255055942,1942.992498125718,1701.3357120638516,0.487179,95.92
2863.4977265554794,396.57998681742924,1982.8762008754115,2782.812307953731,1974.2337777979483,0.512821,50.00
2874.4320667390566,1441.547564822237,3220.765224609986,979.5925166721872,1483.6626271565344,0.538462,50.77
2577.652799971572,1839.6081370378877,2805.110928148356,1699.6117606065864,1078.0163742355987,0.564103,104.89
548.0458669945072,2559.6999064366278,2405.195109850813,3122.3117592668714,1364.7473574511803,0.589744,108.15
2534.5478190036683,1756.838018020762,1653.4457953532303,2169.4850691682445,1885.6832984540922,0.615385,74.15
2382.8443201065156,441.1269912625903,3304.3495659183027,2848.1981452855734,1023.4809774270199,0.641026,117.30
1524.7875173721225,2140.2338259063927,2553.8997547074086,757.1363005514138,3023.9426014626633,0.666667,98.68
2441.976305522762,1829.6827496724948,2616.654635195666,1262.8383861223888,1848.8479234866882,0.692308,72.07
2875.164490899904,2419.801346502994,622.0184099021582,770.4353965190451,3312.5803561758985,0.717949,90.92
2114.272377323404,2999.0055708420355,1761.2706186946164,811.4498954264445,2314.001537713499,0.743590,124.67
686.5083061104339,2640.4778645911774,1718.4877042912406,3285.156289357921,1669.3698356492278,0.769231,105.98
2515.4279774128436,1942.5988453443147,760.8557612229288,2321.3171767946565,2459.800239225257,0.794872,73.34
1859.9465437332674,1149.8107595451002,3321.796460724204,1258.6065082947975,2409.83972770263,0.820513,111.26
2343.989692235365,391.6617014751825,2812.4030943956,2501.403845295604,1950.541666598249,0.846154,89.03
1797.4952222885422,2212.0119458529075,2714.820621224758,2447.5728478193646,828.0993628144284,0.871795,135.81
3759.4834898624354,874.4777382232836,1983.3248306623607,2280.424402989023,1102.2895382628967,0.897436,141.78
1915.6324244986656,875.4622402825902,2764.0508085263486,1710.7344897695748,2734.120036922822,0.923077,146.35
722.6051258319527,1675.5308847003323,1957.5865975456807,3807.1054300842397,1837.171961837795,0.948718,90.73
1487.606062764876,2594.0459361006647,2704.862419896242,2318.2010037319837,895.2845775062327,0.974359,129.68
1276.059429196764,892.273179301331,1775.854666872037,1800.35205208108,4255.460672548787,1.000000,138.54
2265.330486706382,3614.224725278023,1697.9854146221169,649.5204067542945,1772.9389666391842,0.000000,0.86
2547.1973311410698,759.8095315562898,3412.7787448690315,2263.855587814011,1016.3588046195973,0.025641,0.00
439.4681114438995,3368.9432082669805,2149.631649866884,1862.9265661947636,2179.0304642274737,0.051282,37.64
677.310655592347,2887.5271785173522,2549.928395339129,2750.0215695824068,1135.2122009687653,0.076923,37.55
1525.7842125300729,3037.854745168066,2429.1988099744112,1262.5104017854937,1744.6518305419563,0.102564,48.07
2361.3877028245147,2178.2452562830563,949.7807846707768,2681.868716304339,1828.7175399173123,0.128205,14.84
1115.9613852185178,2947.645288473565,2135.618649263893,719.3927813286829,3081.3818957153435,0.153846,0.00
1455.1908399387057,4361.821047510557,730.2524029905844,1592.7807619662558,1859.9549475938963,0.179487,31.14
944.4212772064674,1340.2411945541078,2857.534639072728,3117.618097126788,1740.1847920399093,0.205128,60.47
2971.4871547917146,2443.82188500374,1823.974119120898,1318.3875744681175,1442.32926661553,0.230769,23.44
994.9105138653988,2300.373275794349,1792.7191090043211,2445.265640267802,2466.7314610681306,0.256410,23.37
2950.8158083339144,364.0514910909463,2543.235917492419,1438.9557613050426,2702.941021777677,0.282051,67.14
554.9621964797799,3228.5819150396273,2129.0916281226646,3365.4062018425298,721.9580585153984,0.307692,53.73
1249.1026298124298,4332.27199568037,1850.523212001135,1105.3574561083171,1462.7447063977477,0.333333,68.42
2432.2394871182914,947.535042935199,1155.9888868947564,3254.9563553693015,2209.2802276824536,0.358974,33.69
1948.7806761063175,3143.336740916314,938.2043035911364,1639.814396206278,2329.8638831799526,0.384615,27.93
2807.1172707868486,2077.425410299761,1453.048643004073,3130.2413610390136,532.1673148703037,0.410256,32.70
1295.5290107056878,2483.4072055043575,1590.7836442848165,2999.1336867835726,1631.1464527215646,0.435897,58.91
1313.0908038609575,826.7771087499593,2522.5550955728513,3990.7821575448593,1346.7948342713732,0.461538,83.45
2362.149762503198,1507.432916429544,2480.966412131895,1143.5903537314132,2505.86055520395,0.487179,26.81
1628.706315979276,2745.7657582088686,2013.5986217856548,2878.7617418346726,733.1675621915269,0.512821,35.39
1513.568269800093,1244.9110141395706,1529.288726313401,2594.5732512130676,3117.658738533868,0.538462,55.22
3017.1007309419037,427.25978778300504,940.8193348902232,3200.1790451154575,2414.6411012694107,0.564103,42.20
2927.3648732508564,1677.7590445946896,1375.4689339203283,1939.9910234509614,2079.416124783164,0.589744,59.70
2514.259139674319,2512.0866696446233,735.7783833628465,2143.214441235955,2094.6613660822554,0.615385,94.35
2561.003536654029,2609.6203478526436,3115.6291941161985,926.0510615630542,787.695859814076,0.641026,72.37
2054.238512685543,1495.606565059969,1654.8957743555993,2509.2321286064557,2286.0270192924345,0.666667,73.40
2519.1962646195193,1786.5953618854433,2132.9968320512794,1564.5266308506039,1996.6849105931537,0.692308,116.42
2800.9050959250767,1197.6642131479464,1267.5585977780552,1866.330046736976,2867.5420464119447,0.717949,131.00
728.9929386553398,4599.136355559214,1264.4543607400283,645.2906454744729,2762.1256995709437,0.743590,114.35
1488.7092074902428,2903.324530612972,1483.8943027453977,1233.8750897112798,2890.196869440106,0.769231,104.69
1192.1450226245408,490.1460898589426,3635.563843590409,3672.3873508770585,1009.7576930490491,0.794872,101.91
1722.6586161025812,2402.5142239897013,2375.1967459943135,2024.0277208872849,1475.6026930261194,0.820513,117.83
857.4520557772873,1728.3363506163982,2670.022575454705,2847.3564951548137,1896.8325229967973,0.846154,145.24
2781.480022344205,3208.3545126589815,1005.7111838090415,2457.5245551087733,546.9297260789983,0.871795,116.60
1071.605009550517,3143.5716954019363,1664.9057192430182,2119.6082756100864,2000.3093001944417,0.897436,81.58
2331.200588091883,797.1507560791638,899.1855050671836,3069.6833911136623,2902.779759648107,0.923077,155.15
1560.437072635284,1761.0369822604787,1119.2168115790007,2410.5410515999674,3148.7680819252687,0.948718,129.35
924.0431865677489,5263.588790852005,792.0117013367671,1484.1865722521118,1536.1697489913677,0.974359,92.87
1805.5548602945607,2090.755626651086,2148.9060366481713,1774.628922463245,2180.154553942936,1.000000,125.45
1085.8514028220807,4026.850102444696,2007.2977886629938,1975.513323126057,904.4873829441727,0.000000,0.00
2880.5172418847924,1174.647030781038,2731.849916291481,2043.5860076579354,1169.399803384755,0.025641,0.00
1497.4297135178545,2554.1869947165546,2052.030888520359,2697.2430273575355,1199.1093758876987,0.051282,0.00
2833.464751413244,1410.913993518299,872.6948307157043,2118.4976644114,2764.4287599413524,0.076923,10.47
2095.9403222846986,2483.050215261058,940.0472281628482,2619.50082506775,1861.461409223646,0.102564,49.26
2204.057641789559,1526.4447569892418,2352.444394194593,2693.547154316708,1223.5060527098976,0.128205,13.50
2802.06934119051,2136.0485120585913,1686.92301451807,608.5314480447724,2766.427684188056,0.153846,5.02
3235.307810040375,2002.7206529508162,2260.3019800525913,1684.6934534827037,816.9761034735128,0.179487,53.03
1523.8770048386764,2236.2856886070012,2274.184477059595,2865.2372617683022,1100.415567726426,0.205128,34.98
2917.2915551872306,942.3195922660628,2987.335864302825,2174.089644806167,978.9633434377154,0.230769,23.60
1982.5275082298024,1977.560596159142,906.8926624820767,1941.8454861212003,3191.1737470077783,0.256410,69.67
828.2657574624599,1567.3039127050001,4174.674756778224,2564.515249477774,865.2403235765424,0.282051,48.79
1256.8285496261396,4389.2381822492125,857.6627348342245,1094.7283060672646,2401.5422272231576,0.307692,77.62
2740.1495889849057,2872.667658362779,1520.3300330390498,2079.4659670966644,787.3867525165999,0.333333,49.20
1909.0726119703224,2188.5579237162215,1222.3180721483434,2355.221099966195,2324.8302921989175,0.358974,69.60
1108.7113842635943,1948.3444646134058,1278.4499891155256,1792.3258893143325,3872.1682726931426,0.384615,51.63
1778.6462280847918,3230.6794084639,2833.542999062536,513.2819655788551,1643.8493988099174,0.410256,57.78
2621.724709103938,3054.6332001430515,1521.7848332073534,1962.2097597985792,839.6474977470759,0.435897,79.99
661.6523401634574,824.0990107862448,3225.7468979513214,3112.177036479194,2176.3247146197823,0.461538,41.14
1155.819709520805,2640.6484033116453,940.4702056885702,2680.2582358336076,2582.803445645374,0.487179,35.26
2489.365419808665,1217.89433543843,2534.613240929278,1945.7208625611938,1812.4061412624312,0.512821,54.07
675.3154044392631,2775.0394568259335,1472.891862257574,1782.8032312521768,3293.950045225054,0.538462,72.85
1736.8982769264107,2967.914385231794,1376.5805992562846,1522.7814586064874,2395.8252799790234,0.564103,109.60
2364.20208326334,1291.7547806048474,2433.072378471106,1320.7850252925746,2590.185732368131,0.589744,41.09
1983.1014345838655,727.0165967423626,2485.5226721902122,3297.820750775523,1506.5385457080365,0.615385,80.89
1814.1646830339946,1684.7445361018767,3338.6428386894027,1842.1893369237687,1320.2586052509582,0.641026,105.07
1320.3329422375452,1663.4281913955906,1731.5326891239888,1847.6492029755286,3437.0569742673474,0.666667,100.47
1977.389291012732,3747.5346937486247,1092.9133284082982,2254.47128280074,927.6914040296053,0.692308,100.96
1688.6677897445118,973.9360079239306,1746.0454730170811,2694.2265943258826,2897.124134988595,0.717949,110.98
2233.8579690089628,1369.4297685343781,2915.2831449662617,1455.487129132564,2025.9419883578332,0.743590,70.06
956.0694247195606,1856.9018079959274,3009.980919484379,2937.0612802235055,1239.9865675766284,0.769231,81.07
1314.1096551146047,801.789097240664,3211.7466266105666,3353.3092014017548,1319.0454196324092,0.794872,136.18
2499.4916355749647,2224.705142866526,2993.1654563038273,974.8645262578293,1307.7732389968537,0.820513,67.05
1694.291925908201,2959.2431725880206,3104.2009816459627,754.4807934819149,1487.7831263759,0.846154,117.19
3123.425787767114,2525.3157770772095,608.5782637816243,685.5796778636109,3057.1004935104415,0.871795,135.30
2898.863755586616,2566.560725644238,744.0758414133846,3075.6795737550333,714.8201036007275,0.897436,74.66
2289.8272465073155,1505.254249765309,1640.524385452902,2722.4330710641334,1841.9610472103404,0.923077,112.85
402.1144119027957,3378.807832601789,1998.172060151402,805.6929844064479,3415.212710937564,0.948718,92.99
1649.6586031475947,2610.6554737879924,1535.0852479577268,2776.4963930305953,1428.104282076092,0.974359,119.22
1432.3235939740807,1888.945605800951,1986.289710939716,1547.651601469778,3144.7894878154757,1.000000,107.32
1862.7527406610989,2697.7302780316145,521.466003610504,2772.166651056378,2145.884326640405,0.000000,27.50
1974.4758746052482,2409.3684501996368,1883.2456409845988,2468.6092829660456,1264.3007512444713,0.025641,0.00
1312.2263979778766,2708.8780611343905,2052.7477961081795,1399.2680807915408,2526.879663988012,0.051282,48.54
2456.1460447587783,2159.97465637037,1814.4629429566676,1719.6277555781721,1849.7886003360122,0.076923,3.56
1770.7604217199962,2910.4627271817494,2795.617015550761,2059.539131343082,463.6207042044127,0.102564,34.75
2422.74623359085,1627.3881375244946,1781.6547125450452,527.2192061418563,3640.9917101977544,0.128205,0.00
2501.036492183865,1498.9060490620768,2067.714454019491,1493.0231412712571,2439.3198634633095,0.153846,0.00
1741.5852813271545,2212.044852535878,2567.5403714085314,1456.1901275865014,2022.639367141935,0.179487,53.12
1317.261081344386,2914.7194033387755,2036.214490856359,2051.9237754407854,1679.8812490196938,0.205128,66.44
4725.707840879354,2090.8083477362443,1268.937080133091,922.5508159305554,991.9959153207541,0.230769,0.00
1504.6236945516168,1094.9196697684217,2093.9399057441237,1400.728005348681,3905.788724587157,0.256410,56.41
1025.6691159977393,1114.1176527260766,2737.855665907735,2507.2838299424793,2615.07373542597,0.282051,12.13
2851.016724111974,2379.3805723769033,552.3931051252383,2208.457427583259,2008.7521708026259,0.307692,69.60
594.3265366837853,526.3033016159865,2512.963503433768,3300.502313292428,3065.9043449740325,0.333333,49.70
2107.9514703802793,1550.8337089283666,1740.3923160850418,1685.1351980911018,2915.687306515211,0.358974,46.35
537.0832944655559,3110.581271735811,1976.8959495195545,3126.0687518278996,1249.3707324511793,0.384615,47.53
2379.9308854523083,2473.38476368941,2079.227996927144,896.9370664869002,2170.519287444238,0.410256,72.47
2680.7135239716563,661.0077667539947,2385.082661222776,2037.1857029088299,2236.010345142742,0.435897,19.52
2837.464820459911,1103.464393102623,3317.884940991418,1292.2661402646463,1448.9197051814012,0.461538,96.43
2840.646546448433,2064.3114090330946,2968.893368455769,622.9376792576069,1503.210996805097,0.487179,49.67
2301.943356462428,2355.7849771106626,1260.8210293599047,1222.0484465814864,2859.402190485517,0.512821,59.30
2941.6409387096123,3288.901221787802,1607.9494858942644,1411.3561015321866,750.1522520761337,0.538462,64.93
2843.8188651235314,1125.9853043318,1939.7885875924426,1360.418536942484,2729.9887060097417,0.564103,73.56
2832.784816209022,1234.9803135915658,2743.641277912792,2034.6175541982004,1153.9760380884186,0.589744,94.80
2398.884248757867,1568.4413549525177,2639.3436543126045,2338.2368198081244,1055.0939221688875,0.615385,108.28
731.186352121062,2609.1443442285768,3179.3780837062627,1329.7709133255735,2150.5203066185245,0.641026,49.62
1392.8455347283973,2423.4361954203805,1862.390107330681,1858.3084970261546,2463.019665494386,0.666667,48.21
1010.0268757275795,2732.7449152146323,2111.7294629889125,2509.185959746829,1636.3127863220452,0.692308,78.69
3887.846379653192,1096.12785206564,562.0935439615442,3043.4885103619677,1410.4437139576546,0.717949,122.19
1506.1299920927515,1920.440011281343,1883.218354605952,1646.6936891969863,3043.517952822965,0.743590,109.51
758.2407548499215,1571.536632650328,3788.4167945821573,3322.537938762791,559.2678791548033,0.769231,130.00
1402.0101227826449,3845.97840403936,1948.964095699339,2148.6643904475104,654.3829870311446,0.794872,124.70
2368.1547098781252,1812.33438493184,2621.782179726647,1289.496319284042,1908.2324061793465,0.820513,78.21
2720.4159690380684,1557.879177443089,1881.2553422579642,517.9956329486209,3322.45387831226,0.846154,71.27
2495.1065356825575,490.29375600355274,2597.1791064403337,2222.5892847939313,2194.8313170796223,0.871795,74.51
562.6562512307512,3462.06739018526,2416.5849038986685,2939.8461312745267,618.8453234107935,0.897436,115.46
1242.1420780053272,2171.1083310016356,2745.7818427860507,1037.136794756633,2803.8309534503537,0.923077,88.89
2816.662334887755,1323.786327902778,1727.1622934780162,1867.0646715954276,2265.324372136023,0.948718,88.15
995.8691463767724,1385.576658756174,3493.885558130522,1218.0891569874066,2906.5794797491267,0.974359,96.51
2163.3220548520726,2208.575955431747,2565.662902662812,1099.3488492829315,1963.0902377704367,1.000000,136.25
1475.8860300817553,2626.671697565316,1634.9672759245216,2272.7407482338276,1989.7342481945793,0.000000,0.00
1555.172202944271,2919.968373250811,1246.6412938875146,1318.073204600858,2960.144925316546,0.025641,0.00
413.3688709328079,2058.5124458190035,3174.74753092678,2773.1786068129177,1580.1925455084902,0.051282,30.93
2326.581756097751,863.7451425530215,1838.3171041737726,2778.576401183655,2192.7795959917994,0.076923,0.00
3197.1919791280357,974.6905317125132,2713.1255545991303,895.87239012679,2219.1195444335312,0.102564,51.79
1414.172651422047,981.3030972800315,2606.174632581207,2426.823953914773,2571.5256648019426,0.128205,10.94
2367.239216263017,766.8829151521203,2302.9252577872626,2100.59999357592,2462.3526172216802,0.153846,14.10
2128.017018498949,2275.266112114917,2038.9305096572684,2462.382469146617,1095.4038905822474,0.179487,0.00
1518.342148136699,3349.1388656369154,1319.8133755082945,2812.898285782935,999.8073249351562,0.205128,24.36
496.20395947263285,2000.6664152231413,3743.5277617705774,667.3138616246868,3092.288001908963,0.230769,3.58
2408.122538649507,856.4271411475361,2190.3862272455394,1712.5018709782967,2832.5622219791203,0.256410,32.53
2805.6632290857196,2203.929082122497,1457.670043050504,679.9459937251019,2852.7916520161775,0.282051,43.15
935.1664428399536,3082.0604721223967,1536.9296001022867,888.9149480129227,3556.92853692244,0.307692,39.43
786.2202972326439,2861.7357177127856,2825.7992000325517,663.2712821157443,2862.973502906274,0.333333,56.23
1639.2554815118604,838.0359504365542,2874.8592652465422,1593.4452129151787,3054.404089889865,0.358974,69.81
1716.407020032228,1439.4169061944112,1363.8277531587707,2541.734806117099,2938.6135144974905,0.384615,32.81
1342.9596559115323,1714.4830271307678,1135.7650539930664,3900.3019670809626,1906.49029588367,0.410256,36.77
2438.598228601697,2425.7843398167547,2702.249445989722,1658.210995790718,775.1569898011093,0.435897,19.39
540.0618424498447,2860.6703128428576,3215.6982095808403,2559.5549294100692,824.0147057163875,0.461538,53.65
1385.477333743058,1932.361029119297,1334.255548370479,2494.1042583667363,2853.80183040043,0.487179,72.27
1535.290415461374,760.7070727746557,585.7992949251563,3421.133277012095,3697.069939826719,0.512821,60.46
2513.3313717481215,2031.560564555694,1758.3742590355803,2484.1925520138857,1212.5412526467196,0.538462,88.19
3246.8575974578594,859.2177860575888,4391.2210934556315,960.1332971659773,542.5702258629428,0.564103,106.77
2099.3819826780045,2154.1650497631795,446.1839035307025,3200.863984632738,2099.4050793953766,0.589744,44.18
1994.7398263510781,1445.1187196131964,1999.920421409765,1603.5648112001097,2956.65622142585,0.615385,81.42
3536.5170757422193,644.3387119779115,1775.0891693270908,3248.2909151144636,795.7641278383139,0.641026,97.06
1912.576983764685,1883.2663445394267,3158.664313866505,2580.072617513967,465.41974031541605,0.666667,76.17
997.6534353209826,1531.718182951929,2615.9373099220124,2339.2334985561383,2515.4575732489375,0.692308,66.78
1798.0741871980188,417.94220161068625,2461.8321248094944,2791.6156948484113,2530.5357915333893,0.717949,100.94
1513.6857228310284,2144.2144822671044,2496.174646824464,1930.5896877980508,1915.3354602793513,0.743590,94.68
1850.1707702966962,2077.059854608659,2784.068159082086,722.7114842835409,2565.98973172902,0.769231,105.56
3084.8121395402763,617.8582783076458,2438.318108496532,2456.3381045736387,1402.6733690819071,0.794872,103.80
1250.9692718115602,2892.5873402683465,2493.6788827675587,1200.028490992634,2162.7360141599006,0.820513,120.47
3291.846648809252,2216.94499611407,631.2204455768367,570.7314079818158,3289.256501518025,0.846154,105.53
1370.9048530418024,3054.6654909202116,1374.921487033224,2970.4059765597012,1229.1021924450608,0.871795,85.70
659.82073684801,2070.0145490785703,621.0909182659817,2808.3353423479157,3840.738453459524,0.897436,114.28
3630.0226576478076,3456.5162438300586,1940.206191744012,431.04249846620354,542.2124083119185,0.923077,96.46
2576.504897696104,1725.164895631953,2931.458009858295,1205.683309356742,1561.1888874569063,0.948718,108.06
2839.7242758942234,2066.979435286541,2693.9451788419537,1454.1974906814125,945.1536192958708,0.974359,147.76
2086.313717101379,3105.081863919825,1888.8035691357304,1870.6253658778908,1049.1754839651755,1.000000,90.59
682.7555225483046,3015.9592925041616,3272.5046319456583,572.1958161683914,2456.584736833483,0.000000,0.00
957.2766569846832,2046.4890595222005,2996.4963006137173,1797.0072884955573,2202.7306943838416,0.025641,0.00
3135.523371908887,849.5502240736995,1102.7610734366751,4215.3227526371975,696.8425779435403,0.051282,49.62
1391.976349495524,637.0805096839194,1641.7384455503175,4250.874439188594,2078.3302560816446,0.076923,0.00
762.5909161409502,999.469762653537,3775.368632035819,3566.690769792079,895.879919377615,0.102564,25.54
4019.2746985369126,1936.5377374889167,1798.358993705481,915.4462908589784,1330.3822794097116,0.128205,0.00
2425.6283301388353,1761.526145811869,1967.4258184269904,2481.8148726189706,1363.604833003334,0.153846,12.00
888.0230650454054,937.7726161707037,1506.8890559496474,3605.636711198919,3061.6785516353243,0.179487,65.20
2697.0332196189615,1257.706333527613,2896.435799946102,1299.5331962567307,1849.2914506505938,0.205128,52.89
3460.433670374968,1784.2917418845375,607.9655094560765,1290.8688417298015,2856.4402365546175,0.230769,0.00
2623.465534114881,2470.5398581588142,738.3023481777715,2886.360456137063,1281.331803411471,0.256410,62.49
1545.9847299084054,843.5841478269938,2277.062294176368,2655.99258148512,2677.3762466031117,0.282051,41.59
3374.919290601434,2786.1294876536044,2149.7124889703646,748.9124197479152,940.3263130266829,0.307692,55.73
558.7217623129994,4164.349289521782,2639.5665679030703,862.3246037319541,1775.037776530193,0.333333,74.19
3179.589295421927,1372.2665708956577,3700.1204317682013,945.5099553487265,802.5137465654849,0.358974,15.91
513.1599914784578,572.2271558282649,3923.317360208902,2026.903238335702,2964.392254148675,0.384615,51.28
2415.545033826834,1128.4283401999055,2711.728595402513,1339.3352907787796,2404.962739791969,0.410256,29.97
863.112569079079,1350.8135179562094,4025.2818271263354,3018.543455314542,742.2486305238365,0.435897,39.97
2595.0338521936105,1285.6962028661212,1137.7632103244075,3536.062662448145,1445.4440721677163,0.461538,67.38
1389.859001583112,3165.235400385975,1635.0607544015288,1869.1270483078072,1940.7177953215783,0.487179,73.84
1413.3402138858826,1476.6168574025007,1877.2615141796662,2775.5264811404654,2457.2549333914853,0.512821,52.16
435.93472438381633,1176.715409783143,3325.635454405179,2135.7056690245677,2926.0087424032936,0.538462,48.96
600.6000360220879,1152.958715517846,1870.1162011924218,3642.5816149945463,2733.743432273099,0.564103,54.83
2340.024810679642,2416.202784845205,2077.1876015586276,1309.473046632567,1857.1117562839574,0.589744,47.97
1080.5894849166143,2812.2326670621187,3652.2382819151103,1457.3920099307384,997.5475561754176,0.615385,106.47
2258.85410059132,2930.1187349258826,1996.1099821082835,645.276339903809,2169.6408424707056,0.641026,73.06
485.21106899971295,2822.9865917991924,2091.8701467243636,3119.657727657547,1480.2744648191856,0.666667,89.44
1653.6580476420713,1469.7087456745637,2033.070671078534,2437.1391175192725,2406.42341808556,0.692308,76.81
549.444147974307,1925.82291386645,2537.584832342209,2036.7058435700412,2950.442262246993,0.717949,123.58
1987.98893572322,2151.160549635048,1026.149870380156,3211.8409377311905,1622.8597065303843,0.743590,64.62
2236.9043504636793,1702.6019437035548,1803.1218477050566,2517.4157234700892,1739.956134657621,0.769231,57.59
1269.6024089361545,1337.9877664969736,2219.469277441249,4281.873372217728,891.0671749078957,0.794872,97.27
604.9557616665821,1990.3748256419995,1913.4918209336684,2293.372728008579,3197.8048637491715,0.820513,110.00
2624.898870038254,919.3571326542134,1523.4838698129704,4120.968286299175,811.2918411953864,0.846154,145.04
596.4940102958433,1765.6922513696181,773.9563446506047,3377.9915269876838,3485.8658666962488,0.871795,134.24
1000.4732445686631,2363.348387142004,2516.5154119519284,2019.6544761634434,2100.0084801739636,0.897436,79.42
3042.963018660755,546.6093074161664,2927.289463971783,797.3649663280037,2685.7732436232905,0.923077,124.18
1073.1151058900707,3279.0182373305684,1725.9798620104077,2141.739330964099,1780.147463804856,0.948718,141.85
2260.3578262207147,1482.1047599637857,2817.955616928262,988.1565735286749,2451.425223358563,0.974359,143.50
1901.3656811388125,1661.2795613053938,1950.5479982854333,2990.3082222808416,1496.4985369895192,1.000000,120.83
2240.7567820657373,1815.1475194817951,1669.586479272694,2469.539718863067,1804.9695003167062,0.000000,8.77
2141.6035921285825,500.72381124579766,2650.804229380039,2334.9578384782108,2371.9105287673688,0.025641,35.75
2038.5797333945548,2774.1716105028145,2640.055844385906,1124.0463015179732,1423.146510198751,0.051282,43.18
2171.035651461704,775.9154843807792,2818.569763170543,2068.0519734160416,2166.427127570933,0.076923,4.60
2479.1508792478235,2211.693846434802,776.1037802632044,1601.4903203910953,2931.561173663075,0.102564,0.00
586.5212515400738,1735.2423293516313,2351.434749773625,2669.2956705249135,2657.505998809757,0.128205,0.00
2236.0286774953875,991.5412687824554,929.6348469136539,3100.8535699481527,2741.94163686035,0.153846,0.00
3163.715581678071,409.33338549847844,1463.8749307815106,2705.494959440971,2257.581142600968,0.179487,61.22
3085.789306464175,2511.3116574269325,1274.1613497198568,1234.1421061712676,1894.5955802177693,0.205128,60.14
1992.9066211997356,1811.7244893979123,2111.729803758292,2045.751263400645,2037.8878222434137,0.230769,48.96
3056.2263186918935,1364.8868073994115,2466.532413142225,2070.2321232885142,1042.122337477956,0.256410,73.99
1963.0919242687585,2288.9279760362842,3053.404679756095,451.5978149726975,2242.977604966167,0.282051,12.42
2071.8698110680384,3086.0563073800927,2290.0294701719918,1778.3705004686715,773.673910911208,0.307692,50.24
919.925593474399,793.7025158175954,1521.7461767627087,3373.11367873455,3391.5120352107465,0.333333,56.62
2025.586752648469,2815.425393423261,3220.304307989006,1217.0734229816217,721.6101229576425,0.358974,30.17
1786.7906503085562,2695.959421194098,650.2587001368058,2339.654273896412,2527.336954464127,0.384615,30.92
928.6039798951823,2634.4191169709916,2548.118207183479,777.6852112967673,3111.1734846535796,0.410256,90.24
2626.4287379361645,1466.038055616482,982.6917309588935,3052.791776822453,1872.0496986660073,0.435897,83.00
518.5609953430021,1086.8991601843586,3134.416521950711,2023.2195057868826,3236.903816735046,0.461538,74.24
606.1271523022579,1685.7156281671803,1407.4098097229319,1835.5716847718943,4465.175725035736,0.487179,70.25
2421.5329406114997,2849.5516659767436,2687.1887781396917,805.5987646196703,1236.1278506523952,0.512821,40.90
1762.1863679388343,2595.9816263791654,1421.3298407357208,1846.1923842947463,2374.309780651534,0.538462,76.09
1341.8208924123276,2426.5805554869316,2115.1171961908135,2161.613440541373,1954.8679153685548,0.564103,83.10
1911.853919399419,2165.171231336575,2031.1757724248278,2276.502129141681,1615.2969476974963,0.589744,102.92
1911.577252438727,1531.9167300399713,2910.212635693354,1212.1426733637966,2434.150708464151,0.615385,78.29
1190.644230470841,3977.937261914536,2571.543302127792,1393.2387295428173,866.6364759440127,0.641026,97.95
2807.8285433522833,1143.7416309105074,1702.6924106394663,538.4154278597849,3807.321987237958,0.666667,97.07
2266.8178076568147,3234.865926351128,2990.1414780231844,939.1701549461188,569.0046330227539,0.692308,117.15
1471.0524003241958,2713.4516046132917,1995.4458664595045,2670.399862697543,1149.650265905464,0.717949,79.80
2498.7428956442204,2326.4711116551316,2226.7233386401854,526.075094914706,2421.987559145757,0.743590,60.56
2461.5536508977357,423.3099563610897,2572.7694242194652,2417.1465787314705,2125.220389790239,0.769231,59.81
1006.2877791206255,478.2907289626203,2449.3822382668277,3310.0641770861052,2755.975076563821,0.794872,82.90
2187.2992663232144,1566.5673380336452,2420.5338663740936,1112.6502344499042,2712.9492948191437,0.820513,100.72
1929.4287174368046,1741.2595431925542,2206.3603946764906,2098.0947747165983,2024.8565699775509,0.846154,141.65
1545.937320814902,2350.258264515226,1570.331643883543,1982.2518751056946,2551.2208956806344,0.871795,88.73
846.0736410522483,2435.7630303510973,2426.430010727529,1688.8299658261667,2602.90335204296,0.897436,131.55
1406.7632522701863,2647.776088545478,1831.2435522585356,1432.2294305740645,2681.9876763517354,0.923077,90.93
2171.1125489043034,2248.814468900697,908.1439337067435,1245.1382721340494,3426.7907763542066,0.948718,145.87
1238.412385348463,2878.9332078582966,2479.9721632602214,2794.635791129924,608.0464524030957,0.974359,123.18
3392.913243514619,3056.286047990288,2216.7008668405174,804.125673292822,529.9741683617539,1.000000,123.67
2403.7214123139115,1983.8002337310297,987.5935864950872,2440.097678297359,2184.787089162612,0.000000,0.00
1398.5555419057375,2484.3775514544513,2730.123582465274,711.9998856610802,2674.9434385134577,0.025641,31.84
684.8573659859136,1032.2877007628074,2947.9935448498263,3416.171880641443,1918.6895077600093,0.051282,45.79
1220.3704057757125,3817.3082659015927,522.9578960641766,2165.5416636865425,2273.821768571975,0.076923,13.25
1465.6658322220364,1480.1375834533649,4988.564924043503,1094.5755359426453,971.0561243384501,0.102564,0.00
1369.375125538624,1246.3866082219288,3028.1875687768984,3247.490161704686,1108.5605357578638,0.128205,26.37
2821.597007546504,2492.659355235984,2697.6996910315465,562.8176643374052,1425.2262818485588,0.153846,13.29
1673.7278323792134,3609.3520794402552,461.8421950180325,893.5419730071853,3361.5359201553124,0.179487,49.28
3345.1829360875067,3010.584165683347,783.0977333068338,2121.5825264591476,739.5526384631634,0.205128,52.21
1955.7137056771692,1208.7211777496295,1755.0927594475686,3880.3070940876864,1200.1652630379454,0.230769,5.96
2705.1416485471796,1920.731224882672,712.0488633235059,3725.749684431454,936.3285788151892,0.256410,11.68
3576.759829068572,945.9588726441008,1140.6947539564153,1657.316970749153,2679.269573581759,0.282051,56.05
452.834200357461,2727.398246289319,1835.835163004247,2396.1797468765853,2587.7526434723877,0.307692,32.13
3908.9389616654325,665.365606675339,508.5259663726514,1417.0874992265917,3500.0819660599855,0.333333,76.13
1642.8186887073089,1791.4674385516148,1813.9520546998226,1877.1805229169302,2874.5812951243247,0.358974,32.86
2130.615185565702,635.6851846029914,1881.9819819661172,2909.5939596601916,2442.123688204997,0.384615,18.99
1293.2717368491321,3219.7522348997136,1276.047515329768,3392.520252809443,818.4082601119435,0.410256,57.95
1310.9596125525957,2248.870100662433,2605.8973471561576,1638.5282039665208,2195.744735662293,0.435897,21.29
2196.810123755961,1420.3588100236025,776.8917311302521,2853.5361129593243,2752.4032221308603,0.461538,84.52
1492.9357727811198,861.8932672443726,997.4977166499092,4219.30983427607,2428.3634090485275,0.487179,53.57
2921.6223217064976,2725.3947504507028,1450.5642201702656,1169.6106234539247,1732.8080842186098,0.512821,50.67
2086.2529373294064,2098.9669932717115,1406.3731000233013,2447.188112739987,1961.2188566355937,0.538462,76.67
1469.5414522568915,1370.7137771795187,3520.8725473726245,2331.6964796696334,1307.1757435213337,0.564103,90.34
699.4309102477586,2275.6897410404977,2692.7577587167684,2036.6999694084327,2295.421620586543,0.589744,52.13
2306.865306694762,1697.0581653293132,1057.2519016683168,2592.6308838431946,2346.1937424644134,0.615385,82.95
4244.417719680384,1638.8930776474836,904.6950798374404,878.0407213935309,2333.9534014411624,0.641026,101.98
1167.5087473712265,1293.6236496223992,3607.3297592540903,1255.5270432049535,2676.0108005473326,0.666667,58.91
2124.6343374820144,1179.9507282941074,1344.3740773305774,2812.9194886297705,2538.1213682635325,0.692308,107.03
1668.871985261116,1285.915054936542,4459.170402290732,869.4425946567602,1716.5999628548493,0.717949,75.64
1057.5437905400036,3507.6518753203545,3551.000496185688,767.6681340374311,1116.1357039165227,0.743590,90.25
2412.1237995519286,3809.1106088433653,1353.5934090635628,645.8312714084425,1779.3409111327012,0.769231,103.63
2298.2359396018614,1542.0723251787986,1655.7499141335074,3741.6383671297062,762.3034539561265,0.794872,85.35
2432.192372643193,1172.8735682783242,2324.194919840943,1579.6490018882794,2491.0901373492607,0.820513,113.51
786.4483569292263,1815.4194566084777,2435.875934571318,2917.3180810297936,2044.9381708611859,0.846154,109.54
2392.5695294766547,1586.691355663678,3923.690729122286,786.8965250428732,1310.151860694508,0.871795,135.34
2439.619585871118,1121.0389662264383,2226.3192956425446,2493.4855125236877,1719.5366397362084,0.897436,104.98
1408.4110803108197,3152.4864343684785,1020.8735093292739,2452.9844086944995,1965.2445672969272,0.923077,148.44
1037.0886237183543,1940.1442177572658,2577.921966841255,2724.202696440425,1720.6424952426996,0.948718,105.85
2330.274166387587,752.7436960960364,1890.249259963713,2385.263901206371,2641.468976346293,0.974359,143.39
1372.4736081672327,4904.48500277362,1550.0707828430805,1000.6658239427295,1172.3047822733363,1.000000,164.58
1068.7078081733657,2676.753841278047,1060.16183993427,2482.6999842200057,2711.6765263943107,0.000000,27.36
2503.6421678429792,2059.682427362817,3511.8766778635545,1213.3781326750686,711.4205942555787,0.025641,35.21
2455.1745507679034,1613.7263341508078,1884.20503072837,2466.616408916521,1580.2776754363965,0.051282,26.40
3171.7761557691983,1318.4520195104033,2214.5678928372677,1839.5919576560862,1455.611974227045,0.076923,0.00
2046.1595016952392,837.2644421044138,1102.6391301785459,4265.04899911075,1748.8879269110505,0.102564,25.48
841.9327760112826,4958.196495831527,1698.6125957086797,1555.8607236569649,945.3974087915477,0.128205,32.59
2436.915024744027,3173.2138751999714,2896.9355618718946,485.9118843176349,1007.0236538664716,0.153846,32.48
3440.896987542108,2663.469473507514,998.0482659754067,1625.8063501695601,1271.7789228054112,0.179487,22.93
2980.797112286936,1948.2317681496843,2136.4067669978604,2476.0746808747826,458.4896716907371,0.205128,18.84
480.13834974532097,2889.6232746375035,2915.4418747681075,1504.944919414769,2209.8515814342986,0.230769,43.05
879.5401713778507,1290.8586352606346,989.6964157863282,1907.1428935801894,4932.761883994996,0.256410,35.65
825.9333046948026,3648.47236363969,1534.8266295971073,631.9258872037269,3358.841814864673,0.282051,18.41
1292.8444279067116,3654.0921062532643,2171.6371895594457,728.6703908810142,2152.755885399566,0.307692,51.10
1887.4874059775507,3038.9096731223017,690.9209076951385,2646.650052353573,1736.031960851437,0.333333,59.57
2507.9626444933506,2473.2581270235996,1161.7304022265987,1014.9019241457257,2842.1469021107264,0.358974,50.57
1678.1369468197395,1177.3304772168783,4090.9273993367815,2268.016238183994,785.5889384426077,0.384615,32.30
3129.086180817013,1706.913861665543,1920.875348433703,419.55854390167934,2823.5660651820617,0.410256,85.85
2275.377302473658,1698.3702546292845,3075.704205527948,1383.3421797637845,1567.2060576053243,0.435897,32.86
2321.104664171181,2055.340650128727,2377.513769415841,2449.799741501566,796.2411747826847,0.461538,80.76
551.6918653115204,2167.0617135038274,977.8902310723996,3362.863878883191,2940.4923112290626,0.487179,93.73
2778.886580649248,2835.3363905144815,1018.4566420854139,2591.8561436314535,775.4642431194023,0.512821,35.15
897.0857875571287,474.4250667211198,3273.64549409872,3639.351185428321,1715.4924661947107,0.538462,44.01
3894.8342659135133,1399.918327507134,838.644989539804,2597.1365258922624,1269.465891147287,0.564103,89.29
2912.9698922415473,1102.359986213485,2908.5346856211872,863.8686949286516,2212.2667409951287,0.589744,83.01
2796.351669770975,1657.7266734447135,2438.798539417959,2438.3499257356507,668.7731916307011,0.615385,67.39
765.4218409700397,2151.260420923368,2613.0917864510698,1636.9774708649907,2833.248480790531,0.641026,42.61
2702.3283776672074,1112.2956255763456,3076.876929654454,1197.209593366844,1911.2894737351492,0.666667,72.09
1971.1041775029948,1243.2575552860167,2607.228503381153,3041.369556141483,1137.040207688353,0.692308,96.08
2691.0711745168874,1153.9195961895273,2792.967255264931,2309.7587682576786,1052.2832057709766,0.717949,58.96
573.5580744630162,892.2285559775869,2769.2565272831225,1166.0407777172695,4598.916064559005,0.743590,102.75
3264.057594182216,691.1552115855145,1844.8374539388744,823.8243423967851,3376.1253978966092,0.769231,84.72
1951.0978364761818,673.8878645280572,3136.026156620631,1660.417671246376,2578.570471128754,0.794872,101.57
2125.500497521443,2369.9536634397423,2824.733235068046,1681.1216657616555,998.6909382091133,0.820513,123.18
2216.252638783976,936.251257324295,2630.387895842594,2271.237515923983,1945.8706921251526,0.846154,122.02
2244.6995526027654,1559.8085580998318,554.0062437281258,3453.7122852906605,2187.773360278617,0.871795,87.42
2653.691147656022,1495.3852491038256,2665.566427277997,963.2035537857737,2222.1536221763804,0.897436,95.48
452.413020032264,1661.0177104320535,2826.8261744685924,2618.582123766507,2441.1609713005837,0.923077,100.61
2594.191184002425,2205.304817970637,579.3878489976935,3420.498205317252,1200.6179437119945,0.948718,123.86
2816.994784374389,2585.7379042236553,588.3696685741199,3095.8012652810276,913.0963775468086,0.974359,103.91
2747.6776764110045,1359.2016278967237,2037.2001849104313,2598.30632826292,1257.6141825189202,1.000000,113.28
2752.2485778387677,3310.1100649804007,1955.1548261933542,1175.529538046255,806.9569929412237,0.000000,16.61
825.4388750878492,1943.643896416558,2420.659918131009,992.5929098772252,3817.664400487358,0.025641,4.70
2405.7390903872492,2167.7927352239,1988.8121649489822,2898.4293045036798,539.2267049361875,0.051282,0.00
4276.551303544334,995.0852683237813,1433.706582863482,1456.8278604802242,1837.828984788179,0.076923,0.00
1129.8664833705095,2196.629128673679,2444.790859751514,2423.709600340232,1805.0039278640643,0.102564,35.06
477.91772427329096,1695.3638622259425,3404.4944327447424,733.5134419106181,3688.710538845406,0.128205,30.52
1482.2578402873407,2933.168824661942,1052.0464184991336,1722.2334155521048,2810.293500999479,0.153846,9.42
598.4083385582879,3122.6799833852447,3064.4493287332352,2074.7869224393207,1139.6754268839125,0.179487,21.99
2443.5730201822767,647.8140281198204,2190.9155184608358,1708.5874585734457,3009.109974663621,0.205128,7.09
985.7656121768136,2557.05027564739,2106.650556498206,985.3922864147453,3365.141269262846,0.230769,64.12
1193.3341989273274,2359.20841966882,751.2447733829746,3200.18460037674,2496.028007644138,0.256410,65.75
485.25402623079736,1775.6116615261537,2849.2006285269686,1818.245724403171,3071.6879593129097,0.282051,45.56
1601.479226047396,4036.318092257584,521.2776986634033,955.2177764172653,2885.707206614353,0.307692,66.89
2633.9446518026884,2570.698903765092,2006.0441626545842,704.8287271793514,2084.483554598286,0.333333,45.69
1313.343659919822,4193.249251164909,1778.0081768855666,1912.128598002594,803.2703140271084,0.358974,45.75
3290.947389819845,2373.3182764289754,1203.5088128040882,1355.7684827113521,1776.4570382357404,0.384615,76.37
1705.8799850047708,1047.6087043816945,1184.5827636035795,3540.864943392988,2521.0636036169667,0.410256,57.31
2318.536973117307,2624.940418829643,952.7230385311149,3051.9321702338807,1051.867399288054,0.435897,56.29
1549.339491406136,2723.114298354172,2759.3069240116024,2305.088814037237,663.1504721908526,0.461538,94.78
1525.0502105055261,2243.106973546681,2917.041801364321,932.8638587996713,2381.9371557838003,0.487179,70.16
2389.5976475979783,2923.7857759008602,2792.9349027097605,1259.396212013436,634.2854617779643,0.512821,60.85
1483.7509570908858,1443.617707084825,1676.9681884128338,1858.5893975870856,3537.0737498243698,0.538462,33.42
1368.2822531788463,3186.4413866479354,432.92547796486866,1664.260813327086,3348.0900688812635,0.564103,64.04
597.6715275339609,2351.8851297722754,1620.9197747977048,2446.851050337273,2982.6725175587867,0.589744,71.76
1752.9787235045071,2661.9479155994504,3395.1834144285226,1456.543739058397,733.3462074091211,0.615385,78.63
4020.8979456274087,1583.8799131871629,1454.1492177708094,1750.6742888574095,1190.398634557209,0.641026,72.55
2504.0494306831047,2064.9550409383164,2405.0827267321097,2407.686910607218,618.2258910392508,0.666667,79.35
1365.2660548158176,2014.5503237231896,2018.6772260652685,1811.8855715710274,2789.620823824695,0.692308,104.51
1005.7155610479087,2705.556320903213,3395.978566415243,1006.976812937641,1885.7727386959941,0.717949,93.79
1257.1363756325636,2032.73776228301,2388.055781482858,2392.9616496125127,1929.108430989054,0.743590,77.83
2506.6480400535106,1589.2957241813137,2428.467771348176,1484.368280296948,1991.2201841200508,0.769231,127.39
1579.2025827746995,4289.911021995172,1388.0021425190766,1285.0740353384424,1457.8102173726097,0.794872,79.78
2389.84943920212,454.13962295150185,2194.8935674474947,2857.6898263898393,2103.427544009044,0.820513,103.80
3941.62204771705,2066.6975586272706,1401.7539602140287,1080.9868653039944,1508.9395681376577,0.846154,71.21
2738.3169143056107,937.1354198919075,2648.016995901813,1197.4804011083966,2479.050268792272,0.871795,113.25
1916.8608971318363,2606.0526064547075,1709.6002263458845,2025.1122244692815,1742.374045598291,0.897436,149.68
2434.4967000545435,2539.281414935107,858.6545958494883,1198.5500186506092,2969.0172705102527,0.923077,152.31
2837.2469868734956,1501.1810098643355,1091.2962543142944,3093.9026164630623,1476.373132484813,0.948718,114.87
538.4348254825794,1634.5664986025608,2530.8844994941924,2357.2121364826958,2938.902039937972,0.974359,89.04
2554.1140393125147,4375.724093406548,812.7189269772301,821.4392520196143,1436.0036882840948,1.000000,90.47
3050.9982228037015,1870.5665414844646,1559.615964294319,2922.647684419425,596.1715869980914,0.000000,40.97
1315.3756027870422,2153.5361002734458,2373.0048731503857,1652.2289636586509,2505.854460130475,0.025641,21.64
808.6256767390049,2664.7389903886583,2139.1270897954155,2650.2428716546183,1737.2653714223022,0.051282,0.00
935.4052184047689,1222.3312501122198,2762.443006625973,2307.3533852786727,2772.4671395783657,0.076923,14.55
3229.9300920778387,1849.7548679175618,472.1478499087281,1109.0723190360077,3339.0948710598623,0.102564,44.89
2821.503731114705,877.9822645618965,1915.2925939696822,3825.975862268324,559.2455480853922,0.128205,14.32
2397.382186772909,713.5133446132335,1902.8126174391662,2524.29794568235,2461.993905492342,0.153846,42.99
988.4866836849127,2110.8000112606533,2137.395977401876,3556.4952166572516,1206.8221109953079,0.179487,4.34
2207.4058042412994,767.7426993907436,3223.792799522537,3315.239395607752,485.8193012376686,0.205128,23.85
548.804301535493,2684.914853989705,3206.6900704732843,2992.6896187217903,566.901155279727,0.230769,6.05
3443.9993890540363,2936.833340230759,1880.59736131142,1154.9438727131185,583.6260366906654,0.256410,11.07
1431.3694321291734,2949.054066567749,1433.601122415315,2564.4339101227865,1621.5414687649766,0.282051,32.66
3378.4858589623536,1002.3444745231795,856.9418477797711,2685.17159641729,2077.056222317407,0.307692,31.39
2470.6729832260403,2588.2554166263294,1207.9907727584505,1773.9101073757477,1959.1707200134313,0.333333,35.52
2411.6171310753684,1070.0883042191494,2654.2802594750383,2632.5777517593383,1231.436553471105,0.358974,49.29
2463.805132517961,3111.2439559933664,1562.3884890275338,2360.2631751022723,502.2992473588673,0.384615,29.89
2578.7028991283123,3025.519683161926,1067.7320389232307,2591.474427162574,736.570951623959,0.410256,41.38
2692.256392181491,3002.55823834399,2084.7622443087457,1014.1175372336045,1206.3055879321673,0.435897,24.74
2114.3230323694506,909.250795451691,1834.7648981630723,3021.211352754581,2120.449921261207,0.461538,20.74
2707.9276384720547,1610.8641090454391,2901.184010080531,1076.2759338762307,1703.7483085257438,0.487179,72.94
736.1553515235755,605.300793401939,3868.2358141148743,1681.4011525530373,3108.906888406574,0.512821,61.81
4171.137366499108,1884.7764146989139,1643.103597238565,983.9672858314482,1317.0153357319648,0.538462,71.00
691.5347289890371,1075.8146337110163,714.6024922568871,2459.665732130299,5058.382412912761,0.564103,64.65
712.4517886442894,3608.0253541478896,1033.161872473483,2995.479594814971,1650.881389919367,0.589744,49.13
1073.4130622051007,1674.759724834949,2750.988141800053,3776.9046989333206,723.9343722265747,0.615385,89.68
1296.7834587040318,2582.977689758112,1884.629323532112,1743.158020676542,2492.4515073292023,0.641026,54.61
2968.3660134525517,3038.874266582972,459.08140646654334,903.9841118439394,2629.6942016539924,0.666667,104.24
2965.0439174027497,3464.4485164407884,1138.5806444022785,861.1694985985675,1570.757423155616,0.692308,106.51
2690.8441778330007,518.9383125012371,2773.4530251052283,2969.9923390163867,1046.7721455441476,0.717949,82.10
1931.8483065558944,1246.531990252455,1058.089722463147,2266.1270135758596,3497.402967152644,0.743590,95.28
2362.2711161662455,1692.050390729397,2894.1027837207926,2068.9785387376414,982.5971706459253,0.769231,123.40
1245.172784882313,2340.7798997570253,1719.878710176485,2064.7538459734074,2629.414759210771,0.794872,69.72
2192.9227620735955,865.3055886114058,2002.8183489539122,3189.917607958333,1749.035692402753,0.820513,112.34
827.8656135507512,2234.3654563982705,639.5927913743466,4442.871906683599,1855.3042319930325,0.846154,75.13
800.9920267056302,1557.2714147345462,698.5202626336618,3954.6742402676596,2988.542055658502,0.871795,85.78
2148.820211972983,1835.9517622455742,2143.466621219913,2124.3302653324113,1747.4311392291188,0.897436,79.09
1213.17032487088,4266.098295151579,554.5167973268966,1247.6065582425867,2718.608024408057,0.923077,101.21
2797.9928977531636,2684.7873599203276,1511.405593864428,1911.2691422138141,1094.5450062482676,0.948718,126.17
2220.760739737411,2524.000472218991,1330.3591046636461,1114.8213905282837,2810.0582928516687,0.974359,134.48
1061.2031030638016,3397.3176957745973,2322.006506499836,1923.646493014743,1295.826201647022,1.000000,96.30
2996.762216251416,842.2340603425959,2157.339982850377,1794.9903349784313,2208.6734055771803,0.000000,0.00
1877.4427776842588,2520.1753788391243,1472.4646994286193,1809.3435218206664,2320.5736222273317,0.025641,0.00
443.7605846603399,1939.5798030030999,1132.810830527809,3297.3162864715136,3186.5324953372383,0.051282,0.00
2132.624810819728,2454.160533977394,906.6168800389228,2127.504248031416,2379.093527132537,0.076923,0.40
997.2761377726198,2606.425627305113,1459.5430158671725,1144.2916523114945,3792.4635667435996,0.102564,0.00
1580.8275118061404,2420.6675345150265,1788.9571799647338,2133.2167652854087,2076.331008428692,0.128205,19.71
2231.955225882085,2983.47499067547,744.165677703537,1330.389275947267,2710.014829791642,0.153846,0.00
1358.147275854358,1631.3929321820572,3574.598338321294,2370.5675321552353,1065.2939214870553,0.179487,64.40
1467.7206598095634,2735.480163009975,2360.715784204701,746.4936859564165,2689.5897070193455,0.205128,3.64
3159.4484409925703,1384.2307454943254,1593.980006748676,946.0561106708076,2916.2846960936213,0.230769,20.25
447.49832344393286,2529.578094443002,2866.2853309717407,1416.394421332565,2740.2438298087586,0.256410,23.21
1957.188743203244,1495.8358917230112,3123.7814057552223,660.1541322116288,2763.039827106895,0.282051,13.60
2635.890870280947,848.7387048325426,2747.9715353336733,3226.6313934498726,540.7674961029644,0.307692,8.71
2166.024025059532,1923.2241730031767,1532.0483799334004,1860.488323529324,2518.2150984745663,0.333333,51.38
2703.7414136649168,1994.0597814537862,1495.0046866230746,2344.118687451014,1463.0754308072082,0.358974,88.09
2898.1528934312582,931.423650440834,2778.3487571052133,1862.192182899806,1529.8825161228872,0.384615,90.90
1097.7719479562109,1164.8884268599973,1984.7217099434133,2852.964435405279,2899.6534798350995,0.410256,68.13
3118.681267759838,1017.3074928487957,2964.509503378505,1929.5018694821988,969.9998665306633,0.435897,74.29
2340.1266837185904,1716.8054066378845,1987.4434805722778,1866.409670740812,2089.214758330434,0.461538,35.91
1228.5410891011136,1253.4553741592051,3981.961836145267,1926.4822598817727,1609.559440712639,0.487179,73.21
2168.3945602311755,2317.037274916387,2272.996136548251,951.5128947029599,2290.059133601226,0.512821,64.13
489.3737902035947,2974.674084529252,3162.1785645133723,1985.816604913295,1387.956955840485,0.538462,93.01
1881.549621107037,2063.3784974500604,2475.294405426853,1622.0547882370909,1957.7226877789606,0.564103,52.22
1758.8281047979683,772.6699290277505,2306.159716826087,1834.3763714395573,3327.965877908637,0.589744,72.56
2081.325373983368,2432.9392557930455,2055.284375518089,2611.3212090724937,819.1297856330045,0.615385,59.19
2193.1435320146675,2945.9101166344994,465.5638182692193,3645.769645282848,749.6128877987675,0.641026,73.77
1478.5645592631217,1102.3359240003545,2829.3334603384974,2307.3010387200097,2282.4650176780165,0.666667,94.54
2608.4451154899184,2164.393631722821,1663.8966618571767,1735.0617531356488,1828.2028377944346,0.692308,123.18
1461.139992500851,2559.939080583872,2115.631138306561,2463.716208495149,1399.5735801135677,0.717949,108.24
1757.789443830712,2937.0234140343773,2212.366294599651,790.873305308965,2301.947542226295,0.743590,61.18
933.436668081927,2093.611214998523,2989.1493426027296,2029.543945460334,1954.2588288564866,0.769231,117.27
2283.530068189008,2349.2174653975408,1897.7376078748073,1650.286245059831,1819.2286134788133,0.794872,69.72
1010.2576926427038,638.4983454316974,1271.6816779651824,3740.1423782569123,3339.4199057035034,0.820513,69.27
1860.7757490085546,1012.6858167131072,4424.048884289192,1418.9602507551951,1283.5292992339523,0.846154,91.32
839.0869919474189,2492.9122416028563,1358.2201982523375,1553.6438175625078,3756.1367506348797,0.871795,78.54
2730.9327903436388,2098.427285997547,2110.5471972729606,2603.1313918308174,456.9613345550361,0.897436,110.71
1289.6162612703113,640.4821360619404,2989.3510894495444,3203.1070156586493,1877.4434975595548,0.923077,110.87
1056.8284833768137,1297.779417125299,1668.8052508420558,2843.288412277341,3133.2984363784904,0.948718,123.94
1091.2996677767835,3721.394017558701,2551.2735929110727,872.4295797071253,1763.6031420463166,0.974359,117.44
2265.9299850631787,1474.6468033379456,2043.1609239597553,2679.652175610432,1536.610112028689,1.000000,87.22
2414.8749054101045,719.2705754635738,3810.916508423461,2419.364164777222,635.5738459256385,0.000000,0.00
956.5717607986655,4247.9254825960625,2522.2991843993004,718.2095847636491,1554.9939874423212,0.025641,42.20
1287.3702469228626,2580.9256795347433,2221.849800197108,1069.1685248559459,2840.68574848934,0.051282,10.65
4158.164977575694,704.8856057744831,561.1249138342263,2731.6077123682944,1844.216790447301,0.076923,39.82
3099.803247402628,2202.4956404861027,1136.0915901427286,2730.9468795783423,830.6626423901974,0.102564,0.00
3057.7445656463665,2505.5582832026275,892.2227856406969,1092.6477929971315,2451.826572513177,0.128205,20.11
2790.4202724088823,1984.3261640092517,1932.9528850686327,1697.8428551643142,1594.4578233489185,0.153846,49.05
1502.7727487249279,726.2396022306225,1566.361647204617,2828.0158889069003,3376.610112932933,0.179487,43.70
822.5124758925347,1214.5318655721505,3780.05096248032,847.5722513625145,3335.33244469248,0.205128,36.32
606.6695825831486,1896.5895878197512,3933.2485240081946,2756.6278994861523,806.8644061027537,0.230769,53.60
1755.518376646154,1795.317687211463,2675.7677599210156,1451.6908308172056,2321.705345404162,0.256410,22.72
756.7441678826236,3517.0540227343276,2369.6181016856067,2471.3743713459326,885.2093363515091,0.282051,25.03
1634.7995125237642,2782.564351307093,622.0634429679683,4362.568374159714,598.0043190414606,0.307692,76.07
3753.1872834192404,1436.944532027007,1071.0087622460567,1798.1403148558104,1940.7191074518846,0.333333,39.81
677.5362223682567,1107.5031573324113,2962.375150747764,1133.4447562869022,4119.1407132646655,0.358974,37.79
1597.091663818117,1057.9219509565444,2518.756392106653,2718.096615575804,2108.133377542881,0.384615,24.91
2120.6173011100245,3194.2214434452612,714.1473752552456,2334.5714492314246,1636.4424309580447,0.410256,78.13
3195.3122490386027,3167.0773257003466,2550.409133746655,621.5521546594026,465.6491368549942,0.435897,67.86
1632.5865560298741,2590.9922162557195,450.6466170089371,2624.8984128341685,2700.876197871301,0.461538,59.31
3228.7587696468236,1383.6748761264673,621.234984284077,4218.571796323608,547.7595736190248,0.487179,60.79
1136.525534164377,2304.462801573596,2618.887247040431,3079.020854047955,861.1035631736398,0.512821,84.40
2605.520644973952,1694.2421043048523,1114.0130350272007,2243.1782370333062,2343.045978660689,0.538462,49.34
2548.0025512874245,522.8966854457293,3051.060775249927,3298.862878816706,579.1771092002135,0.564103,77.40
3693.5540330334006,537.5012805446652,767.2200109377097,3432.926136123034,1568.798539361191,0.589744,104.05
1999.5730779202,3537.4274878784463,1988.6549170814844,1934.276934206705,540.0675829131644,0.615385,108.23
1295.3766956651198,1172.8493608980705,2748.4077892732644,1317.5571839529575,3465.8089702105876,0.641026,79.50
1649.6532619045179,2296.9928844167293,1598.7695056302482,2816.3481346018516,1638.236213446653,0.666667,92.05
2209.615850464515,1267.481882424026,1366.2218404369867,3618.8060650972147,1537.874361577256,0.692308,54.37
1743.48903066835,2820.729661491213,1339.980665702052,1124.5117336859914,2971.2889084523927,0.717949,103.00
1290.5249180968508,1479.0524931829918,1231.7090996119732,4748.920906621856,1249.7925824863273,0.743590,57.75
1642.9006020411286,1936.6095466428762,1470.342874879132,3325.26996079933,1624.8770156375333,0.769231,98.38
990.7135098412763,1847.6799488258214,1521.8857359924225,3492.9275901276806,2146.793215212798,0.794872,120.75
1334.0582605711704,1890.5799524037911,3384.253823770057,1774.5460038422166,1616.5619594127656,0.820513,110.30
1550.1676800767896,1099.6834262439506,2569.893299201518,2697.779700162589,2082.475894315153,0.846154,128.98
1367.0038058669577,2673.696853670962,2075.7376424465815,2537.9103382993353,1345.6513597161634,0.871795,140.30
1084.665213540075,2456.708325286135,785.0304020096072,1421.7676739697463,4251.828385194437,0.897436,89.62
1734.974912481782,1350.9013195161217,1819.597285455216,2528.6915982791043,2565.834884267776,0.923077,97.02
2442.9471191908538,998.4027743775642,1725.3548646743614,2080.231211618572,2753.0640301386475,0.948718,122.09
3598.6416420247347,1005.5443797528152,582.9744760868326,2037.9901778720264,2774.849324263591,0.974359,120.36
3315.1452342456746,1410.4108974403343,809.0952418093402,1469.8067654305285,2995.541861074122,1.000000,109.92
2211.220681036293,624.086035848735,3974.7458700012917,2524.9765692737874,664.9708438398936,0.000000,36.57
1196.461500165555,1407.8037681707922,2427.2980160009133,2800.937443050641,2167.4992726120995,0.025641,0.00
1177.745677916906,2966.235056696589,1798.011229065768,1544.8853849226566,2513.1226513980796,0.051282,12.35
475.2365723786554,2950.645433556394,2285.8491576504302,2114.4182324761423,2173.8506039383783,0.076923,13.23
1116.0247706171533,3172.7576783790428,1599.7112910710803,2097.034388058724,2014.4718718740003,0.102564,23.15
2726.726014714554,1138.8495854408184,2794.172113520981,2660.627073155681,679.6252131679665,0.128205,26.39
1367.608939313058,2599.0106274598534,2620.1676348987316,1659.9929456295597,1753.2198526987963,0.153846,0.00
2807.3714474216754,2795.9396616607614,550.7285240490412,1308.5090682205564,2537.4512986479663,0.179487,13.45
502.8910192387019,3705.53714787851,1254.4227800443903,2415.5948587710745,2121.554194067324,0.205128,8.99
2247.106397209318,1260.8731078898934,1690.2065310543799,2747.766724740903,2054.0472391055055,0.230769,0.00
1451.5989476523748,3710.1813907887245,455.17920970922864,1808.7083688258563,2574.332083023817,0.256410,71.67
3179.822848780562,1078.0377916671928,1159.024289748155,1041.7359713615024,3541.3790984425887,0.282051,29.79
538.4541239304914,2590.2251456439362,2713.8013842668897,1008.8915722780006,3148.6277738806816,0.307692,7.93
685.4296680345019,2464.6710779529994,964.6109033492869,1930.5118592314889,3954.7764914317236,0.333333,24.98
3269.451667982176,1077.4111539816138,956.8890886566719,3842.6360319259325,853.6120574536055,0.358974,18.96
1048.433236877739,3445.4051389137753,1965.1758834116022,738.6623262125568,2802.3234145843267,0.384615,83.84
2643.817121808741,1692.3740106066764,1448.8578544446132,1714.2501007039882,2500.700912435982,0.410256,80.77
1099.6949618116241,1067.5660018338938,3012.5069996154934,1950.3811527273922,2869.8508840115983,0.435897,74.75
902.7137888114545,1708.666213793528,2061.6012548811873,2481.397431106192,2845.621311407639,0.461538,42.22
2555.2363826891396,788.8109549481843,2346.16556929607,1847.7353979279717,2462.0516951386344,0.487179,90.14
1913.5943644714434,2828.30179934405,644.807644463289,3293.81536850054,1319.4808232206774,0.512821,44.81
1462.4165251726192,1305.9853803334308,2712.1287878561584,3332.3247767690227,1187.1445298687697,0.538462,81.52
3102.5479884067777,502.9213920992716,2984.250103681524,1954.860712908976,1455.41980290345,0.564103,55.36
1759.6025119529736,3063.120600216702,2240.290689088046,1544.7042361351837,1392.2819626070948,0.589744,92.64
1328.9655892993314,1544.0208965767354,3333.493605466911,2656.707057830228,1136.812850826794,0.615385,98.24
790.2245506360912,2417.5410527067756,2567.234119058452,3628.2614341102194,596.7388434884609,0.641026,117.34
1073.416467217076,1799.5675513481356,2071.0175249482104,1403.7026539182207,3652.295802568358,0.666667,120.26
4036.220940144643,2456.55398366016,644.9443342039248,1015.6320746050965,1846.648667386176,0.692308,114.31
3199.7546874022205,1701.3334758445585,618.0139275820154,900.5201166584623,3580.377792512744,0.717949,70.40
3477.5449449396356,1006.8358749849588,2453.9829759973754,2291.567953306187,770.0682507718426,0.743590,132.70
2108.391027282422,2375.5302323277665,1327.9749157829067,2072.3231692648073,2115.7806553421005,0.769231,134.58
3367.039758435409,1036.7062661174564,920.9867941355401,1989.9109739375178,2685.3562073740754,0.794872,107.20
651.4074719310795,2323.0884178345286,705.5090302304387,3908.3130501353776,2411.682029868574,0.820513,141.73
1401.4061034284111,1712.2916613285452,1878.336395721561,1778.809881632265,3229.1559578892175,0.846154,100.84
2156.0529146768863,2058.7739042904086,3804.499541341687,1077.4910537599026,903.1825859311155,0.871795,75.28
1882.471906791989,1340.132264228382,2238.4286471275313,2203.1816626157906,2335.7855192363095,0.897436,86.35
2176.4224179772805,1027.7184288915637,2705.8493112657,2165.6686663601267,1924.3411755053298,0.923077,133.32
1359.9317881725306,872.4757787273892,3362.2010056225763,3728.9584556074874,676.4329718700162,0.948718,121.51
3009.450511929216,1143.363531379874,1588.5829653990995,3225.4893190053076,1033.1136722865022,0.974359,122.72
1666.990957296831,2760.29434575559,2331.6194678578822,2586.934228701546,654.1610003881509,1.000000,97.26
2048.472000741073,2476.7634506163017,1202.7378974802944,2686.094544530014,1585.9321066323166,0.000000,29.30
2811.9020526917616,1160.6149108726029,1829.9420330501448,1566.972042360837,2630.5689610246536,0.025641,8.82
1648.1548214650365,2082.866343407741,2975.0768321056053,2505.733200906404,788.1688021152128,0.051282,19.61
1588.3398293211822,2293.04178924773,2152.307874350053,1671.6169213559901,2294.693585725044,0.076923,12.43
1584.574333553873,3029.8392181808595,2638.831957963455,2087.90545350849,658.8490367933225,0.102564,33.91
3465.964519150823,3176.0994956022787,702.9689602332567,821.4769642760386,1833.4900607376005,0.128205,25.15
1395.7290667415775,2591.7501808862503,2879.7484381513573,1714.9898296473425,1417.7824845734724,0.153846,12.57
1443.6388435041943,1305.1526859602648,3124.0468790660543,2608.913169854542,1518.2484216149433,0.179487,15.75
1803.812061484602,2689.211632503761,1414.8782798813534,2655.2814234330335,1436.8166026972503,0.205128,34.58
2293.2843611332787,2781.8911183169384,665.6871806498525,665.0400410525194,3594.09729884741,0.230769,9.38
557.5867116133123,1237.5262267908201,2828.8099947344335,3742.4875346108456,1633.5895322505883,0.256410,74.64
2270.3871329675685,2433.5588907215615,1625.4708003799662,1922.943032359953,1747.6401435709504,0.282051,68.03
541.7100844499054,1889.8257930423918,1731.4068091020233,2902.739028261585,2934.318285144093,0.307692,60.18
2448.732527510648,1573.4335292963358,1329.4142823878042,3368.929088603094,1279.4905722021158,0.333333,16.24
1702.1211448681233,1833.2938556806785,1758.374944796983,2516.42508552569,2189.7849691285255,0.358974,54.31
2363.041514057737,1755.7008308424968,2487.7914388063136,838.855969937464,2554.610246355988,0.384615,13.69
2005.061786887745,1457.4611295364355,2923.4502069087866,806.9364489830245,2807.0904276840097,0.410256,84.71
2584.8241752838044,1121.9967197409849,1822.4572605759913,1612.3071559974865,2858.414688401733,0.435897,46.15
2451.9158356099056,2079.843474661426,1245.1096114160596,3188.577212693784,1034.553865618826,0.461538,84.48
2084.566466988226,2092.936246606873,1960.9275650548295,2668.3041227336735,1193.2655986163984,0.487179,85.53
1532.106898978869,783.4283067247042,2661.231622609997,2551.9555675882066,2471.2776040982235,0.512821,34.75
4280.761051261765,1387.8330262496052,1212.6366965578295,1468.8313758556485,1649.9378500751523,0.538462,79.44
550.011270245762,3192.9702083771513,1811.793735281447,1895.0140203581177,2550.210765737523,0.564103,43.13
1792.070842194935,2960.278167936917,1344.5172212761274,2154.7172432486004,1748.4165253434194,0.589744,83.21
2707.5697478910797,1711.4281599586718,498.53826224812707,2137.5383587770966,2944.9254711250246,0.615385,97.99
2192.6093112835115,1534.4435786458678,3291.9841506160474,1990.747359910292,990.2155995442807,0.641026,94.93
1135.3642366562547,1874.1898887407524,818.2332220097143,3563.8720878169997,2608.3405647762784,0.666667,55.66
2338.1421775306267,2040.4805353135778,1803.3409738279518,1946.4095062643441,1871.6268070634997,0.692308,115.75
1581.3348453320762,1320.904499836652,1587.7429794659008,3208.061173234115,2301.9565021312555,0.717949,109.28
3194.607807949317,3327.4286027979847,620.5195251445689,2433.3110645442657,424.13299956386396,0.743590,123.11
1911.018815406866,607.3385906863659,1387.5672106972318,2772.2264880039725,3321.848895205564,0.769231,103.66
3980.427092509954,2489.8846620295744,641.8984189083639,670.6236652302266,2217.166161321883,0.794872,112.57
3499.5423272125104,1284.743467308591,2905.8401740444588,698.6898473267883,1611.1841841076503,0.820513,138.76
2274.3624323169643,2493.358880608628,2299.956028655308,1586.0135808453886,1346.3090775737116,0.846154,120.97
3083.731522627689,636.6464979564782,3736.1672140789046,896.8414966730676,1646.6132686638607,0.871795,106.64
1248.3423207173637,3925.199031080782,754.8928840990533,1091.7290922882519,2979.8366718145503,0.897436,91.15
963.6539877075662,3537.138930072646,2791.408493391704,873.6454651462675,1834.153123681817,0.923077,115.29
1564.3186411686863,3515.7573671090663,1107.9621766264597,1599.0596304432406,2212.9021846525457,0.948718,156.57
619.9849932356227,1977.4260068019896,2421.697382337029,2156.401536592156,2824.4900810332024,0.974359,154.15
1215.889031455402,672.6053692800034,2701.4698875203544,3041.7208740439482,2368.314837700292,1.000000,127.82
3145.334595639648,2294.103998598674,909.4456013378418,3196.8221400248362,454.29366439899877,0.000000,0.00
3058.091771865462,2154.3703414260535,1389.2141856855346,1274.5737195781996,2123.749981444749,0.025641,18.97
2548.550547605144,1080.8601886482325,1485.4241817386828,2598.4909183402506,2286.67416366769,0.051282,0.00
2624.558980975042,2404.0502736877265,887.9590743131134,2006.3900986453268,2077.041572378792,0.076923,52.47
2333.6254754806864,2445.2273547110217,2438.5452033452893,359.5994993914163,2423.0024670715866,0.102564,16.68
2699.2173751126193,3422.638227470348,412.42170799376794,703.09171630932,2762.630973113945,0.128205,18.87
2786.814820694155,2629.19828978105,2042.0866388311315,691.7746833972132,1850.1255672964496,0.153846,61.32
2482.6279631849575,2837.7673700562295,2024.7258418684878,1568.2873060861366,1086.5915188041888,0.179487,34.90
2304.8476052519677,2538.127213629595,1547.120985947763,2307.7751534323124,1302.1290417383602,0.205128,51.49
2132.39146185617,588.1023909993106,2887.2083344188504,2627.980799177938,1764.3170135477312,0.230769,29.40
1778.2675423178518,2394.4994589516505,558.8919072725223,2446.6701710368015,2821.6709204211743,0.256410,13.96
3024.8119906960733,2130.067308308724,2948.694088784464,892.8185907784925,1003.6080214322467,0.282051,47.00
2203.1098538965084,1180.9328226724128,2791.809598556852,1718.1855306038008,2105.962194270426,0.307692,34.84
1425.6868406287347,1332.4737894238742,3306.1780771700087,803.6246394245671,3132.0366533528163,0.333333,27.85
1296.1000198805689,2000.0147789522828,2772.5926874109796,2815.16939771735,1116.1231160388195,0.358974,18.31
607.3820221628671,1465.231008230105,2445.4994412357983,4201.764512167053,1280.1230162041757,0.384615,72.10
1965.9626029696685,2363.2670048505647,2928.1939694980138,624.6948892907874,2117.8815333909656,0.410256,83.03
608.7135780706103,2553.3277573564246,2186.276627708841,2087.6439769449275,2564.038059919196,0.435897,24.10
2154.837214655104,1553.9034830645512,4777.264623020124,930.2935261804914,583.7011530797274,0.461538,44.70
1824.4289737207303,3398.0680148217125,453.3762437832451,1467.9834776500877,2856.1432900242235,0.487179,25.22
3112.821054512615,709.8712766687825,1279.0900435458375,2902.9944176135277,1995.2232076592363,0.512821,31.70
3555.4942389971106,910.5078188282159,2485.1204927219424,1370.3388960084537,1678.538553444277,0.538462,107.46
2249.728695159366,1922.77326165925,3980.7725865382636,920.5898040081414,926.1356526349781,0.564103,76.12
2959.836261523494,2566.9228168180384,2407.701400548673,772.4641169115857,1293.075404198208,0.589744,38.13
2911.8529344794297,2265.590816965901,606.808138791289,2173.3851967427395,2042.362913020641,0.615385,79.29
2197.353199855986,2885.937776172802,2012.3294109768578,1872.9781529286984,1031.401460065656,0.641026,79.07
2072.7842615716386,2289.1749599311534,1579.180521019193,2630.134335964123,1428.7259215138906,0.666667,71.15
1279.7533777626086,3016.0380086814785,2624.0054505006046,2632.4749101405564,447.72825291475215,0.692308,60.02
1469.5171427690223,1518.6555525309686,2160.523582775636,3848.7526992869944,1002.551022637378,0.717949,95.39
2104.0254134642078,2299.679471612679,1834.7225454646837,2723.7437239749665,1037.8288454834628,0.743590,97.64
3505.7470324332244,2794.9438819690376,1491.25283610138,923.6859750900157,1284.3702744063435,0.769231,107.58
3220.085219726906,1664.3063192861596,2086.868544894408,985.3004221930998,2043.439493899426,0.794872,119.70
2208.334183390834,2766.401542755323,2826.2815780191595,452.7540334656233,1746.2286623690607,0.820513,70.82
2275.6725963461236,2348.424758610272,2457.2235865697653,2512.270179489918,406.40887898392106,0.846154,99.68
2626.8940419257306,995.0274336344894,2236.94703228892,3210.360808423221,930.7706837276388,0.871795,70.24
3038.9833304590884,2414.9684653767567,881.0628787837082,2389.761292751344,1275.224032629103,0.897436,81.96
2775.8747304873564,2037.9645453127034,2117.1261964564155,1034.4849949268182,2034.5495328167067,0.923077,90.23
453.8409508607357,2555.3312209155715,2402.2820160269484,1825.1534777716395,2763.392334425105,0.948718,93.58
811.8334825793265,2506.6690632524837,3121.7721164131844,659.0425983077508,2900.682739447255,0.974359,146.76
670.5237398150116,1469.5419531959374,2724.836964879261,2054.8554767979176,3080.241865311873,1.000000,115.21
3555.0385716226183,1781.4449529745273,691.3917975642371,1547.8229817076785,2424.3016961309395,0.000000,26.50
1260.458737049836,3209.9763305975503,2542.374287552313,1893.1529991552447,1094.0376456450554,0.025641,23.39
659.2697220968415,3864.0764346394303,3890.274758303479,1009.1634919359059,577.2155930243428,0.051282,2.79
2915.3115279694875,924.3876759638533,1376.9760679809212,2973.0791942163623,1810.245533869375,0.076923,51.03
635.4956623943618,2524.8158439138156,2695.8630862102314,3144.467101526635,999.3583059549558,0.102564,0.00
1628.398255169849,1886.1941451125786,1981.9015227326374,2682.165598156665,1821.3404788282699,0.128205,0.00
1058.8770386870506,1601.6762920758238,1940.3677943036462,923.1978332182789,4475.881041715201,0.153846,24.80
3528.287703093029,2262.3882869691924,537.8278864056517,2098.253202756181,1573.242920775947,0.179487,44.51
675.0191124311098,1715.9836397343988,3406.3039404756832,2749.6360042580845,1453.0573031007243,0.205128,18.96
2608.0203940141296,2518.132293863149,2364.619723213632,1545.2171222870777,964.010466622012,0.230769,7.56
3092.1117168071114,3317.9844299549663,661.5110196189344,844.5767517069809,2083.8160819120067,0.256410,57.97
1624.7357535364722,1026.7243120599967,3158.5234472885027,1217.022243066902,2972.994244048126,0.282051,27.80
2930.8927427583762,700.9042008238396,2460.2465057302074,691.0039439072449,3216.9526067803317,0.307692,70.90
1072.4192143355995,2255.1250991820984,1144.4215857051165,2855.9261999021583,2672.1079008750285,0.333333,24.46
2657.796607064862,1264.43550385723,2436.8830726814645,1669.33724525007,1971.547571146371,0.358974,78.07
2436.5847216093644,2036.7086246014983,2551.134850200803,400.7253281903986,2574.846475397935,0.384615,33.42
2612.8461444692102,1410.5854921976518,2095.3178400738834,2981.2556133040794,899.9949099551748,0.410256,64.35
2050.6065321571145,1083.6874922356303,3784.4463751014137,2519.757820387752,561.5017801180892,0.435897,86.71
3031.194979088323,2300.4305812411935,1213.8507560403825,1278.8095008592773,2175.714182770824,0.461538,82.57
2270.4886855214727,1488.609398067892,2612.8235627681725,2293.022550987091,1335.0558026553715,0.487179,79.45
935.1702337415595,4284.801308360369,3163.041272579941,843.233015108571,773.7541702095599,0.512821,30.91
2419.817196138263,2201.0426193763396,2354.997998063911,957.1677360461008,2066.9744503753845,0.538462,61.61
2278.421264976163,2123.5119928349095,2176.775047947504,2293.465393599973,1127.8263006414509,0.564103,74.18
585.8397903417688,3206.0106537652478,1277.4171134883768,2797.813444818421,2132.9189975861855,0.589744,76.89
1871.5527144262987,1817.7447412330905,1408.6509057554383,974.9674761047881,3927.0841624803834,0.615385,102.37
2125.1834047020434,2624.6106554294097,2053.329266210208,1372.4247364071605,1824.451937251176,0.641026,121.90
568.1659241547719,3114.608832071991,3018.994673356978,2515.7870190255744,782.4435513906853,0.666667,80.74
1870.2166376904306,1909.5775809667746,3312.93269777627,2067.4459549110834,839.8271286554415,0.692308,97.57
3186.259203533866,853.0553629361201,1184.7615254265238,2470.067172427263,2305.8567356762273,0.717949,108.33
1744.7215027723184,2983.3175978213176,840.0490423743898,2754.98527070932,1676.9265863226528,0.743590,116.78
2129.011995165576,1974.7951164582325,2114.0750355637238,3007.382140464608,774.7357123478608,0.769231,67.81
2368.2914064844904,1721.290150200067,2396.8554267000145,1939.1386155119342,1574.4244011034948,0.794872,126.34
3101.5761671020678,1808.5844732534658,1588.3831662129305,2411.8177566750505,1089.638436756485,0.820513,100.83
1257.436860686457,3331.4436429384273,604.8579873737486,1443.8922439265236,3362.3692650748426,0.846154,114.28
2114.281578750415,484.9070835942143,2973.6728863030175,3487.597697437818,939.5407539145334,0.871795,88.85
1163.8130254736993,1535.3541239281453,2848.7595276519583,1395.348622328741,3056.7247006174566,0.897436,148.33
1785.053450449236,1671.0918069904114,2980.429828220621,1879.4568663670996,1683.9680479726317,0.923077,146.97
1746.947962612522,1642.278819634549,2299.3163362643736,1472.1080364344639,2839.3488450540917,0.948718,153.39
1262.0913729183246,1114.2396629679336,4514.640141682617,1857.0563460839335,1251.9724763471922,0.974359,89.62
1329.0801934704177,1687.292264612994,2637.1652420113337,3366.5775993505786,979.884700554676,1.000000,136.38
2020.5118376284545,1292.6734738130594,2728.4148369899176,3342.7249651347934,615.6748864337736,0.000000,37.73
3362.360587852012,2798.4062770377714,938.3331305574715,1569.0791999171297,1331.8208046356144,0.025641,41.20
1284.5161780943733,2344.82206110168,1971.425335378096,2240.420756146143,2158.815669279708,0.051282,0.00
1569.4733292035712,1035.9760437921075,2634.100748336257,2226.5045496053453,2533.9453290627202,0.076923,0.00
2404.841857616907,2533.8811876519303,2428.330916353055,1515.2837869742234,1117.662251403884,0.102564,27.26
968.3173227457258,2862.8940825682375,464.6586849503146,2248.7393082360377,3455.390601499687,0.128205,30.32
1253.0685910704692,2824.7496127190802,1843.0852493934153,1540.6577093605765,2538.438837456458,0.153846,55.29
2734.948140457466,1411.6987872418829,2449.756420339741,1151.031685715023,2252.564966245886,0.179487,52.92
3932.624427524754,1168.6086780823466,929.059054209956,2217.477411038787,1752.2304291441553,0.205128,18.67
1092.680379927258,1320.2751334158156,544.5731487090827,2790.118376396791,4252.352961551052,0.230769,57.24
1398.6483788813437,1660.9964854936215,1741.262479227743,1598.5630275640033,3600.5296288332875,0.256410,0.00
1377.8346195518743,2087.013669820975,1114.4523827533285,3351.9145512921305,2068.7847765816937,0.282051,22.40
771.7564979004636,3884.0270957878624,1053.7141374330656,1724.4449201325772,2566.0573487460297,0.307692,24.13
2689.93581751419,2779.4526126639407,567.1871235277627,2269.271852573202,1694.1525937209028,0.333333,29.55
2192.4922346248286,1935.0733759050256,2347.9100426866917,783.8579860393602,2740.6663607440955,0.358974,41.27
1018.7767424175006,1549.1251372802215,1700.8288009843793,1972.121687901066,3759.147631416832,0.384615,15.24
2938.7854721134026,1548.3055182894345,1976.7082627222028,1293.8737596726583,2242.326987202303,0.410256,27.15
3142.0072076038086,1480.4662790116292,588.5638537980092,3547.2274479129387,1241.7352116736133,0.435897,27.35
489.47288208234727,1515.2165618751244,2343.25812380327,2720.1329995964616,2931.9194326427964,0.461538,33.99
2657.374528054449,1666.7210613312927,1579.0820853835269,684.6828906527749,3412.139434577956,0.487179,102.39
1512.060184857355,4008.045954027209,2485.8287653317116,1385.2090694682886,608.8560263154347,0.512821,49.23
1718.8500223712017,2773.8515827337787,2232.338696395938,1449.6287433575912,1825.3309551414916,0.538462,65.53
908.1740712117055,2106.0062188973325,3128.5660743359476,853.8455793282309,3003.4080562267845,0.564103,80.04
2615.7645223205486,1679.1857427033558,997.3444407239261,3010.8117792604785,1696.8935149916915,0.589744,97.06
1416.570642002572,600.7086976108865,1813.37691989585,1667.6972397279217,4501.6465007627685,0.615385,112.15
1607.0210941508262,1643.853019785197,2680.428346310504,2443.7628024450237,1624.934737308449,0.641026,76.74
1011.2394197113232,2191.1420870872034,4190.413372626644,661.4999266646201,1945.7051939102105,0.666667,52.20
784.3004495162078,827.015643362434,3032.399716381071,3071.637933388718,2284.6462573515696,0.692308,57.40
2686.8194824568386,963.9735785425838,3028.233503489056,1333.6446702486044,1987.3287652629167,0.717949,79.65
1853.5773450849908,2272.672592396724,499.71049714329604,2339.1289623908865,3034.9106029841014,0.743590,72.00
3532.277747975993,2054.9897580380857,691.8389884453102,828.188488383804,2892.7050171568076,0.769231,121.52
639.7879759345311,1160.5191148604724,1015.1682759474737,3604.433339932568,3580.0912933249556,0.794872,131.74
903.201173789441,2733.285774764198,2185.0758512782377,3460.5151424215665,717.9220577465585,0.820513,133.14
2230.2466574092023,3617.182421168387,1036.048656439678,1028.9389743293732,2087.58329065336,0.846154,113.49
1597.031631076635,1274.0118360907682,3451.1349557973062,817.0546897650205,2860.766887270271,0.871795,96.77
810.8561174602492,2510.972195067261,3412.717826976251,2372.464298979623,892.9895615166166,0.897436,116.42
3844.873346578711,1214.6969481963101,2343.437475029723,1161.3238846439197,1435.6683455513355,0.923077,78.38
1487.3104604207213,2186.758017349166,2627.7836149594427,2032.4845942157287,1665.6633130549417,0.948718,112.64
2061.3737081948384,2476.508979756741,2917.78552573053,1986.9389416973154,557.3928446205748,0.974359,124.97
2487.912362088679,2425.123655621342,2196.409410231288,1388.0338611972938,1502.5207108613986,1.000000,88.29
2649.854377604002,1994.7653414913102,643.0652321248332,1689.928731306092,3022.386317473763,0.000000,0.00
1511.0709935328032,1979.7795620363095,2246.212951110863,2220.073940388161,2042.8625529318647,0.025641,5.89
924.7588942873889,2954.210565725326,2666.3616370838126,1029.7666562385523,2424.902246664919,0.051282,22.62
2652.3137651135316,1729.8527476397746,1142.7328903257276,2753.3957710766954,1721.7048258442724,0.076923,26.61
1733.3699480357875,2430.8797247575853,1764.1456865386065,2254.9812258308993,1816.6234148371202,0.102564,15.59
2278.7739676472625,1946.9609000669432,2876.9763135829885,1933.3331569206664,963.9556617821378,0.128205,8.27
1471.1785830511214,774.050629209721,2943.234345010003,1194.7118331085417,3616.824609620612,0.153846,9.09
979.7623925174099,4370.008723363445,758.6082726162057,2977.8627663876305,913.7578451153106,0.179487,0.00
599.6760506430884,3140.948049413042,1157.518072256379,4251.193444254972,850.6643834325172,0.205128,64.78
2477.1431088557197,1953.451914898055,624.4115308522178,2730.4122669586122,2214.581178435394,0.230769,7.28
2608.7482017278494,839.6055677324874,2359.4079745223635,2474.0932578200413,1718.1449981972573,0.256410,29.57
571.4882449356622,1210.431985241647,2905.755130543569,2180.532488180745,3131.792151098376,0.282051,75.65
2094.088475769164,1800.3096912335145,977.5973225192046,2604.5973058021286,2523.4072046759893,0.307692,33.67
1300.6994056161423,3505.1965692378876,1887.218009282762,1006.3653861664956,2300.520629696714,0.333333,18.40
2539.987274447823,1339.607491178664,3046.9920693747094,483.76812475814546,2589.645040240658,0.358974,62.96
848.3575101075118,1866.10769249757,504.91785061223715,3350.8003219624784,3429.8166248202015,0.384615,89.74
1308.1546982631387,2492.6124746570113,1518.2192785513137,2792.050820568666,1888.96272795987,0.410256,92.20
3795.7439048684246,1546.4339484044767,1420.4497904641412,480.4669531404887,2756.9054031224687,0.435897,40.97
1622.6346234852151,2480.3487994283832,2174.988412149179,2705.1451322630096,1016.8830326742135,0.461538,56.09
2355.631010611972,3166.8507969952466,1818.106716624145,1778.067623851991,881.3438519166447,0.487179,57.69
3236.339974196486,632.8756119535411,1883.4180154802104,2068.28694898963,2179.079449380133,0.512821,74.28
741.7760697202817,4688.178944045692,1894.0698017227357,1680.4727136536976,995.5024708575932,0.538462,36.97
2723.3284871896217,2192.6573364264286,1518.983563310267,1378.3325515920858,2186.6980614815975,0.564103,42.97
2693.5750502510887,2313.104788297898,1743.460345183244,645.4560162687854,2604.403799998983,0.589744,77.37
2426.637862410842,2152.986881735442,480.97220997251554,2764.9291943977983,2174.4738514834025,0.615385,80.65
618.1290550679684,517.4506890628111,3784.2837039988735,1532.9187370045356,3547.2178148658127,0.641026,120.08
3001.419665880783,2398.189249919719,2182.867874649587,1212.8236930842993,1204.6995164656137,0.666667,90.90
2370.9024964564533,3685.8409829605093,1594.9947563787152,703.3054516928835,1644.9563125114391,0.692308,108.92
2182.523773109759,694.7277596878935,939.8271649846671,2971.5973720795623,3211.323930138118,0.717949,86.17
686.7905751312871,2641.187289210588,2953.9547526711503,409.80694448651985,3308.2604385004543,0.743590,56.41
958.3654282048856,3069.3132551242998,998.3016276821095,3357.1325543895973,1616.8871345991085,0.769231,77.78
3594.3622667593804,1056.3520392254663,1529.0436995724674,1475.2822575866533,2344.9597368560326,0.794872,67.72
3330.70919555685,719.2751106862878,1484.2481097756815,3500.4563842738553,965.3111997073255,0.820513,72.92
1636.7888944069527,1455.000715161622,2375.1993839140814,2615.4850949240395,1917.525911593304,0.846154,79.27
1674.6792465622111,723.9601453309247,4985.9858053748785,1507.3908407675647,1107.983961964421,0.871795,113.11
2984.5402095806876,1814.1926711550839,2811.8815557476164,1331.0588256608087,1058.3267378558035,0.897436,97.17
639.1035020831199,2005.4155895568101,2741.2979217291722,2315.347525102173,2298.8354615287244,0.923077,83.87
1153.6585356262776,2394.9640650220213,1726.1093368276104,2476.3484429283562,2248.919619595734,0.948718,96.24
2215.104454334024,2914.0998784164476,725.9206774938533,1889.366089268269,2255.5089004874053,0.974359,149.43
2354.6170366470833,1648.7281870777704,2552.0882190591733,2135.379379339446,1309.187177876529,1.000000,145.04
622.7467065752243,3385.4780341296896,1316.5523039501636,3585.523515824228,1089.699439520695,0.000000,0.00
1793.7506594196982,538.1852935724507,3415.301009152134,2967.365648395351,1285.3973894603657,0.025641,0.00
1468.203885536849,879.647914966463,1549.3402847079672,3658.9347140894993,2443.8732006992213,0.051282,27.11
2962.9405245567664,1975.399209305461,1234.7128294180282,2439.017633732466,1387.9298029872784,0.076923,42.35
2213.2867158647746,1340.3442600557044,1478.6094187548867,2061.0339915788327,2906.725613745801,0.102564,0.00
1529.0699710948152,3900.4434427544493,2032.1698401554609,1746.812608670587,791.5041373246884,0.128205,0.00
3025.8927420096625,2969.648230492731,497.21226689259,1650.2894065397243,1856.9573540652925,0.153846,48.45
2515.9558214493804,1766.6777507312772,1955.9880314423706,1879.3555969711233,1882.0227994058473,0.179487,39.69
2834.4331713080073,2841.1530103699015,451.84516007310776,1797.5150590397743,2075.0535992092096,0.205128,65.68
915.403237294387,3153.4238883407297,1447.663516928492,1461.2949772420639,3022.2143801943294,0.230769,21.50
3102.8876402310507,1383.9199778229727,1246.8321424423775,1505.251976185594,2761.1082633180044,0.256410,71.31
1529.5349139231275,3287.394239198435,1315.8850074062773,1557.8597654825633,2309.326073989597,0.282051,40.62
2521.6374420625298,547.6052885201951,1333.7310703239998,2817.508646027776,2779.517553065499,0.307692,69.64
1429.2833423952284,3538.7407999691354,1337.7637727097604,2390.145834450611,1304.066250475265,0.333333,82.46
1387.5732383858203,2575.770086019483,1671.8399120614501,2016.5678678230265,2348.24889571022,0.358974,13.93
1172.47076141343,2883.4994045475755,2437.2542425946294,2846.9139778249314,659.861613619434,0.384615,34.01
1667.6467937596544,531.8702165170671,2340.075195331855,3472.59983432441,1987.807960067013,0.410256,61.06
951.6192567211747,1767.0224076578966,3282.735626011001,2064.8779226464494,1933.7447869634775,0.435897,48.82
2611.6176578873997,2297.226967238665,1244.7771005635807,1968.4571793221583,1877.9210949881972,0.461538,84.24
1042.651583678485,2015.7563515389875,1966.85997975421,2043.9571803180224,2930.7749047102943,0.487179,65.71
2973.9501411566116,1150.4037902947039,1816.1164577621994,1354.7021674672685,2704.8274433192173,0.512821,84.20
1850.5238008019608,2306.878936807513,1107.29190119205,2219.281703864122,2516.023657334354,0.538462,98.98
2688.1138010775953,2434.7157545609384,1261.9599226241714,739.0864614559443,2876.124060281349,0.564103,63.79
885.5597062509768,2239.874636227022,2158.891474849658,2275.772173656329,2439.9020090160134,0.589744,92.55
2218.347878886996,1249.96253537248,2533.2053095738142,1578.5321633375227,2419.9521128291867,0.615385,82.49
2254.217768562743,1092.5191215283642,1195.77457462729,1926.1416411852072,3531.3468940963976,0.641026,42.69
498.1711087487063,1523.1369662519369,1217.7611793919125,3081.3291041918405,3679.601641415604,0.666667,59.64
2073.653497163507,2436.4624199168,1286.0070943138992,702.9253583593072,3500.951630246487,0.692308,75.94
1678.0869350047444,2629.7978130688107,1305.8114787108855,1449.5003634059967,2936.8034098095627,0.717949,105.13
1941.892941860923,2743.3017171722613,2174.630209584489,2386.6991875601157,753.4759438222114,0.743590,55.26
799.3765365498825,1875.8047379584982,2915.2938962770995,1257.8968191009483,3151.628010113571,0.769231,106.15
1777.9040731269986,1583.1237399792153,2492.6084711903427,627.5183279363705,3518.8453877670736,0.794872,64.50
992.2189303309048,3079.103033654766,2365.8670280211945,2858.065697001689,704.7453109914449,0.820513,64.25
698.2506722862248,425.3374663550072,3119.3622846006106,3022.5364722387644,2734.5131045193934,0.846154,97.89
3357.025286675972,4078.5149938481454,865.4707760811715,639.5389014942266,1059.4500419004835,0.871795,104.87
1978.6885150576759,2224.907417314983,3126.899919924829,728.2893355205255,1941.2148121819878,0.897436,117.14
2167.482485185892,805.9593510199038,2819.978850149318,2151.623013703185,2054.956299941701,0.923077,109.26
2722.8418812108903,1435.1849660757696,1782.130359286936,2791.6373906540744,1268.20540277233,0.948718,85.78
1567.0041690285088,2335.6166008171836,2312.3138280252147,1970.6212881930753,1814.4441139360158,0.974359,106.30
3835.182706235974,901.0008282944843,1054.412027883493,2073.435320430039,2135.96911715601,1.000000,127.21
1781.172481263582,707.4798098885796,3177.891680551231,2245.764195089556,2087.691833207053,0.000000,0.00
2042.5668034013738,3677.0344395444845,2400.981155188792,1088.7672646104131,790.6503372549366,0.025641,28.59
1105.4751564295068,2084.531268902472,1736.1808229062854,1240.7751592422387,3833.0375925194967,0.051282,30.81
1654.8301958385664,2573.999802209928,2383.3850360735896,1714.6622872954727,1673.1226785824433,0.076923,27.76
1217.284290658216,3402.96278597427,1084.5119411885826,1669.293693564247,2625.9472886146837,0.102564,0.00
1011.0074454727286,2352.8966201645526,1340.9974594107746,2677.1411146800006,2617.957360271944,0.128205,31.44
2321.603594874651,2378.3836325534926,1435.0185186051644,2538.212885874011,1326.7813680926795,0.153846,0.00
1437.1397996908072,1863.3158198466701,2359.7985663132185,2034.1415460001851,2305.604268149119,0.179487,45.27
862.7753104849784,4925.8385368843265,1651.3257615106172,1737.8559922331635,822.2043988869127,0.205128,25.84
773.9017652189934,1210.3609129648612,3812.6630131342263,1751.2823294031011,2451.7919792788166,0.230769,58.73
2220.6830855481544,2580.885973363367,2592.1660706851803,417.47521158308535,2188.7896588202134,0.256410,11.16
2717.643451330171,2434.7722063899937,1072.338515226925,1112.8700578452158,2662.375769207695,0.282051,46.66
871.577653627713,2063.8339990488234,3005.8887434564585,1894.983007665559,2163.716596201446,0.307692,55.18
2848.913318495587,3343.704747053841,1257.398341407614,1438.4322335199556,1111.5513595230027,0.333333,8.69
1458.827710368149,3149.5334127767055,1024.331172984141,923.410697741113,3443.897006129891,0.358974,19.84
1858.9575899793294,2488.980763226339,1860.9078453384104,928.7011626089816,2862.4526388469376,0.384615,37.49
2180.563341958442,378.1160273766408,2756.3638393254464,2831.994023782426,1852.962767557045,0.410256,48.02
2197.2016949094,2156.305227546308,601.8836812610947,4025.6603589335336,1018.9490373496659,0.435897,59.48
1076.780077496547,3454.2634664458387,1392.0905267897842,1813.0082286963166,2263.8577005715133,0.461538,43.76
700.6037673324897,1620.8788855240787,3726.540665459731,2047.6298490895915,1904.3468325941087,0.487179,28.61
1660.9431187728821,2488.4235347866456,3403.857103250742,886.8085752461903,1559.9676679435395,0.512821,47.04
970.6493532119416,1625.543701946602,1960.1485900863456,2604.737194370198,2838.9211603849135,0.538462,69.15
903.3269525295386,2488.301917004259,3515.8512672052047,1951.7212273000262,1140.7986359609695,0.564103,69.28
619.082698627228,3243.835160731636,2526.6581725667415,2628.5103055074446,981.9136625669488,0.589744,36.01
1914.0952000927866,739.5012802070701,3564.681628955379,1759.1578870972,2022.5640036475652,0.615385,104.04
2531.458876028905,2779.006144652277,912.0047202302026,1942.6562188247312,1834.874040263884,0.641026,118.28
2135.4071966222486,493.16831779020384,3350.4531657532366,685.9486430429266,3335.0226767913828,0.666667,86.58
4694.755261832147,1112.7531449260869,702.4934731768972,2807.8474997594617,682.1506203054057,0.692308,71.54
714.0875626967293,1657.3232968219247,3062.904022357662,3988.3804451688216,577.3046729548629,0.717949,130.43
752.9447645230342,2583.26495583423,3466.4532052550103,1483.6566820803164,1713.6803923074092,0.743590,82.94
2282.0215019806656,1695.3493800777176,2280.3041748891897,2459.772841694781,1282.5521013576476,0.769231,94.54
1265.842317716259,2201.6474330228593,1702.510294083944,2843.219157309726,1986.780797867212,0.794872,80.25
2407.2582775097912,932.8150883312321,2888.2818270317725,3308.6961062016117,462.9487009255942,0.820513,134.85
3496.1463165488476,1637.0990431588916,1314.7212375935508,1489.5381665172881,2062.4952361814226,0.846154,144.52
2160.5012740496704,2657.8862654212553,480.33095768906173,3008.879458276675,1692.402044563337,0.871795,90.88
2841.898339404888,1331.155761483504,2378.3219719029626,1301.9654060148493,2146.6585211937977,0.897436,113.96
1679.586331658361,2096.1673579440176,2376.0007478979,1532.2663493675677,2315.979213132152,0.923077,77.78
1616.919972843632,994.0147814922806,2746.784145521234,1819.6960912247414,2822.5850089181126,0.948718,153.23
2570.628173207066,1122.0759996351294,1337.7166186111735,2651.064121847275,2318.515086699356,0.974359,137.24
1403.1994458978536,2005.2870912012577,1524.2198308682848,2635.5959497970443,2431.697682235559,1.000000,163.43
815.4596332838959,1266.8992927429408,4421.176575802489,1200.6663221606161,2295.798176010059,0.000000,12.43
489.6187539086892,2251.9016811756815,1632.0967943485837,2787.953636803137,2838.4291337639074,0.025641,0.00
1878.162025222834,2730.5988333072705,2425.669832366333,1434.9775458006507,1530.5917633029112,0.051282,21.07
4758.407142451441,1041.0720160846731,2515.596117160581,985.1935831946837,699.7311411086202,0.076923,0.00
1733.5445746228088,1386.2632239735512,1081.5016197539617,3295.1104857760583,2503.5800958736186,0.102564,53.30
647.7853988843565,2629.6807251553937,2912.525321820523,1421.7705992582373,2388.2379548814883,0.128205,52.28
1610.9483090615674,2990.5578250141634,2456.9517748467433,2411.8910495365767,529.6510415409494,0.153846,17.31
2239.5788159165622,1652.2171812601996,1987.575980332183,2379.1965532297318,1741.4314692613243,0.179487,0.00
2095.6228530044327,1142.2665183837469,3045.4089924798172,1985.9903372350113,1730.7112988969916,0.205128,67.83
2387.7023871526953,1192.6465383683003,2997.2848580860077,2143.127485365637,1279.2387310273605,0.230769,1.71
4097.984366941428,2084.4001329650323,1136.869285916102,1325.278159266297,1355.468054911141,0.256410,0.81
2057.346992269878,1036.8933292444156,1734.4297308280095,3286.685591124903,1884.6443565327947,0.282051,25.63
1740.8980047247885,476.07197916732076,2824.555977694877,2984.4491075245105,1974.0249308885016,0.307692,47.49
1701.9954434327187,2602.2978420104937,970.2444433914075,2875.3605975273854,1850.1016736379959,0.333333,11.01
1507.9752868205817,1856.1634270117147,2536.852415488493,765.3550562209873,3333.6538144582237,0.358974,86.46
1439.0431876434195,1569.720047791793,4211.410438329365,2063.3698850730175,716.4564411624038,0.384615,33.10
2949.894031215009,2260.8672117914884,2520.6375136274723,1104.3519659864576,1164.249277379571,0.410256,75.12
3681.7066293922035,1123.4518065467466,903.1713951944928,730.248803542016,3561.421365324542,0.435897,53.57
616.9577097023443,1589.0108961672756,2520.6212903389674,2990.144810019595,2283.2652937718167,0.461538,91.33
771.0902450178397,1077.478926094053,919.0698569543639,4361.920718986138,2870.4402529476065,0.487179,101.67
1360.484206841654,545.4199461932894,1511.6434730369058,4252.398605511349,2330.0537684168,0.512821,26.78
2777.628322670816,1729.2884075352713,1061.129837737662,2734.735304185652,1697.2181278705987,0.538462,99.58
1596.1200690813873,1193.5104950110472,1712.5601827813446,2784.279471950618,2713.5297811756022,0.564103,71.61
2673.3371896922345,837.8541456802992,2056.6168786454914,3295.0100785985037,1137.1817073834711,0.589744,109.95
1633.7909781475407,1922.5296253454155,2012.163040789238,2628.856582932706,1802.6597727850992,0.615385,93.84
1557.6473228577925,2049.6572793033797,1845.6980748825001,2523.9053987202296,2023.0919242360976,0.641026,103.36
1032.1365016039272,2193.921333848239,713.0824303998298,3766.1180139838903,2294.7417201641138,0.666667,60.56
3089.883998943896,1314.930431186124,2891.6688233306418,1317.6916222414354,1385.825124297902,0.692308,63.77
1049.6774667478699,2057.838383845835,1485.2030524916179,3948.499241255334,1458.781855659343,0.717949,74.34
1086.703673308565,2983.9689413731353,2460.409550548593,2688.77037199392,780.1474627757867,0.743590,58.26
3157.4610696531763,1174.614049631361,2030.3374880941724,1920.0729439981938,1717.5144486230952,0.769231,98.97
2538.3451382133394,2744.1834119825435,1681.6289491420928,1548.390940505263,1487.4515601567614,0.794872,138.80
2048.298159808849,3410.7076602130587,1188.7859609392435,1205.626116537651,2146.582102501198,0.820513,67.29
553.8178093926696,2271.4541133345533,1085.2067167684534,3945.732860923048,2143.7884995812738,0.846154,85.78
2214.2329916637277,1950.5396575344305,2047.2015879269932,2030.7281395416937,1757.2976233331563,0.871795,143.31
3164.0064919300517,687.3189656018294,2427.117737327392,641.8390812886822,3079.7177238520458,0.897436,151.72
2507.6246916585087,2032.7443000152766,2876.712908021157,843.8625660521998,1739.055534252858,0.923077,82.60
1618.960380859822,1919.109184441719,3787.8487253301564,935.6569323345722,1738.4247770337306,0.948718,95.04
1330.1114342161973,2897.4148796740087,1863.3859465393857,1748.7441687914784,2160.3435707789286,0.974359,145.31
1110.9752478162823,3989.358843565747,829.8858149142196,3529.6214990673175,540.1585946364335,1.000000,89.72
2520.9463428623426,2825.3747784974116,2692.157684392235,467.19709982673214,1494.3240944212796,0.000000,0.00
2691.5484654093952,2258.2484946544046,1190.4023821710741,810.7931206894999,3049.0075370756263,0.025641,21.89
2038.6675876361307,1166.0445086227733,1278.8544478496988,1234.1115465158184,4282.32190937558,0.051282,35.71
673.1338474551291,4148.115385804085,1549.8095843560968,2303.8592557464176,1325.0819266382707,0.076923,51.35
1667.0210061849573,2223.4127862503115,2891.2451876423247,2718.7310117188454,499.59000820356084,0.102564,0.00
1644.1856056157849,2536.697335550949,1295.5336159635388,2036.8183374088142,2486.7651054609137,0.128205,0.00
2242.5564771692116,2408.950501210171,985.4424271899339,2006.1856553280413,2356.8649391026433,0.153846,30.18
1935.8246824898906,1841.1752846840939,3474.8964636929763,1842.5113913265357,905.5921778065051,0.179487,0.00
2448.9531107246116,1765.8797556573204,2977.2467807718735,1150.8302072519377,1657.0901455942546,0.205128,9.18
717.0472249736363,1413.1406332454087,2765.2199433553146,2964.316322171883,2140.2758762537583,0.230769,49.01
918.6503147697725,2814.707219341429,2237.197142364002,2443.339635658147,1586.1056878666495,0.256410,68.33
2590.792198002004,2057.0637880660265,1786.0764499772174,2455.434866129238,1110.6326978255113,0.282051,75.82
2503.995106268942,2084.257636022071,1658.2337995930864,2749.8710147367797,1003.6424433791202,0.307692,28.49
1888.9276179371213,2679.758357109918,467.63441175391404,2327.7648123566555,2635.91480084239,0.333333,69.29
2283.9705593535964,2949.896449248894,994.5298557491783,2295.331299852588,1476.271835795742,0.358974,80.28
1213.6907197153087,1610.6311936874451,3381.8624294122465,936.3543571588174,2857.4613000261834,0.384615,62.04
3783.810870319093,794.3870129054101,3108.7187931577487,1689.4513442926648,623.6319793250813,0.410256,34.98
1490.4396495432402,3294.580086956105,3343.798427262617,1330.8897365193266,540.2920997187103,0.435897,92.69
1860.9213027938188,2380.5856798591853,470.6011068166929,2424.054018047686,2863.8378924826166,0.461538,25.65
2500.2844695249623,2469.0577792919576,1207.783062898205,1633.9887602010167,2188.8859280838597,0.487179,83.00
1569.8387861684812,695.8271322389057,2923.511560693001,2310.7909191438953,2500.0316017557175,0.512821,71.95
2054.295826428971,2764.0509881738058,2006.5912045900675,2637.144487079565,537.9174937275907,0.538462,47.22
946.8357189796292,3562.0362707344248,2343.6057855083536,1563.3954933140499,1584.1267314635418,0.564103,42.79
1547.8839516590945,524.6895917775578,1586.3419612668586,3152.073333290399,3189.0111620060893,0.589744,104.26
2276.194469320677,3875.9447105884437,1898.8886038625915,1230.4294666554626,718.5427495728252,0.615385,87.03
1859.4679657794863,2409.4021319878348,3038.643434455221,720.7766093105168,1971.7098584669411,0.641026,58.51
2719.6331675024685,795.1000682377313,841.3015802165093,3190.8222059811246,2453.1429780621665,0.666667,60.20
2430.9089463472774,2407.4833637646216,2471.0163796709503,885.2958317000808,1805.2954785170707,0.692308,80.88
1729.3491915471052,1703.5304411042844,1997.2812063989454,2404.5857281591652,2165.253432790498,0.717949,82.06
3048.306453890804,1752.6726822602143,1755.504401465796,2340.13736738734,1103.379094995846,0.743590,56.92
1437.5793465720458,2244.312495819636,2575.258812928231,2135.505737106803,1607.3436075732825,0.769231,120.17
1756.3571120082077,3367.0096498873077,1232.7006113255825,1278.621167233849,2365.3114595450534,0.794872,139.45
1442.3440005585837,2045.855685765175,2073.777040932993,1674.9348934797956,2763.088379263454,0.820513,116.29
3659.6588147632788,1728.6304849687006,841.8706793683159,1362.5486533442554,2407.291367555449,0.846154,101.20
1418.466075287331,2519.256471433873,907.5298976169476,2558.8367288648956,2595.910826796952,0.871795,147.07
2603.767494691602,1022.5922095297128,1199.694659670491,4307.657660025531,866.2879760826631,0.897436,87.16
2380.7859326682756,2994.9407971947217,1328.994353134534,1666.4086945043593,1628.8702224981087,0.923077,95.44
1686.1942280537062,2089.476308017045,641.765206593025,3006.51848042678,2576.0457769094437,0.948718,125.79
1674.128924026832,3026.5591998763407,2402.914443328237,611.8142405009671,2284.583192267623,0.974359,138.77
1522.0938660366728,932.4557130375956,3814.8674484528506,1365.3557439651277,2365.2272285077524,1.000000,161.54
2422.3104734101994,920.8325858810322,2190.5158749443603,2515.382054786014,1950.9590109783956,0.000000,0.00
2503.445105031555,1601.9768864209932,1790.787700943964,3586.484841768961,517.3054658345266,0.025641,0.00
3208.4579220854835,1470.139712778499,2220.7705896147863,1040.760327701151,2059.871447820081,0.051282,0.00
1863.7647029771042,2533.218337615695,1684.511770013328,1378.2901952086302,2540.2149941852426,0.076923,34.93
2117.3173423981575,962.8564345598093,2551.2074730448257,2491.594569497957,1877.0241804992506,0.102564,0.00
1542.934878244694,3535.48988069093,1520.5891023446457,1926.1648898382073,1474.8212488815218,0.128205,16.73
2131.56669108468,1183.2878879702828,2572.939307347352,3099.989214326957,1012.2168992707283,0.153846,0.00
986.8782523086036,1091.367229566854,1788.2118316672768,2194.701095683656,3938.8415907736103,0.179487,36.17
2534.96791518487,1456.416592121427,621.184678603878,3237.710056035638,2149.720758054188,0.205128,39.71
3040.1179423289454,1298.3382388163827,2646.7325075690574,2111.219281800894,903.5920294847201,0.230769,8.59
1003.7253762755114,2476.4380930432553,1541.754985212704,2369.910472335147,2608.171073133381,0.256410,11.00
2791.074210418938,2535.1615622788545,585.2148594071778,467.12543736514493,3621.4239305298843,0.282051,32.67
2705.847373002356,1272.4783737476937,1232.3136127131345,3065.0889914633653,1724.271649073451,0.307692,6.02
479.57803617908786,2453.447991236301,1850.860018662567,3266.7510586897815,1949.3628952322629,0.333333,78.52
914.9768642911067,2288.2726858122096,3161.4563262974875,2388.3386327422218,1246.9554908569767,0.358974,24.91
3072.234265497051,2073.980956688961,2541.837103663674,1955.4920110124392,356.45566313787316,0.384615,77.08
634.9204266527852,1593.635660006687,3009.6287220332747,3019.2712172389283,1742.5439740683248,0.410256,17.53
1548.0031220101932,875.0817363685127,2686.653452388533,3187.575727518001,1702.6859617147613,0.435897,90.16
1060.0426491084027,1857.6333567555264,1667.335805480783,2696.6940115048324,2718.294177150456,0.461538,34.06
902.6237761142617,2143.9674601972574,1912.8758695048123,1684.3450657269807,3356.187828456688,0.487179,30.98
2167.015215515438,1650.7540731944619,760.9378256881815,2846.6626488240263,2574.6302367778926,0.512821,60.36
631.6594860262353,2237.0618463214846,1923.0457980967476,1897.2288966313322,3311.0039729242003,0.538462,86.91
725.1744104658819,1821.9979083564585,1069.098462754778,1470.028321688838,4913.700896734043,0.564103,74.31
2208.8030857465774,2362.225449235982,2256.9675416763935,1194.3030145780813,1977.7009087629658,0.589744,101.15
2105.7120594008916,1639.457419850551,2390.8208581442263,1889.934835778797,1974.0748268255327,0.615385,106.86
4475.122603443939,798.9673738583795,2274.7207792466393,896.9843213056595,1554.204922145383,0.641026,116.98
1914.7568003689296,2409.086107702321,1509.1326239343744,2456.428651360067,1710.595816634309,0.666667,110.74
1584.8361998849848,2621.1777702173677,1124.0768707415336,2237.617583432434,2432.2915757236783,0.692308,66.12
2515.5274250192233,1758.4604952685072,3463.010597956653,557.3589552990078,1705.6425264566105,0.717949,63.82
1137.388750963678,3912.4307558054293,1450.1831963612083,2672.790920643784,827.2063762259,0.743590,99.15
1990.8664167113093,2432.189763638596,1397.5772663412026,2555.578544873611,1623.7880084352812,0.769231,109.48
810.7351849680316,3116.760690087736,2321.7578761655354,3006.893987026158,743.8522617525384,0.794872,95.15
2633.1050309191355,1981.913425479713,532.9896125475983,2242.9956576769687,2608.9962733765838,0.820513,109.98
1639.8906606389842,2302.2543115855306,932.2752626968485,2086.8954759616595,3038.684289116977,0.846154,103.87
2095.676388090579,1242.804598463751,2435.6583014440134,2112.601798279675,2113.2589137219807,0.871795,137.72
2810.0016432708508,1163.4867603105506,3000.203080213823,563.3442857519103,2462.9642304528656,0.897436,81.39
2292.5709977182382,2429.420434992217,3430.5753860403915,987.3998456368605,860.0333356122919,0.923077,132.40
691.3988689036535,1154.2364802536495,2860.17655740783,2943.3539198413737,2350.8341735934937,0.948718,142.02
2305.320085883033,1407.736612993238,3233.0159421711155,1267.5297068703858,1786.397652082229,0.974359,121.39
2648.0772530374757,2175.416777118178,2324.3772447781903,1956.844050073669,895.284674992487,1.000000,100.52
990.3444821133096,4063.841391543628,684.6932621421724,3005.7844738067733,1255.3363903941174,0.000000,39.25
3937.8953189980693,574.5920469389503,3616.844230725245,836.3603034357915,1034.3080999019435,0.025641,0.00
2184.7767026759116,887.7403604584553,4306.018472616923,1478.2122798056862,1143.2521844430223,0.051282,0.00
3632.1520106031153,903.7266408796219,1041.7480008048483,1951.5460453167761,2470.8273023956376,0.076923,41.64
3196.4845969104585,2046.878166709883,851.8891411338576,1114.1919105112318,2790.5561847345684,0.102564,4.08
1890.0295181440015,526.5694684628103,2614.2738709813734,2057.2885972592185,2911.838545152598,0.128205,4.30
1901.2612018735406,1446.198146846112,2461.036311675514,2186.9911280137158,2004.5132115911179,0.153846,2.22
1147.8523748309933,1436.1060399729606,1934.28105628522,3447.2757770229355,2034.4847518878912,0.179487,25.91
1838.6975763036803,1876.2868482917193,1732.61291484635,2216.048262424093,2336.354398134159,0.205128,56.75
2587.23671104733,1381.609225201964,1771.1621804143838,1668.929579106817,2591.0623042295056,0.230769,44.72
1924.6921583666467,681.357881550869,2269.4676630171666,3704.0772909234533,1420.4050061418657,0.256410,34.19
1429.1345633291849,2331.6582688201465,2739.0009020886264,695.4050566709183,2804.801209091124,0.282051,8.02
2749.1436399605186,2629.452755370576,590.7280131325074,1142.4029869056649,2888.272604630734,0.307692,45.18
2056.80739471153,746.0133560949367,1690.9464567060406,3285.6399325575767,2220.592859929916,0.333333,41.62
2450.461775630266,1080.4910915660187,1471.530568474051,2580.917352390394,2416.599211939269,0.358974,69.55
1424.3582363056162,1056.66307604825,2710.2593970590233,4011.8331476946955,796.8861428924153,0.384615,22.66
2457.879656598553,4046.1833874324016,1011.7155684782614,1479.4290676200724,1004.7923198707115,0.410256,36.16
4599.792842487976,2598.587060224713,550.9687751705678,844.1109198183767,1406.5404022983678,0.435897,25.55
583.6667480143935,1962.8526618449662,3307.0586710063444,1485.5826952586183,2660.839223875679,0.461538,70.36
3673.922521011807,3291.446433601953,505.4156757624896,1807.99441608462,721.2209535391307,0.487179,53.77
1168.3781256794562,1782.3268183229068,2885.11978534327,2097.570824214948,2066.604446439419,0.512821,82.66
1783.297517373083,1692.7429695560886,3086.9721557784906,2000.151759233612,1436.8355980587246,0.538462,88.11
1614.7875136982616,2264.165175111864,1783.2567705463414,1152.9533152156318,3184.8372254279025,0.564103,96.01
2216.2373795934504,1857.7670778338377,3152.016436243572,702.3301971133592,2071.648909215782,0.589744,56.12
614.8058820716203,3103.6421242954834,3348.1203290735652,785.9101829020366,2147.5214816572948,0.615385,78.92
2789.1593802802277,546.7006501124686,751.3464109197223,3674.0042108087378,2238.789347878844,0.641026,85.47
1484.4242957896317,694.3138993869838,2374.250875318833,3010.552183771464,2436.4587457330854,0.666667,59.52
2338.5908789399296,377.28421358985975,2319.7841643857773,2629.397418315325,2334.94332476911,0.692308,69.21
720.981138207712,2870.1245176633047,514.4445000071454,3381.001597076824,2513.4482470450143,0.717949,69.52
2530.580074483562,540.9560075369891,3641.2735718725316,1533.5569625380115,1753.6333835689056,0.743590,100.17
2568.4552984461548,976.6817557399215,3055.1226628150266,380.0885055716967,3019.6517774271997,0.769231,86.27
1737.466662474837,2763.4070270227057,2296.099290835677,775.1822746396051,2427.8447450271756,0.794872,122.34
1995.5652864928013,2844.0973859170394,364.33001611818935,1849.6365939971383,2946.370717474832,0.820513,70.78
3204.4736626142517,2960.6910449373268,616.796621655384,500.50563038485996,2717.5330404081787,0.846154,130.96
2565.293453906052,2505.447312283848,1657.0579949822554,1565.9103797525372,1706.2908590753068,0.871795,70.25
2576.0139791976,803.0340808236692,1752.8881663456016,2629.4801493054233,2238.583624327707,0.897436,96.36
3314.402894788746,882.0375892677444,3131.153329541172,507.34377903830045,2165.062407364038,0.923077,129.23
2355.1269602036227,1927.0256741203953,986.135525665292,2820.190057895373,1911.521782115319,0.948718,129.95
1662.066123690791,3231.807694303184,936.2637880878386,2925.61352964728,1244.248864270906,0.974359,114.15
3355.4503484005254,1964.4036467650317,3215.3933548192294,413.52395307216887,1051.2286969430443,1.000000,128.56
1021.0452168462383,2952.2348340172157,875.5092591886458,2962.3362980540714,2188.874391893829,0.000000,25.89
1326.5218332703178,3119.7066729197095,1049.5948544302855,1967.3860698527171,2536.790569526969,0.025641,0.00
1892.7190208412521,2223.769269379711,1791.138999148622,2922.0883121988254,1170.2843984315903,0.051282,12.09
1945.2830502435372,2005.1679055335521,2337.3378337283802,1903.1803672574924,1809.030843237038,0.076923,14.47
2514.6121041923043,1041.184181218633,2063.1787610184656,2346.6648636531813,2034.3600899174146,0.102564,31.76
760.8708735468673,2389.805654120707,1458.0422250538616,3259.4975184205546,2131.783728858009,0.128205,4.75
2956.1183206205405,603.1366691432735,2608.0663846939287,1833.3658268808704,1999.3127986613868,0.153846,42.24
3194.79112024095,1624.4203957336445,1911.4363336448444,634.8824945328683,2634.4696558476935,0.179487,50.74
2330.0700495802603,2371.8676640781487,711.562428699335,3545.4857646635696,1041.014092978688,0.205128,20.61
2582.3238006355605,2229.232739709148,830.005492652976,2890.703305873001,1467.7346611293153,0.230769,55.79
574.0547415224379,3022.127352619344,1109.9323181583343,2265.855401447884,3028.0301862519996,0.256410,15.61
2468.7927881728074,2447.1282922850983,792.395789672672,1748.5685778166012,2543.1145520528216,0.282051,49.50
2317.164900951721,1503.9335588997144,2324.5922449133723,1496.3194383018968,2357.989856933294,0.307692,5.23
2933.901194932826,444.84148443305054,802.3661693309439,2977.106576077766,2841.784575225413,0.333333,66.71
1786.7663473897062,3150.483163826051,2697.040312515585,1627.617179748375,738.0929965202835,0.358974,75.21
1204.2069647596218,784.750490326967,3502.219489564905,628.2158525176391,3880.607202830868,0.384615,46.02
2780.727477096849,1494.6973653314662,1115.0743727417566,1899.7278478299354,2709.7729369999925,0.410256,72.45
1341.565908557953,1735.03751042563,2315.2448559883323,1812.098037305199,2796.053687722885,0.435897,19.37
728.6879513690378,1403.6841483232133,3242.7076282110465,1288.8310482637994,3336.0892238329034,0.461538,81.85
1764.1163846702448,1230.0045146752852,2399.0830046294254,3777.0522820502547,829.7438139747882,0.487179,85.10
3312.449326488446,454.9036762221678,2515.5998141541904,967.5883006296874,2749.4588825055084,0.512821,29.04
721.7537695543381,2115.7449326817273,4121.142954270718,1651.0072400739607,1390.3511034192559,0.538462,58.48
3377.095271566251,1167.0870169511861,2215.661338012352,2491.6034906808172,748.5528827893926,0.564103,74.90
886.1286566838792,640.1845333424571,3264.0165946929314,619.917204375853,4589.753010904879,0.589744,84.33
2171.9919619794337,1969.7195961012906,2430.9985290599257,1965.3642318102302,1461.9256810491208,0.615385,69.94
1780.0344003536513,3738.3509032198713,2501.439488412514,1176.7444541698167,803.4307538441452,0.641026,93.35
1455.137166355516,2030.9301340613788,2449.0924099425824,2055.9882531721396,2008.8520364683843,0.666667,115.52
2543.5193326573544,2053.7387951499177,2267.2107906895317,2496.636046966787,638.8950345364102,0.692308,107.30
2304.232710581111,2560.877215378933,437.5113295568023,2980.859798673676,1716.518945809477,0.717949,88.07
1572.7603363631592,2096.7745225370436,1850.133164721238,2141.0416355362977,2339.2903408422612,0.743590,69.70
1049.0216526358067,2474.421001719545,891.105809718313,589.9769606293431,4995.474575296993,0.769231,127.42
1831.6165567047894,1239.7681581546342,2342.8123531678357,1537.2462603177507,3048.55667165499,0.794872,92.04
1545.3772737580302,3095.143888741057,1778.4945237635575,2479.584873768395,1101.3994399689598,0.820513,68.50
2682.942355827439,1733.1871678483258,1178.4790052347107,3436.2165289167924,969.1749421727312,0.846154,116.23
1947.643289805894,1199.1819886122732,2289.680880224413,2008.7458799093056,2554.7479614481126,0.871795,108.57
2214.4325555597347,2368.105163744386,1967.0447262138493,1343.6613091142194,2106.756245367811,0.897436,120.49
2230.197221016983,2422.9286555418107,2330.510634500759,2373.8720868009577,642.4914021394892,0.923077,117.80
1472.874746779704,754.9155967605719,3227.6768803447962,1354.8583395551098,3189.674436559818,0.948718,121.31
1378.5739116529508,2144.23000373587,2496.4885941562006,2852.8840440658755,1127.8234463891038,0.974359,105.99
1890.6123969721182,2572.178741367422,2400.0068187856796,417.8998643279154,2719.3021785468645,1.000000,110.49
1798.1631474910996,2141.8194193779254,2006.1485061117235,1823.1602039058312,2230.708723113421,0.000000,0.00
3813.2684505281186,960.585442684576,2583.8263665270974,1542.0651404062746,1100.254599853933,0.025641,3.19
1678.9881779907855,1899.2506981361819,1961.7281337573713,2418.0476037180642,2041.9853863975973,0.051282,0.00
3041.839946909862,1050.6865880183973,2312.1309720738905,1840.83591635526,1754.5065766425898,0.076923,0.00
2085.5456381678678,2139.394934340682,2479.081130465556,2310.8953208314792,985.0829761944148,0.102564,17.88
798.1206333129505,2598.913451614402,1973.5538746893203,2361.86821699236,2267.543823390966,0.128205,32.87
2125.4944891817117,919.9669421411695,3079.200190080364,499.7195134903698,3375.618865106385,0.153846,12.22
2390.7768912766687,626.3567299627692,3337.9910654808778,1527.048019386153,2117.8272938935306,0.179487,17.07
3704.2990403598887,2515.2821244694587,809.9655489052985,1930.828912391141,1039.6243738742135,0.205128,48.47
2373.1757199779954,629.5907960018258,2699.1871581650184,1865.1660001155358,2432.880325739626,0.230769,0.00
1846.1856771468258,2439.4701620412297,583.0171068825034,2264.322774689269,2867.004279240172,0.256410,11.67
2101.129226549116,752.1303752955075,2399.5203810094094,2279.8598760415034,2467.360141104463,0.282051,65.42
2667.2243709346767,1766.8222695390446,2513.192910544616,591.3002806624106,2461.4601683192523,0.307692,61.64
2505.9809710866602,833.9642066461474,2470.837153450472,1737.999977045862,2451.2176917708566,0.333333,79.73
2120.1479198069164,2522.4611689646204,700.5244739969069,3764.485783419912,892.3806538116443,0.358974,33.51
2801.3097348161023,1443.4643585677752,3334.5185249514175,1410.8362156865903,1009.8711659781147,0.384615,83.28
3420.7077980616264,1023.943933608145,1702.8078673556588,1715.7482515979327,2136.792149376638,0.410256,62.06
2507.0582310906716,2346.2557314492765,576.5865231324939,2312.814521515578,2257.2849928119804,0.435897,78.32
1911.90232079848,2114.6216685991585,1433.3374377350685,2166.9031548923735,2373.235417974918,0.461538,96.42
2131.698011382373,619.0115202725877,3069.6627207067195,1092.1336835515115,3087.4940640868076,0.487179,74.45
1186.133029833385,2248.755479108482,2711.229141234222,1458.4762159125348,2395.4061339113746,0.512821,69.72
2135.2484078109583,468.66188738462205,2392.221661101796,2476.8229699745943,2527.0450737280294,0.538462,89.07
1558.4841500115058,2154.343665164607,1794.9692985661636,1414.9777559180868,3077.2251303396365,0.564103,55.25
2082.281118715193,2060.083622338819,2382.3132853998204,1406.57325401532,2068.7487195308495,0.589744,45.54
2185.628599629705,2114.1562969945353,1216.058571323776,2291.554738183809,2192.6017938681734,0.615385,100.57
1429.9376910986998,2511.3954090487728,1774.5339984418567,1390.8079727968563,2893.3249286138152,0.641026,105.67
1089.9335347948993,3334.5473370313516,2251.6957337073577,945.5371941988462,2378.2862002675456,0.666667,104.11
2824.4695421032407,718.067897043877,1606.692381440016,2787.4324551350105,2063.337724277855,0.692308,67.11
2402.864363698547,1168.452738635999,1383.8036689247056,1252.6033110358508,3792.275917704899,0.717949,71.31
881.0940162248509,1166.0564388256787,3426.573096836439,2568.993973250624,1957.282474862407,0.743590,92.71
1681.5028345600956,3035.024006437986,1405.1950250419698,1794.3715619085008,2083.9065720514486,0.769231,60.16
2008.887035678538,3230.8115367981663,1952.3264650123178,2038.424790079919,769.5501724310584,0.794872,88.25
2391.8788243157005,767.1039919145019,2201.704136392679,2451.0997219052974,2188.213325471822,0.820513,106.86
1328.3164878875639,1021.62189865859,2519.5062460620297,2752.644609322631,2377.9107580691852,0.846154,107.05
1645.679336117301,1246.2131351221856,3062.609480996619,1526.9539789810362,2518.5440687828564,0.871795,123.87
600.2817710726592,3345.2201150405363,2770.5457656199437,1523.477368168203,1760.4749800986574,0.897436,96.74
771.1799908558222,2626.522132103328,1983.5141650392359,1967.9249941760763,2650.858717825537,0.923077,115.48
2515.748993113203,2460.5365668123873,2205.190926489771,648.4750034675767,2170.048510117062,0.948718,147.69
1114.4136722978737,2481.944313918727,1321.8336557292735,3896.712953604073,1185.0954044500531,0.974359,96.88
843.3832698072074,2191.3686647979625,1967.47385131126,3283.8093962077824,1713.9648178757882,1.000000,86.14
1139.858405855432,2124.501928752064,968.671739695618,2895.307645299166,2871.6602803977194,0.000000,0.96
4259.721002680267,2798.8367652661204,1224.6649049785415,997.0652947991864,719.712032275883,0.025641,0.00
1255.6902496456642,1833.3590612764933,1771.5309379537425,784.5023017799153,4354.917449344186,0.051282,0.12
1377.3289012095465,3200.09070699741,1289.872382135639,1019.4279732662255,3113.2800363911792,0.076923,0.00
2353.332881231458,1567.4200216638772,3200.350834093701,754.028721748013,2124.867541262951,0.102564,15.87
953.2652268491555,2986.4082863740564,2413.5319773594974,710.9409943259002,2935.8535150913885,0.128205,0.00
3682.976123769102,1871.7070719801022,1400.9932856839807,1225.9078558981537,1818.4156626686622,0.153846,26.48
1732.4819133044002,2170.8573962100268,2537.3495929996625,2183.6911050939802,1375.6199923919303,0.179487,12.78
1483.8140625588546,1578.9921511476336,1129.5803137995067,3240.35824925905,2567.2552232349562,0.205128,16.96
979.3688627873672,3487.467246377987,1867.0648313400657,576.5943987330727,3089.504660761508,0.230769,71.85
2348.169222868142,1181.3565892508304,1942.445852025795,3669.2407556904386,858.7875801647949,0.256410,1.90
2448.3986057131606,1989.806452183113,3071.6473660400275,663.990398953038,1826.1571771106603,0.282051,76.95
2350.650573719818,2630.8896143552256,530.7044601625369,3127.0622798893883,1360.6930718730323,0.307692,40.49
883.8857691852696,2052.3142752417098,2683.4315786117963,3265.2726515732256,1115.095725387998,0.333333,59.80
1121.0435139574156,854.6270208288338,2822.7252282117493,2411.7189172915355,2789.885319710465,0.358974,31.86
2679.948201062197,1537.4444622465753,1479.6601991380835,3650.6515286499425,652.2956089032002,0.384615,71.78
2074.8912409969753,1788.507439766032,3020.6811376524815,418.26223435182413,2697.6579472326875,0.410256,34.80
1476.7825938165706,1818.1707329946291,2637.2756160031363,1638.843588054056,2428.9274691316077,0.435897,42.69
2383.43440961485,2028.6671933997625,1332.6595728775742,2749.555432337401,1505.6833917704123,0.461538,37.80
2448.563373992899,1545.3945832065644,2295.5663506778537,1984.7261666140487,1725.7495255086326,0.487179,65.43
1858.3709946502304,883.0181698133285,2907.1635456468653,1046.3600991466897,3305.087190742885,0.512821,84.62
1611.738782851603,738.7834102107861,1888.0448670194085,4168.706566196474,1592.7263737217286,0.538462,79.68
2693.7810566991725,2211.698979633001,746.1690554003762,3645.565557226219,702.7853510412328,0.564103,102.95
1129.9036903928263,3453.6338564795824,2066.740156946506,1798.2158967642547,1551.5063994168318,0.589744,102.78
908.6373693196351,2010.390067925615,1490.0045737643968,2822.3714523859094,2768.5965366044443,0.615385,75.92
2789.4282988312484,1002.3767908552137,2234.235763876377,2493.981607175549,1479.9775392616125,0.641026,70.40
400.9445676557909,3310.907063327977,1907.1644731418635,1900.571571635824,2480.4123242385454,0.666667,111.96
1228.0033287778067,506.61387033795154,2997.3079417478475,3012.152958551631,2255.921900584764,0.692308,127.46
2233.1392053905583,2675.4260451111386,616.5160031310894,2730.385832182692,1744.5329141845207,0.717949,59.27
755.5632028768943,1603.2586893107002,2754.5317065694985,2991.1130179057436,1895.5333833371642,0.743590,60.70
415.4818313746957,1749.6575378252383,2735.6551904994285,2484.6166670393995,2614.588773261239,0.769231,72.37
1801.4319410683295,1579.6820717740675,2378.0523458655634,1723.724479584593,2517.109161707446,0.794872,121.93
2618.6005038916255,1145.966286590631,2543.9241563851324,2630.660231626829,1060.848821505783,0.820513,133.62
1960.2631580467855,1493.1331635701401,2345.658398924822,2019.8743408504881,2181.0709386077624,0.846154,73.14
1598.3394594569183,1641.7472648320888,3404.724791890315,2723.6285105449347,631.5599732757433,0.871795,134.85
2411.2263732773617,1910.06016727271,466.2332707817172,3075.1416495657113,2137.3385391024995,0.897436,85.98
1420.8411134216758,2559.775011286896,625.3647912237467,4166.45507034868,1227.5640137190017,0.923077,106.68
2414.340317775309,850.7587071825146,2018.4418757345802,2561.606953075773,2154.852146231823,0.948718,144.91
1965.073147624963,1637.336313191888,1613.2804472211988,2791.575565235255,1992.7345267266953,0.974359,83.50
1978.99036332672,1005.693304737924,2785.7999065976524,3476.833811188941,752.6826141487618,1.000000,156.90
1413.7210503359115,2006.6852851020374,1240.8791084321817,2435.1799309573285,2903.53462517254,0.000000,26.99
1568.8696123889335,3714.683119266599,2862.945574496042,960.9702478427864,892.5314460056387,0.025641,0.00
2703.0020422511075,2124.6775110835993,1110.772340696397,1086.0870931206584,2975.4610128482377,0.051282,0.00
836.1917683041149,2701.720462590836,2800.338979165398,1658.8723282993467,2002.8764616403048,0.076923,46.94
1672.3199266320148,3655.1538655150903,1548.912667434997,785.8938843891286,2337.7196560287684,0.102564,22.88
1630.400862951534,2109.04357082813,2274.4098507207154,2252.1759333708624,1733.9697821287575,0.128205,19.03
2669.21702880257,3104.5799235477316,529.5845433400226,1079.7094976325625,2616.909006677112,0.153846,0.82
2497.054331801862,1347.752127043805,1052.4902618086087,2414.5315269355337,2688.1717524101914,0.179487,0.00
1242.6479857488953,3391.594225970933,941.8270402846397,1202.1294093338747,3221.801338661658,0.205128,56.03
2650.631198677285,2026.6204501702957,2007.3432237315837,1530.5358521141102,1784.8692753067255,0.230769,0.00
2878.8455450234624,2447.2947539064558,2821.093456355278,583.1267866340503,1269.6394580807532,0.256410,53.34
2360.7077939023893,1394.3326635211336,3112.5223717244853,887.6099221808913,2244.8272486711016,0.282051,28.54
551.0051175878433,827.0957126861368,3046.571832860564,1697.8932105103395,3877.434126355115,0.307692,52.07
2768.3853705457814,1296.3075976530602,2860.432658350703,819.6024104960952,2255.2719629543585,0.333333,51.69
2656.0565464351093,1936.8982185149907,1693.3132630941695,1546.3952945609612,2167.336677394769,0.358974,11.84
556.2975609752344,1659.8219009350787,2527.168719921411,3992.6824321488393,1264.0293860194352,0.384615,74.43
3845.2137467689113,473.3675824416845,2484.994500639511,2490.8092418039905,705.6149283459017,0.410256,63.81
3166.725793040163,1848.235881802514,1329.3220899889563,1536.9204510630477,2118.7957841053185,0.435897,56.16
3703.211151941232,1266.3888083230142,1278.635157462682,2837.4422360962694,914.3226461768019,0.461538,97.37
2571.981000996985,1516.6656955851145,3491.644637382647,1532.1348407423727,887.5738252928801,0.487179,61.39
4377.05323939151,1929.692693967903,1537.3164846372074,1426.518806719037,729.4187752843428,0.512821,79.65
1462.6053361117156,4071.8629238576295,1159.3400000219472,1034.8502051657294,2271.341534842977,0.538462,69.71
1561.528740952799,1973.1669575767994,2006.4332801365879,1773.386211979879,2685.4848093539335,0.564103,39.56
2435.2285378629335,1594.5579041077938,2450.861861941348,909.6035555656981,2609.7481405222284,0.589744,112.20
1662.3768994178947,3104.3714390431787,2178.4361313852028,2104.7939799041474,950.021550249576,0.615385,49.25
3199.92848659296,2509.357501451149,1511.491422292597,948.4778477462743,1830.74474191702,0.641026,47.13
851.6238913400172,1942.6178846548642,854.2796768728696,3290.2689086852506,3061.2096384469987,0.666667,65.65
1140.755502241129,2000.275738062948,2694.5552331543577,1780.21219071452,2384.2013358270456,0.692308,105.49
1702.689234942249,1507.9856532564852,2506.894276092634,2191.4191350399624,2091.0117006686687,0.717949,98.57
2758.417870567862,1389.5473075741902,1112.0273528848882,1299.2988718696545,3440.7085971034053,0.743590,112.12
2444.06760044068,1659.3732443041717,2441.815909878314,3051.0937724363966,403.6494729404374,0.769231,69.29
1504.3602676639143,3091.7081081180704,1356.4922865472422,775.7366867363065,3271.702650934466,0.794872,62.81
3003.5412245425837,1806.142197850778,899.4951361664465,2064.9234111996916,2225.8980302405007,0.820513,97.52
2070.5387417314932,1975.52182382422,2020.0805900765238,1810.9326631645392,2122.9261812032228,0.846154,109.96
2316.6626289656847,1807.0905370921887,1618.288623055638,2329.3797655085914,1928.5784453778963,0.871795,102.50
2140.2490733760947,568.2834670860105,1512.808207396763,3375.8627630394417,2402.796489101692,0.897436,73.26
962.9720091894485,553.0657698129583,3142.1657073012784,2392.547066304313,2949.249447392,0.923077,123.74
2581.8821298292028,725.8517481941516,1985.7227863675391,1178.6307688910167,3527.91256671809,0.948718,112.59
3315.042250982181,2845.9584754975617,788.5045847065135,2577.152626256862,473.34206255688304,0.974359,113.51
3310.2212022043436,1387.8131484847004,1525.5513389583648,2884.395394313105,892.0189160394866,1.000000,107.98
1340.0038543764542,1587.0652232055136,2062.2835806147023,2464.8415575333365,2545.8057842699923,0.000000,21.93
2803.15117156489,2695.6517544893945,2043.7792584158904,1387.798695918986,1069.61911961084,0.025641,0.00
2627.4301438055422,1640.5533623958165,719.0174836377782,2688.5616343461206,2324.4373758147426,0.051282,37.58
1493.435909704387,1244.8287038088804,2642.017590274765,2615.712300802091,2004.0054954098755,0.076923,14.46
1001.5266880114907,641.7563826404958,2500.4657676956745,3119.601212139005,2736.6499495133335,0.102564,49.12
1774.2440238989925,3058.4316724474043,816.0734311895136,3339.0773217772125,1012.1735506868772,0.128205,41.16
2295.3532251804195,1475.192261004172,1176.667557404577,2728.8855732900106,2323.9013831208213,0.153846,20.42
1281.265363655546,2755.9855494469425,3291.6184848654475,1819.9315989169672,851.1990031150976,0.179487,48.89
3540.4573131025827,1053.762140595678,1913.297037898447,1295.792539690419,2196.6909687128727,0.205128,26.58
3396.8697163614474,3580.3821923033684,1233.781506543749,899.2256161921929,889.7409685992436,0.230769,0.00
2241.0829471588763,668.6071887298959,3158.801421270275,2015.0406511767112,1916.467791664241,0.256410,12.62
846.7123906452634,682.6741521502936,5066.3940960864675,2418.0816297938736,986.1377313240998,0.282051,49.16
721.4027884225509,2550.024621298373,1768.7417354838735,1747.209878392705,3212.6209764024984,0.307692,80.08
2199.8468534638464,878.8876591896072,3626.9034432707854,2144.3870311691308,1149.9750129066308,0.333333,74.11
3568.5028127773876,556.4098298908928,1566.8661005527993,2559.772465615664,1748.4487911632557,0.358974,8.96
1882.7502150572504,1052.675598756036,1702.4563462312444,3173.909039896936,2188.208800058534,0.384615,13.54
1758.131009601167,2817.431907290313,2770.1477957321895,1219.4011443040984,1434.8881430722308,0.410256,86.98
2660.97443553972,2341.8678923487305,1812.9431268641656,2494.79679987557,689.4177453718148,0.435897,93.51
1232.566817487355,2779.68656101576,2020.8548243154312,1926.4942764537598,2040.3975207276942,0.461538,92.25
570.3414523427442,3830.227040658537,3071.1503285013155,934.900733885602,1593.3804446117997,0.487179,40.65
2382.6306016836074,2884.312342714975,3245.105584973396,509.09824538257425,978.8532252454476,0.512821,45.07
798.10314617883,2801.598351817047,2778.2904390622516,1584.214560820925,2037.7935021209476,0.538462,62.75
3031.8828070765376,615.6315059568494,1442.2227296975188,2220.6634193728078,2689.599537896286,0.564103,89.86
2373.409116259789,2735.22322610783,2918.603968434325,955.1284073318645,1017.6352818661924,0.589744,57.01
1607.5965835817892,964.3460081269764,2478.699208652809,1978.5586500099694,2970.799549628456,0.615385,51.38
1181.0548519400027,2633.0538343754392,2574.0561033524677,2581.7965806427255,1030.0386296893641,0.641026,73.89
2230.0598885819527,695.5957682859089,2151.8767456209803,2331.5347668106133,2590.932830700545,0.666667,120.67
2568.9252905511225,1460.607287213442,1685.462358004303,2393.9624414835766,1891.0426227475543,0.692308,102.33
424.3830535915791,1626.624185088848,2468.6397032554237,2394.2228592422043,3086.1301988219443,0.717949,94.05
1672.632513610582,2363.5232028236874,1994.0278097502471,1957.374707875269,2012.4417659402136,0.743590,108.47
2234.6994605022946,2355.961214059019,1582.2360947858901,2100.5755609222747,1726.527669730521,0.769231,117.95
2822.207694586312,2262.4988840144283,1977.9110392601021,364.8328526562579,2572.549529482899,0.794872,117.78
948.9891902744118,2387.5067316362656,1923.333401487306,2876.9618148907994,1863.208861711216,0.820513,141.01
2159.1654196956433,1887.1165197643031,2272.6568326917545,3170.655620796128,510.4056070521724,0.846154,143.42
885.2087946982452,1929.5833137246548,2247.8378181990024,2364.5423961228867,2572.827677255211,0.871795,107.29
2897.8769521621866,546.1266968024464,1700.648919398818,3702.9642061163627,1152.383225520188,0.897436,102.74
1268.0632167626707,2493.919311917566,1638.0885950802792,1951.9054884579778,2648.0233877815067,0.923077,148.48
1095.1635955695663,3693.5262202935855,2658.6612333812586,817.179893595395,1735.469057160195,0.948718,85.49
2140.4922711572167,1529.4439711210287,1631.7373481588672,2906.3317590055935,1791.994650557295,0.974359,117.86
1352.8822080572008,1472.4105408660203,1116.4213498942663,3681.2078442235484,2377.078056958965,1.000000,146.61
964.2229036798946,2208.2933477935367,532.798985809379,3555.330387333905,2739.3543753832855,0.000000,25.68
1251.9085028162972,3216.999355916179,1417.166301811577,2179.543446504396,1934.3823929515513,0.025641,25.57
2779.3703201784683,2641.242404561134,1122.6728289051284,1350.5315637305928,2106.1828826246765,0.051282,33.85
1654.9723463110124,1597.645210941314,3123.6540211594333,2993.5825546902647,630.1458668979765,0.076923,33.50
1000.9383747910947,2985.8451148252493,802.3390536462922,2117.1500933737198,3093.727363363644,0.102564,8.76
2473.6931051894635,510.59248852278256,2163.091862959539,1901.500811452098,2951.121731876117,0.128205,0.00
2623.584029428928,3458.628879217601,546.9090741452492,997.3443433407078,2373.5336738675155,0.153846,14.58
3285.9104646340697,1519.4668993700614,830.7754710918233,3311.0908938912116,1052.7562710128352,0.179487,35.70
2562.7910190476705,2646.787060170908,1956.7461524398848,2135.8823622969608,697.7934060445776,0.205128,53.27
2901.363742575572,604.9987099726548,2017.5317511666444,2663.9660176722414,1812.1397786128891,0.230769,0.00
3061.3271298067657,1482.0072887261213,834.3164370410583,2868.174322354425,1754.1748220716304,0.256410,53.31
1700.43245264468,1863.8112884577206,782.263357888151,1341.2127189386877,4312.280182070759,0.282051,39.89
1069.4938799801653,1352.5008402804872,3139.8384198678195,2677.3200190307753,1760.846840840753,0.307692,48.11
438.01556476603963,3201.0910095401637,394.86706781553266,2783.2137260685636,3182.8126318097015,0.333333,34.72
3955.3740979408885,1572.8455424281171,963.7647600029566,2279.196632469034,1228.818967159003,0.358974,54.26
516.066607451451,2121.1469194053166,2581.9996994685457,2234.986881388725,2545.7998922859606,0.384615,49.02
3355.2440317331516,759.9310529893506,797.0662733107305,1745.1223761429196,3342.636265823847,0.410256,77.31
2313.668589449883,2241.4186844072406,394.9652882899216,2655.6273148422556,2394.320123010699,0.435897,42.32
2676.8892276349375,2832.212799321859,1568.6449647940028,664.0886767133389,2258.1643315358597,0.461538,85.56
732.4269372516137,1914.1154420308594,1850.8653621171045,2803.3710493670096,2699.2212092334103,0.487179,74.52
2230.8239816837,415.91686615801245,2325.9730406940857,1321.9625903254303,3705.3235211387714,0.512821,31.72
618.4100619231011,726.9589775555144,2790.8631276399806,4000.5249773151227,1863.2428555662814,0.538462,64.08
765.4126817295113,1524.2988466084864,1440.4444384653975,1888.11039252834,4381.733640668263,0.564103,107.04
2246.24469789473,3017.026340217308,475.5726507796506,2839.5880252350703,1421.5682858732405,0.589744,49.39
1168.97278203555,2013.5630107926506,2798.565511184804,3504.0348978809784,514.8637981060168,0.615385,85.40
1846.8327820036443,1027.959095790487,3195.702165937714,2605.444146154584,1324.0618101135708,0.641026,89.85
1745.7762231399315,1319.7058765606148,2293.412189988641,2843.19378372806,1797.9119265827524,0.666667,45.50
1847.229308473587,2760.9792387920156,2349.316415502719,2080.4732493217352,962.001787909943,0.692308,52.73
2772.6214472806955,873.027160677528,2626.9425313037927,2672.043765213565,1055.3650955244186,0.717949,108.10
1500.4302721068548,3699.4644216360707,440.3729338169976,2338.0104295741185,2021.7219428659578,0.743590,65.18
2127.676519956464,2176.6959661427973,561.7428631057035,2205.2041246860576,2928.680526108979,0.769231,137.12
837.8391964554978,1117.0122735501673,3721.416987659837,2160.431777401797,2163.299764932701,0.794872,127.68
1920.2907601992358,1416.368236861882,431.6219307256768,3182.3327059301673,3049.3863662830377,0.820513,96.34
1729.4511518816364,3345.447875027938,2876.2143025004884,1124.1322074135414,924.7544631763967,0.846154,106.97
2868.5848501777705,1837.2398528934443,1353.4362024224836,906.0403380218748,3034.6987564844253,0.871795,80.53
1947.1981780461706,2266.377527706949,2502.6867750214765,2326.6062694585003,957.1312497669032,0.897436,102.91
439.23335772721595,2721.5280961807043,3177.42573273175,2344.626811903489,1317.1860014568406,0.923077,154.04
1112.6082477821112,1515.9063393908427,1080.9306555734854,3006.619651576463,3283.9351056770984,0.948718,103.45
3165.5176462801014,2619.526913303461,1619.9490893916766,1143.2504339701745,1451.755917054586,0.974359,122.47
2479.8332675224124,614.6598519461629,2042.1050879669751,1456.7419511449045,3406.659841419546,1.000000,108.44
3129.127298710745,1947.5301772208234,1363.983401736654,2606.083219367204,953.2759029645728,0.000000,41.47
2768.5458555427294,2177.1393775208126,482.2583676342372,2172.544519834802,2399.5118794674195,0.025641,7.06
2442.186054063357,2467.6462333960926,594.5527446455087,2829.308841356442,1666.3061265385995,0.051282,0.00
1798.617961219173,643.4766044297638,1918.3678930519854,3246.8481653212616,2392.689375977816,0.076923,37.85
3626.3606904734484,923.8352314886499,790.5121166854512,2649.437578907371,2009.854382445079,0.102564,41.89
3040.4186515155575,1307.212949542947,2121.4923351690177,2297.21472497171,1233.6613388007677,0.128205,50.10
3599.5230641818657,1048.8204086552569,2743.785332005416,666.2872671506783,1941.5839280067828,0.153846,0.00
2688.364504719458,2657.89431992153,987.3283187343022,1275.9998050148372,2390.413051609872,0.179487,0.38
2122.815551020303,3665.1625357923735,952.464795626112,2361.341390629797,898.2157269314131,0.205128,49.34
2148.837341637252,2519.916020229443,1083.5962590506495,2243.083249382411,2004.5671297002455,0.230769,71.49
1679.391314310036,815.5393082479401,2795.37659737856,2761.054551053844,1948.6382290096203,0.256410,29.52
2068.432316068897,2731.833696270516,881.1743589644498,1895.406610001306,2423.1530186948303,0.282051,14.43
1805.1132491274652,693.787645535512,4351.219479261296,2070.810172794952,1079.0694532807734,0.307692,80.86
2044.6501193145484,2565.3457237135012,1910.232554753443,995.3614817377893,2484.410120480718,0.333333,61.45
933.2120336733839,3020.048412329467,2985.614676228847,877.5405777137373,2183.5843000545633,0.358974,24.16
1578.3345437777807,3426.386117297974,2649.042458360463,831.2762246192734,1514.9606559445083,0.384615,78.70
1475.1923929595243,2600.9457757815658,2165.2062999512896,1383.3913611838896,2375.2641701237308,0.410256,21.18
2471.2094452613933,1595.5545404265165,2671.4253312510914,2474.0174123447123,787.7932707162861,0.435897,18.34
2502.0450346623047,1661.0600269010686,2207.0489807418726,3218.4807475738007,411.3652101209533,0.461538,27.76
1752.9641941319767,1250.2550552782106,2630.3946469929406,2317.5360849452104,2048.8500186516603,0.487179,42.93
1225.5688289773664,604.0071045497532,863.4647348343673,2912.2062243057067,4394.753107332806,0.512821,86.66
2795.833348696518,1245.3805696678683,1890.2068871583726,2752.7853285509755,1315.793865926264,0.538462,99.93
2820.3765047802403,4101.386814191698,994.6191216929165,1546.4896926739473,537.1278666611963,0.564103,36.25
1229.313125833727,2653.28073630423,1072.9582094679065,3025.5092078903954,2018.9387205037413,0.589744,54.27
4036.2172837572657,2431.5887030765953,1025.7072911861662,1176.9710547236655,1329.5156672563064,0.615385,44.54
2322.058036370211,1870.667211421736,1563.4504744650267,2631.243769005347,1612.5805087376807,0.641026,76.54
530.5643076567035,1501.8528658171522,3210.525662222684,2719.5649950493375,2037.4921692541222,0.666667,76.38
2343.31256422644,2131.4616067537395,2544.5891662124286,1172.2156920258672,1808.4209707815226,0.692308,103.92
4347.3489414286705,752.3667733479671,3035.3712269769158,781.5405387404575,1083.3725195059887,0.717949,130.81
1764.47140653191,778.6724041443061,2765.829858398884,2917.1181921284765,1773.9081387964227,0.743590,125.33
2620.729167993474,2163.267114244177,801.0404300895665,2619.567326778637,1795.3959608941461,0.769231,72.41
2010.7386674436193,1565.8577186261284,1386.289951714874,699.8911681362209,4337.222494079159,0.794872,96.38
2390.7864987775592,961.9985980232415,1584.829113303457,2283.694313929953,2778.69147596579,0.820513,126.20
987.2288846376819,2202.60059801086,1965.523163790016,2407.2758109244523,2437.371542636988,0.846154,108.74
1656.5355822564197,1407.4839695900296,1494.1081534492273,2894.560922786339,2547.3113719179846,0.871795,133.14
729.3010257164943,1806.1148372541586,2519.181844241738,2297.3808607544183,2648.0214320331916,0.897436,97.02
3232.6500129585747,872.4083991707236,2196.6062341192787,2119.1074522878716,1579.2279014635508,0.923077,148.27
1621.3600993583132,2249.8560717075625,3004.0706505464777,1129.1821339424037,1995.531044445243,0.948718,137.89
2091.839493685662,2298.4582331662386,609.3557494832677,2424.822816140861,2575.523707523971,0.974359,160.77
2297.203633085169,566.9657105961388,3001.3957854703103,1707.0686335885496,2427.366237259834,1.000000,157.29
2112.9233568394116,3920.5740666517813,638.3469999864221,1057.0131000361705,2271.142476486213,0.000000,0.00
1776.8700539459023,1116.8382641314747,1769.9843963648543,3154.756892347324,2181.5503932104443,0.025641,0.00
2487.614216398329,1076.8295830724094,1172.8675622570286,2808.9284906277426,2453.7601476444916,0.051282,0.00
2515.8229600923705,2836.6202207007577,1415.7490651116425,592.3600445742295,2639.447709520999,0.076923,0.00
3596.9503554114563,2119.7011136295596,1700.0737645919412,633.7879913385966,1949.4867750284475,0.102564,45.43
1623.316792900515,1619.65635798021,3135.6436320701814,2979.4537816023094,641.9294354467844,0.128205,30.18
1563.5800067151552,2896.062846436862,2780.1067409625275,619.5626673978863,2140.687738487567,0.153846,14.98
3373.609387015325,1808.9273568778103,2021.3585272540777,1253.775052114178,1542.329676738609,0.179487,54.84
2061.5087031655016,1074.0843520783556,1155.8705635838874,3033.829181040356,2674.707200131899,0.205128,15.36
1672.9621666225603,789.4140000877846,3147.6671981073127,2503.185695524467,1886.770939657876,0.230769,50.92
2737.4458666817104,4174.341533531644,599.4366270344426,720.333567408438,1768.4424053437658,0.256410,75.76
3334.145115403127,2028.0105077475234,952.8698249898596,595.6913117384439,3089.2832401210458,0.282051,68.52
1501.1658796979616,2743.4886923571644,2183.657358412072,1019.4722710757584,2552.2157984570435,0.307692,21.66
1982.7693059744188,3693.289637198602,2228.801541477677,862.161046946572,1232.9784684027316,0.333333,28.69
2137.2663300994013,1167.6534966138006,3652.418958305304,1144.6646663745994,1897.996548606895,0.358974,53.23
1240.222513612133,2735.1529554123836,1789.5879884733931,2430.8188526540093,1804.2176898480805,0.384615,49.50
2158.807299104075,2715.3635021118566,834.8841538785166,1969.4097568914265,2321.535288014124,0.410256,61.41
3430.062861941019,807.8898665806047,675.0150158907361,3185.1523350868497,1901.8799205007908,0.435897,24.49
883.3264029995541,2497.4923657949703,1570.4525473909796,2617.9870371000566,2430.741646714438,0.461538,22.16
619.5135679402082,2886.5482639670618,1804.9118579263045,1658.4045346450212,3030.6217755214047,0.487179,24.55
2615.6075513105206,2367.0659451100564,3139.4176919321476,1042.2405294713747,835.6682821759011,0.512821,55.44
900.589080742739,1730.5603988323826,3714.0861362588626,2250.45626860183,1404.3081155641862,0.538462,37.23
2249.8374070101404,2597.1237574991333,765.1354215209047,902.6220097385578,3485.281404231263,0.564103,59.61
1528.2673998657585,1935.9899764963554,1554.2675369347799,3610.5528100914426,1370.9222766116645,0.589744,38.08
981.8825853942922,2571.1850001540674,982.4046356147636,2266.7336185126414,3197.794160324235,0.615385,117.96
2709.994189981759,1378.44560015956,1654.0073450805905,1580.5637990715068,2676.9890657065844,0.641026,54.46
582.9451437059162,1794.9898953470738,2541.351977617305,2526.688576862915,2554.0244064667895,0.666667,50.98
1103.3577391439633,2455.951730039752,3170.4349190452917,1619.8801032269655,1650.3755085440264,0.692308,93.92
2281.2909295965405,660.313584996502,1214.1226876363858,3926.3366871112135,1917.9361106593594,0.717949,82.72
1977.9340734861405,1653.7616186690852,1171.0736432651452,3186.1421392704706,2011.088525309159,0.743590,68.96
499.5543071317687,1472.91515079825,2488.7481642604557,2752.3458112239523,2786.4365665855726,0.769231,67.94
1507.4292438024836,895.0689659428809,2865.922969416712,1177.7344146576374,3553.8444061802875,0.794872,60.83
1952.9225984337927,2728.9957873634953,3099.1623028606596,972.1214736136774,1246.7978377283744,0.820513,101.05
2236.597992854331,2683.9410267718413,2702.8254517662353,1069.3819582633043,1307.2535703442868,0.846154,91.47
3221.4952440837005,2394.984152852208,570.2507163999002,1322.4177146040824,2490.8521720601093,0.871795,112.81
1697.430807463452,1545.7287005414405,1512.6002139431791,1288.7549889763134,3955.485289075614,0.897436,74.28
2216.5372297722174,2418.7111593027557,2579.358747173458,2046.8394710641453,738.5533926874223,0.923077,153.31
2154.7321718817207,2169.5088146467924,1075.731927321999,2460.8646390379886,2139.1624471114983,0.948718,157.05
1657.7742928868972,2945.2687286653822,2135.406121936128,2434.6961505537465,826.8547059578467,0.974359,155.95
2577.157483613293,2556.4577216055636,1491.856012424919,1173.227822911042,2201.3009594451805,1.000000,147.69
2453.3202876204846,1685.8473658180737,1920.0881153134662,2950.235499756948,990.5087314910262,0.000000,31.07
3374.7260990799873,1417.8959141062455,1010.4400717566165,2164.9518224317835,2031.9860926253662,0.025641,0.00
2213.130318227623,3054.36469173585,2500.916205095554,1476.4991822190702,755.0896027219027,0.051282,0.00
1840.6438649617028,3095.251327618973,1690.2507265379982,829.2125583583507,2544.6415225229766,0.076923,33.04
752.3493828486868,2893.30858733855,1702.3700016492153,2010.9630561244612,2641.0089720390874,0.102564,2.95
997.9962795731915,1287.8525653495406,2952.5671618922956,2307.9541900426275,2453.629803142344,0.128205,16.46
1489.9589325088587,1235.700544406354,2341.144924280065,1418.956289475134,3514.239309329589,0.153846,31.16
2256.285481091706,1884.6278324331074,1166.7605292905987,3445.0835697262914,1247.242587458297,0.179487,46.58
2854.88079564331,762.8908004555767,1674.1367225810948,1750.472546268217,2957.6191350518006,0.205128,52.07
562.2872300234598,2024.2288257567002,1258.3067276641382,3235.8487642808523,2919.328452274849,0.230769,33.67
3064.7368485867537,1925.7414305718369,1489.30071676655,1317.7544071137497,2202.466596961109,0.256410,54.72
1891.069207095393,927.3913888406656,2656.9137117059927,2287.501624643184,2237.1240677147653,0.282051,30.84
2603.1816642053564,1046.7404530093572,1939.2557092949453,1705.5247010114522,2705.2974724788896,0.307692,65.14
2754.9371737519496,465.79279292215034,2147.121064357346,2003.0247220330014,2629.124246935553,0.333333,39.35
2682.02126913804,1768.9095972354885,958.4859528732742,3412.518272218966,1178.0649085342316,0.358974,47.27
914.67402496439,2816.675833538988,2029.673393299877,2740.8755400055566,1498.1012081911877,0.384615,71.27
1012.1323752112916,465.44236514967315,1344.3599730322728,3773.3178895209426,3404.747397085821,0.410256,62.54
1595.1240000119162,2675.232848629334,1814.309212702001,1355.6871717324675,2559.6467669242807,0.435897,21.64
1977.9585368958803,1556.8369182208194,2005.481562970078,2399.294124816653,2060.4288570965673,0.461538,26.31
1286.9190511915567,1877.738867631799,4004.4639815218015,2148.430747149206,682.4473525056358,0.487179,45.88
1334.2460658020088,1491.0129323948918,2693.957988558877,1892.3038351439072,2588.479178100316,0.512821,74.49
1192.3860493819616,2628.2131318945276,915.8812077459521,1977.3201867509774,3286.1994242265814,0.538462,40.30
1674.3884021785052,1676.4277875643627,2856.72260472624,2777.4533695021714,1015.0078360287209,0.564103,100.59
1917.3686995145295,369.4278557771817,2835.825656812742,1791.5120870815185,3085.8657008140285,0.589744,98.94
2231.4473007613274,3206.548974387033,1096.9994476220413,2603.107008359367,861.8972688702299,0.615385,117.91
2478.458408222994,2005.6263650806814,2272.0464006217912,1998.1731728280058,1245.6956532465279,0.641026,92.20
1710.8612514767492,1085.483161615849,1084.6087301966495,3648.7877251952855,2470.2591315154655,0.666667,79.65
2452.9981017963737,1510.8819403814482,2416.3159464506043,2633.62193022634,986.1820811452351,0.692308,126.74
1876.234256717861,2275.7053794768713,2188.341739611366,1713.3913966119055,1946.3272275819972,0.717949,94.65
3036.9398689159507,1796.9223425418281,2261.5604346315126,607.0870871781843,2297.490266732525,0.743590,79.36
2350.3782229294447,1387.6704221862476,2754.9487850448636,1760.8808518865205,1746.1217179529247,0.769231,127.79
1877.0815561052145,1230.2623761850305,2940.0426474433857,2960.4365207839082,992.1768994824619,0.794872,101.70
1470.1813093641258,1380.7762199658655,1114.4937637152832,3810.4330626580672,2224.1156442966576,0.820513,86.58
748.5543215191014,702.9090277182428,1077.042373687706,4417.043788151858,3054.450488923092,0.846154,70.90
2559.4604323784392,1964.1483961433707,2643.0066986233996,2027.8498125885676,805.5346602662224,0.871795,144.28
3083.9641276960224,1045.1265524089113,2099.079081133028,1571.7442507608828,2200.0859880011553,0.897436,115.45
1048.2913276440415,3392.136476428266,1650.013544655369,2581.4530819903703,1328.1055692819523,0.923077,151.48
2554.6664705855947,1073.4110851121002,3417.0504924777406,1119.1129184732845,1835.7590333512812,0.948718,128.09
935.9661697562512,2412.144091341591,2491.0546770633937,1805.0460906350656,2355.788971203698,0.974359,109.06
1826.044778003664,1941.178056449963,513.1060510238601,3398.1137759756825,2321.5573385468324,1.000000,123.06
1870.828059364348,3117.8551154876905,689.4288524299827,2120.0351883426383,2201.85278437534,0.000000,0.00
2664.5844470101056,422.7882757416062,2179.6551491158143,2434.257847229701,2298.7142809027723,0.025641,0.00
564.4476964631065,3089.2319453006066,3074.5249604216037,1604.9114114323556,1666.8839863823275,0.051282,34.38
1666.6461011233396,2563.3187421155167,3371.293309222042,1771.7867360075365,626.9551115315664,0.076923,50.17
899.4006652509706,1748.595951270911,1843.9643805221401,1837.4554156256984,3670.583587330279,0.102564,36.25
1462.58532440191,2504.3898226889132,3239.555856481244,1524.151744426063,1269.3172520018704,0.128205,0.00
2080.665911695606,2382.0414103848193,1800.6362819947162,2987.1230441338307,749.5333517910271,0.153846,0.00
2969.4380381195765,1921.9294286660775,2255.6817025679643,488.66655933685735,2364.284271309524,0.179487,34.14
2278.4144332173323,2263.4659013973283,2003.8991563939596,1890.1570096950604,1564.0634992963192,0.205128,62.54
686.2753808103155,2986.8188510938326,1986.5365824015917,2906.0909775242617,1434.2782081699984,0.230769,35.57
852.735361141327,2779.4868341198053,3095.9958977217493,694.8786171149602,2576.9032899021568,0.256410,32.24
1041.9122881695089,1731.3202174748,2283.678330505182,3149.730269917728,1793.358893932781,0.282051,76.93
529.2269966345252,3878.8527930258792,618.7280465348347,4301.3648629603895,671.827300844372,0.307692,75.13
804.3914772070116,2134.6519069634423,2826.373168706951,2059.21410686823,2175.369340254365,0.333333,37.73
1706.851479515143,1981.9844733412035,1995.1335676158149,2152.062790387926,2163.9676891399154,0.358974,32.43
1424.5554570230147,2451.3257455239864,2408.175246193924,2432.6319193166846,1283.3116319423912,0.384615,88.57
1296.6857085127658,2867.673956361239,371.60107775604166,2918.6369650437073,2545.402292326246,0.410256,21.11
3806.971997036788,577.8441398046967,1430.005588465734,3366.022325939798,819.1559487529829,0.435897,24.56
1711.1710282560384,2635.9956118289797,3296.4880169673734,668.1960486043693,1688.1492943432388,0.461538,80.37
2914.3730478568523,763.0713885908392,2578.711799660605,1903.5469851333644,1840.296778758339,0.487179,63.13
935.4639481752163,2077.48118008007,3034.505916871085,833.969287588275,3118.5796672853544,0.512821,44.00
952.7504071960623,3435.1834585493925,540.162999953905,3251.0329502992954,1820.8701840013441,0.538462,77.26
2939.933647259665,1757.6486221787504,1937.5862517006915,2297.184471690444,1067.6470071704493,0.564103,33.53
2017.835408251512,1197.2735885269424,2053.414569542961,2030.2194156692722,2701.257018009311,0.589744,95.45
3479.925169374156,762.9347041552373,2629.618257662347,1455.8578351835902,1671.6640336246703,0.615385,114.59
1612.224159520964,3464.0409609223284,3660.8606280082845,761.5018443728345,501.37240717558905,0.641026,77.68
761.5004406947975,2244.2785305539205,3381.755107725395,2306.636622691525,1305.829298334363,0.666667,117.90
1667.0953916948756,4054.0247071537565,1731.2791481751515,1786.966844436921,760.6339085392945,0.692308,102.21
697.1481430239971,2677.036822215102,2138.6933839265394,1259.2949810908135,3227.8266697435483,0.717949,130.08
882.1547863051596,2491.5233157144808,1997.091629123069,2336.934926793962,2292.29534206333,0.743590,94.75
1358.4544456102703,1556.834525245043,1650.1003820955414,1870.5075678951187,3564.103079154028,0.769231,83.64
3026.3616122469575,736.8854892196266,3696.2643546497916,1992.6181561372023,547.8703877464217,0.794872,101.44
2123.4575395020324,1938.7717941399528,2328.173795151562,1106.7217053731445,2502.875165833308,0.820513,95.29
2250.053073797735,2143.2222668459035,2632.532268699496,2434.4061987924083,539.7861918644593,0.846154,112.41
2532.998211535936,2831.783938944337,1403.545856652254,843.1344529986784,2388.5375398687956,0.871795,74.66
2441.6004279509243,1538.373063713838,1835.8174478103429,3165.8092516886186,1018.3998088362757,0.897436,123.03
2153.946497652326,2527.941584789809,1263.7685680462291,1723.9648315422826,2330.378517969354,0.923077,135.59
3102.475471907866,673.2500681364294,2571.57048971313,2441.876634674778,1210.8273355677954,0.948718,113.47
1790.1625247941527,1803.1286152199543,823.6561600433885,3187.9863108244167,2395.0663891180875,0.974359,128.72
675.6360590140009,2879.5333454078777,1140.0497865905752,1946.564636478561,3358.2161725089854,1.000000,120.24
2506.1788816979715,1506.1145172814106,1497.8802689961528,2259.146338028798,2230.6799939956654,0.000000,0.00
1920.6004386428108,626.1881734450573,3383.417184745479,887.0721716514603,3182.7220315151912,0.025641,33.07
2126.7431147971593,2748.5530297438277,1915.295221506411,966.9035105819518,2242.5051233706495,0.051282,15.76
3527.3254882873584,743.1077713601933,921.6472520809435,3448.026004385591,1359.893483885914,0.076923,35.39
3105.215601459634,3102.5472154814843,448.97801114742316,2563.7080007732925,779.5511711381652,0.102564,16.99
2682.666964589897,2727.5108741981667,1517.0179212795615,2143.8824829704736,928.9217569619017,0.128205,0.00
2399.0185196087737,2000.7159197404017,1606.1135342286304,1836.7415737034753,2157.41045271872,0.153846,0.00
2159.052037582868,2021.8275687233793,2518.1841570039414,2185.562912141507,1115.3733245483054,0.179487,63.66
2192.19485937564,1346.9243415418703,2798.765886504195,1052.0014198013366,2610.113492776959,0.205128,40.45
2393.9108121900617,1762.5079417154277,2147.8814935069377,1807.6980043806725,1888.0017482068993,0.230769,53.78
736.9402792142693,2763.2857549819573,1614.688027721822,3905.6513854196905,979.4345526622598,0.256410,13.64
1218.8514524058774,1165.9668361674173,2593.5735197318195,3012.83164910464,2008.776542590247,0.282051,33.39
1704.49149263324,1993.25351360675,1953.082796503425,1665.097997176408,2684.0742000801774,0.307692,32.34
2965.497687987536,691.2215599568323,1156.1219787911048,794.8193760599212,4392.339397204605,0.333333,72.21
3103.511154072676,2398.3706662170207,1807.6689814460574,476.254941130467,2214.1942571337777,0.358974,25.12
2325.128645763327,1305.8729594222698,1724.795795841926,3021.5381236770672,1622.6644752954085,0.384615,68.13
2865.472765059758,1540.606097702112,2252.105597209508,1443.814911260088,1898.000628768535,0.410256,33.34
1200.5137644913186,1908.0600160253011,2313.643867515355,2375.8390982780875,2201.943253689938,0.435897,39.71
3419.6429761153627,642.4134472597249,1310.7750619978187,3994.7924778540714,632.3760367730209,0.461538,47.61
1806.4172179852728,2743.101963624129,920.4051893658013,830.2063867889766,3699.869242235821,0.487179,78.02
1967.9275009715461,2866.7729383510273,1515.079221050229,1657.8222370408344,1992.3981025863625,0.512821,78.23
936.1069665659861,2061.710116867903,2852.5423574807555,687.8928222853458,3461.747736800011,0.538462,71.96
1321.7358284689208,2610.911218410738,2451.7531840847487,1504.2402607985066,2111.3595082370844,0.564103,35.34
1398.0658064741576,3125.5574568088673,1903.5897335848347,590.9575302156139,2981.8294729165273,0.589744,41.44
1608.9213260799374,1787.9857171986903,3205.8448257395594,2703.2296699467133,694.0184610351,0.615385,105.61
669.4814926422132,981.7002962714264,2001.40029682073,3717.3879790349624,2630.0299352306665,0.641026,98.82
2620.8514116586452,2191.360338740433,1674.5870572263664,1554.887378142303,1958.3138142322523,0.666667,45.58
1176.8805164256846,721.0586112396511,2899.3870851530264,1377.461970093657,3825.2118170879817,0.692308,105.73
3452.4670247184044,1278.4522563927196,2694.71195587508,933.934546630225,1640.4342163835713,0.717949,52.84
1333.0320741902567,3658.7750592051175,1014.8243006346893,1589.8799050783425,2403.488660891593,0.743590,101.25
1110.5812753086293,2334.4433167347943,2956.7371259748656,409.6203098120975,3188.6179721696126,0.769231,61.88
2705.920283515614,2866.4397112686447,1125.7513950615623,1930.2008299375375,1371.687780216641,0.794872,89.62
2596.5451363488082,2928.917251229874,1293.2648713606943,471.1341153306499,2710.138625729973,0.820513,97.31
1720.486939587721,2195.020121058999,1828.5883689067266,1501.8092149491288,2754.095355497424,0.846154,99.32
3646.2663111301113,1898.373883019998,550.7756903061725,3177.924960936078,726.6591546076403,0.871795,74.52
1044.500115838516,1407.5575337730477,3338.7230226449065,3151.7023661848966,1057.5169615586335,0.897436,142.25
2174.0315445635047,859.766627029698,810.958513983534,5196.990866629299,958.2524477939645,0.923077,122.63
946.8767777557738,674.9089658274482,2651.038802682545,2797.137023794846,2930.038429939388,0.948718,150.17
1071.2219158502044,1736.8815280431334,2799.4109706075837,2868.1195288496274,1524.366056649452,0.974359,151.04
3707.5636882480353,1344.9561242521706,1885.5408679273808,1985.0198212767875,1076.9194982956242,1.000000,112.58
2144.5588929656587,2213.4394202751514,2075.9666620577664,2495.718573028563,1070.3164516728605,0.000000,0.00
2317.2511800223397,2239.324614953055,1379.3094945738003,905.870232398585,3158.24447805222,0.025641,12.23
1246.8411967000893,2571.5398092794057,3106.643668284935,989.6522141084577,2085.3231116271104,0.051282,50.46
1326.5672555366016,2628.0944053939625,1791.3775491549225,2202.075031177846,2051.885758736667,0.076923,4.44
1130.8894786447584,1440.4603386691192,1740.8200083176916,4673.963847204636,1013.8663271637963,0.102564,0.00
1602.1634951059289,2632.240136278714,376.08741684009544,2663.477340225295,2726.0316115499672,0.128205,7.44
2845.6176930758465,1247.3798929120203,1720.1962292222067,3476.844589123567,709.961595666359,0.153846,56.71
1693.7417984915835,2156.8326347889197,3808.846451056332,1259.5628388779676,1081.0162767851953,0.179487,66.01
1527.0926239662251,3202.2314512869716,3573.8959216926264,939.1706035970864,757.6093994570899,0.205128,68.20
2018.340083285962,557.3735851219377,2625.574015355821,2287.807789921794,2510.904526314487,0.230769,30.96
2844.4399333878932,2648.0122819570597,735.6794947155081,3217.7958102944153,554.0724796451242,0.256410,52.17
1891.7702511111227,3146.256939606954,611.7421721640624,3115.573377829308,1234.6572592885552,0.282051,68.79
3399.551353626879,1054.5620155723295,1388.1188182106873,1731.8595864137953,2425.9082261763087,0.307692,64.23
992.2037620503563,1337.4067076423194,1232.1778278735324,1545.2188557485504,4892.992846685242,0.333333,20.08
2366.4256029202356,2448.710885997352,2300.8895442823546,486.1163640709007,2397.857602729157,0.358974,29.52
1219.7867314934426,2650.069630735823,1334.7643455930263,1660.1811598119446,3135.198132365763,0.384615,23.97
2790.8720813047885,2754.134423047223,2717.3240988489383,960.1689579415328,777.5004388575161,0.410256,71.69
2846.771623746176,1028.9777969589816,2869.546856578109,650.2602777227146,2604.4434449940186,0.435897,20.35
1300.0130230042869,3348.0979428673177,2576.634421322995,2364.503546345719,410.7510664596817,0.461538,32.46
2236.517556255624,1056.8614671247456,2137.181104570201,2432.1531278026578,2137.286744246771,0.487179,102.61
1654.641816482517,1502.1196011694958,1511.241778848425,3035.6948768303305,2296.3019266692313,0.512821,80.50
2416.41135695909,2084.194946766432,2394.828023912522,886.0673988151959,2218.4982735467593,0.538462,73.43
1243.2159661642984,2282.364163016812,1691.8148294991172,2343.9262817242097,2438.678759595563,0.564103,53.94
2052.947999326695,3450.229324235529,2442.2185080538,639.5049458401821,1415.0992225437935,0.589744,64.12
1273.0272078105158,1910.947662030436,1872.619931384886,1529.003616318154,3414.401582456009,0.615385,113.04
2740.295422905417,3002.0069143097026,2769.8047084183113,727.8683911955045,760.0245631710624,0.641026,111.16
2761.0693982411453,630.0784685090211,2080.742825716852,2294.6675894505925,2233.4417180823893,0.666667,106.48
856.4296261207481,1029.3220671647719,633.7754623116216,3530.1193990658426,3950.3534453370153,0.692308,65.20
2531.832003175453,655.8380278156801,972.273867745851,3788.8819391643333,2051.1741620986827,0.717949,86.05
3442.6624338031406,3175.6438930162817,679.2855764047312,454.6400295286238,2247.768067247221,0.743590,127.44
2359.790441695807,1243.8319514409782,2414.3340986714575,1695.2974062076307,2286.746101984128,0.769231,114.57
3992.2026943427713,670.2556762884498,682.1096740642847,2505.559993825719,2149.8719614787733,0.794872,140.20
1754.804577748254,2423.154089664114,2570.8036664310393,801.3292755318498,2449.9083906247442,0.820513,103.89
2561.7572177404313,1984.0532802825248,3343.173373463074,1128.237827468224,982.778301045746,0.846154,74.68
2295.13547078371,1543.539610917128,1982.3698472595947,1885.8199675728804,2293.135103466686,0.871795,104.14
1707.3871828807135,1257.0204922104897,2979.297510100268,1239.7820529288822,2816.5127618796464,0.897436,74.51
2218.185840741594,1555.7404208866265,1645.0661943733003,2174.354743735718,2406.652800262762,0.923077,113.22
865.9129076910097,3215.4407634063105,2516.319387502288,2271.0768363389147,1131.2501050614774,0.948718,130.52
2177.682943636068,1521.696448356886,2151.811833647608,1945.8049542505735,2203.003820108863,0.974359,141.77
1077.5147190616567,1969.3267184730416,3599.8929773587847,1152.2920763540494,2200.9735087524673,1.000000,106.14
842.1286887809366,971.2820517873415,1015.713458597892,5464.535827425405,1706.339973408424,0.000000,0.00
1268.6998731125561,2143.643169868232,1460.1988863168663,2615.688742364374,2511.7693283379713,0.025641,0.00
3897.4845525577925,661.5047131281675,1238.5175553468212,655.7653614191624,3546.7278175480556,0.051282,8.71
2499.689233490343,3109.7399061423757,1041.996001706228,1973.3198463867511,1375.2550122743028,0.076923,0.00
2011.2474769944095,667.5566838427801,1571.7126316626354,2262.1397291326984,3487.3434783674757,0.102564,13.98
2223.275085583025,2048.348240614217,569.4938590428827,2793.070548412331,2365.812266347544,0.128205,20.43
1898.7143608803467,799.6816850279007,2557.2268886119386,1424.892877661496,3319.4841878183183,0.153846,29.19
3322.9989293066747,1282.3310728865567,1796.7777072077038,2910.7713452243584,687.1209453747067,0.179487,62.39
2233.012725455111,2966.1363692456434,342.0383277466608,2014.8942426267404,2443.918334925844,0.205128,49.06
1814.5227117636957,2279.3711022488314,1939.8526033941432,2270.4680677537754,1695.7855148395558,0.230769,5.58
688.7211973548959,1723.953590675704,3473.6163014117824,3182.214929911986,931.493980645632,0.256410,60.45
2313.684962451062,2600.8893537150816,3115.638242528289,1439.0801591577476,530.7072821478208,0.282051,47.37
2839.310444767057,3126.272865291904,2290.405971760308,1360.0534669375259,383.9572512432043,0.307692,20.95
1875.9684710042077,2796.4214727053454,1527.397881107882,2442.2813722265364,1357.9308029560284,0.333333,26.43
3128.215571951639,1203.4009791098956,1276.5482197968097,2830.762774096061,1561.0724550455948,0.358974,39.16
1567.0176452158778,660.3167914211863,3670.4714407619153,2885.915588991583,1216.2785336094387,0.384615,15.46
4066.9198491911707,1110.5855714741047,1578.198836885062,1709.3331485647295,1534.9625938849329,0.410256,77.18
2792.175781401348,875.6272472329932,1349.5132769851862,3210.900060695667,1771.783633684805,0.435897,42.36
2187.507797957315,1804.4636813997827,4315.787621167309,745.7550249931325,946.485874482461,0.461538,85.05
2395.1738990176154,2458.2003579502784,1775.2375839396018,2832.138777844367,539.2493812481363,0.487179,70.02
1957.2056239552005,2274.158316574644,1220.4310487194048,2167.273260766221,2380.93174998453,0.512821,44.73
1842.4949909064042,2263.045708929139,2517.872023346601,1757.7586681055086,1618.8286087123467,0.538462,88.21
2356.921412096355,550.7945470275127,3076.553721031144,1259.060252519151,2756.670067325836,0.564103,68.86
4177.897580885866,1259.9599505118388,1182.302220105048,1117.560278692067,2262.2799698051804,0.589744,84.15
3061.6601816245293,1431.5660434925178,3317.484503710942,1464.0435817264668,725.2456894455432,0.615385,90.55
3553.6486214824063,2379.5382873902618,2174.1721497558224,1125.6980587253609,766.9428826461492,0.641026,106.64
1167.707038060576,1560.5106483894433,1469.259805718777,4959.325324846916,843.1971829842885,0.666667,63.63
1065.3564446050602,2334.441116262456,1013.7289348494719,3267.9748413793486,2318.4986629036625,0.692308,79.53
2507.7880244662183,1231.4010186594087,1481.6685959724555,3248.611785304787,1530.5305755971297,0.717949,109.20
2550.4450101570997,1295.1472262778211,2996.0420246307704,1037.6274864534928,2120.7382524808163,0.743590,77.68
1034.4902137065437,2002.5473424645209,707.760895703778,3741.0592390986258,2514.142309026532,0.769231,124.89
1084.2638837495685,979.9122890655564,2121.7895866947792,3537.9399895599113,2276.0942509301844,0.794872,76.85
1604.3875462015187,2126.9772458316547,4573.6021690272055,729.9369128369689,965.0961261026521,0.820513,74.70
773.4404809243664,1827.2383852822036,2785.5838657804097,1296.5910241865079,3317.146243826514,0.846154,131.08
2807.3949435159557,1843.9362406219957,1124.3730946401663,3074.1740818217463,1150.1216394001358,0.871795,132.47
1289.9711509941376,2410.4316521884266,2818.8746973604193,1365.429225586523,2115.293273870495,0.897436,135.90
1339.7153879120658,3970.3617846545417,716.7113867163671,2186.2007682719745,1787.010672445052,0.923077,92.84
2925.1575801140816,1384.9270709185375,2594.6918670752634,691.2384489179293,2403.985032974187,0.948718,111.45
951.8385410216986,3829.1630175208797,1819.8112024100521,2027.3535136290093,1371.8337254183607,0.974359,144.11
1755.723605757063,3087.0307707876773,1608.4626757509989,2598.9750391184475,949.8079085858135,1.000000,97.13
2987.9382595641932,2945.397988461847,1538.2022918149785,1736.9772291313195,791.4842310276615,0.000000,42.29
805.7520652144938,2807.1648799287286,1034.6125486199194,4260.148752233412,1092.321754003446,0.025641,28.69
2522.792773412656,3417.12672186351,2830.574180158489,766.0974519047111,463.4088726606343,0.051282,3.39
1824.902616405782,1939.617816679054,1349.3641710003617,2525.9835147224358,2360.1318811923657,0.076923,0.00
713.0201812555274,1232.2692045290717,3747.936089664932,1675.232556850657,2631.541967699811,0.102564,5.69
1397.955897430156,1405.558511111603,3316.570587266103,2184.505893597702,1695.4091105944367,0.128205,10.47
2170.1729041428384,1090.3163287191776,2714.636430862519,1740.9752948335788,2283.8990414418863,0.153846,8.36
2704.2517374521376,1759.330972399345,1730.1043847326994,1350.5988224510227,2455.714082964796,0.179487,40.67
2462.6540631283056,1493.9426959212155,1690.815552861085,2036.2533591470374,2316.334328942356,0.205128,37.66
930.5274015585416,2503.900643406847,1949.2332640382667,2714.186229993867,1902.1524610024776,0.230769,39.90
1806.2718367802765,2929.3862424613176,2317.912959436426,2171.9076305007416,774.5213308212379,0.256410,58.29
742.1748846795853,2427.8326154065553,2196.6666867537733,2263.377181313896,2369.9486318461895,0.282051,15.31
1544.2178419850702,2076.3209443047162,2053.5725851094726,2295.587744934432,2030.3008836663098,0.307692,50.92
1589.4059198458713,2804.5897327031435,2029.8256115819129,1171.1193926662377,2405.0593432028363,0.333333,28.18
2303.954144743035,2144.2434241571555,1306.2097262577859,1753.5171677533654,2492.0755370886586,0.358974,24.39
1169.4979837997946,2390.7036575539696,3078.294091133772,2909.398766745777,452.1055007666866,0.384615,16.29
3946.291553706258,1769.591467987017,2830.429333128209,631.5103467865612,822.1772983919547,0.410256,21.52
2685.820362511253,755.0826897469611,568.4341749663284,3123.8311705983497,2866.8316021771075,0.435897,49.84
2656.9055909683693,1339.5589649110661,3135.4077076781796,1096.9971016887723,1771.1306347536117,0.461538,27.51
1027.6687141969646,1466.381719897153,2940.258332559487,2572.8067396083075,1992.8844937380882,0.487179,44.14
626.1932903478995,2399.4796591464565,2652.11852927099,2263.5566454158006,2058.651875818855,0.512821,54.74
1580.8549213913705,2020.897208087517,587.6135804571676,3107.3078109961807,2703.3264790677654,0.538462,99.65
767.6058140357643,3279.9064719601206,684.6481714253769,2178.106040889808,3089.73350168893,0.564103,63.87
1925.1937851424996,1763.8146071448323,861.599880155483,1907.1173055743202,3542.2744219828655,0.589744,76.39
4082.4916514256006,1306.542358570998,2390.162856577096,1689.9284901021122,530.8746433241945,0.615385,105.40
2858.921503670846,1231.6315182608405,2809.153900483819,1285.492222399981,1814.8008551845123,0.641026,56.20
2481.8742180815443,2308.045372507006,1688.977369016199,2567.425029262872,953.6780111323802,0.666667,113.80
2766.9566402227156,2588.289296828128,369.89075347822245,2048.4747559693915,2226.3885535015447,0.692308,124.12
1655.3877847722347,1634.357242012349,3011.7271923659837,1059.1787271701437,2639.3490536792897,0.717949,53.56
2025.78805836932,1098.0365162329615,1816.352957633816,2728.5369489711316,2331.28551879277,0.743590,72.87
2466.2650916460425,715.1428863251325,2316.99613733267,2555.0617789698754,1946.5341057262804,0.769231,122.62
2792.888659593939,2643.60885548936,2190.3992546911995,726.2666892787124,1646.8365409467892,0.794872,109.29
3174.4958359499947,917.6115564015416,856.0992346076072,3222.043313939006,1829.7500591018495,0.820513,79.99
1083.091116171998,1314.762183690216,1192.993814650353,2330.7157354386213,4078.4371500488123,0.846154,104.99
1297.314566770248,2419.007062704978,1783.140123182143,2603.266755749025,1897.2714915936067,0.871795,118.20
1434.0605807970858,2309.894064724131,2547.0569033087772,2486.2156458897866,1222.7728052802192,0.897436,133.43
608.7094886917051,3408.391424879669,2559.7899686846463,1068.021195559722,2355.087922184258,0.923077,102.71
2335.2931942800155,2067.668381651161,2466.4133094326967,1720.4755405575595,1410.1495740785665,0.948718,140.29
1559.7597406774175,4400.725368001604,1890.3955904665145,1556.6810126956784,592.4382881587863,0.974359,152.60
2170.0439197456085,935.2898305022796,2185.8977413358225,563.2982002080541,4145.470308208235,1.000000,98.62
1452.5402107127718,2624.494830070537,1787.810993382159,3128.1187763792414,1007.0351894552898,0.000000,0.00
2908.8223617562194,1111.5127432609381,2539.2026330316908,2769.460704751719,671.0015571994321,0.025641,0.00
2334.6479615570006,712.0369218435432,2625.2788608648484,3033.5400902203537,1294.4961655142533,0.051282,30.38
2306.5990319931157,2458.368796845204,2659.8190426069245,953.4494889854731,1621.7636395692832,0.076923,13.73
1783.4049772526273,1942.3312713589228,2561.499557507523,2126.981473956593,1585.7827199243334,0.102564,34.18
572.3751160282086,2259.914515496564,739.6226868372951,3122.3326377876183,3305.7550438503154,0.128205,56.01
2660.2143097160597,709.2240735899641,2466.210006882971,2341.796552832048,1822.555056978957,0.153846,0.00
1631.9590071527143,2331.8174804389405,2088.8603647818145,2008.4736354163736,1938.889512210156,0.179487,57.60
2998.716832300928,2440.1615821424352,3120.2157032226824,757.6368969643698,683.2689853695831,0.205128,0.00
1625.0692756198796,2170.1504220333136,971.9019001934455,2881.7265350490657,2351.1518671042936,0.230769,21.68
1851.624005353327,4499.258882151036,675.1602699338036,1589.9502333430833,1384.0066092187496,0.256410,62.51
2017.7397727551568,2185.376135057339,1285.5181678792312,2928.1197177518097,1583.2462065564628,0.282051,52.66
1282.437379591972,3051.5004767677483,2060.766302683628,2374.9546789743004,1230.3411619823519,0.307692,45.94
2158.415839794894,1647.767486484546,2845.288034979808,1555.7689811357,1792.7596576050514,0.333333,19.90
4085.9457284367118,794.6377157471604,1733.8459249260968,1277.92812428208,2107.6425066079523,0.358974,28.90
636.8021884996184,556.0434875807573,2148.006893631901,3611.318215041678,3047.829215246045,0.384615,13.80
1434.3520477100653,2076.012603875941,1270.5572344967147,2817.453383816045,2401.6247301012354,0.410256,39.03
3264.8875291050513,856.0029361473855,1172.675372747875,3042.362205278397,1664.0719567212905,0.435897,35.27
2025.890568121153,420.7508181818269,2399.3287079454362,2827.6095462841217,2326.4203594674614,0.461538,100.37
2368.3822373641883,1410.1139495548123,3099.165346298675,1417.2971721899426,1705.0412945923829,0.487179,75.79
2245.731726684334,2635.18140100385,422.2898912201895,2175.072911417557,2521.724069674069,0.512821,40.06
2968.2894776079343,1251.3820360344705,3316.1810771053806,2047.7014117586739,416.4459974935417,0.538462,96.14
2712.1492164002375,2615.2994600280226,1533.215126490062,1680.615551656934,1458.7206454247455,0.564103,109.59
571.2017071021357,1781.6005779355794,2844.411701638093,2050.072790541855,2752.713222782337,0.589744,44.10
2370.2017553833493,2582.837146517323,2123.755155872231,2448.3983404740707,474.8076017530255,0.615385,89.32
1816.9788168691607,2072.5727699606327,970.095569243276,3014.397720259468,2125.9551236674633,0.641026,105.10
3782.900751802363,1798.550359763817,887.106723585868,2476.4016372298897,1055.0405276180622,0.666667,117.09
3433.2583899206684,2163.97125544116,2557.7601998092996,533.2291483594328,1311.7810064694395,0.692308,49.09
373.9510441497904,3078.1826716292867,2554.8888830113415,3285.676378426783,707.301022782798,0.717949,73.65
631.2199346461506,1925.4465012613432,2545.3133436580433,2578.0445786993946,2319.975641735068,0.743590,130.72
1393.3398598057713,1930.1528492580017,2067.1597745350477,2129.7379909389215,2479.609525462258,0.769231,58.28
1392.544563746495,2015.018885827683,1694.8868434940612,2324.924504347547,2572.625202584214,0.794872,111.76
1612.122425014233,1864.9525482300446,2595.0950360703837,2082.0799572036995,1845.7500334816398,0.820513,70.25
1701.3623468675707,1103.0224776442346,2349.825511797126,2957.322200301655,1888.4674633894124,0.846154,117.07
1034.7292451713686,2209.315641607958,3059.9458630851595,688.1489506579464,3007.8602994775674,0.871795,131.52
2685.365837156256,2170.5147625476056,1196.3472201865745,1146.8102207882237,2800.9619593213392,0.897436,106.90
2998.6944272688047,2641.048921500048,675.1341365969212,2537.7314953682426,1147.3910192659828,0.923077,134.50
1916.4232169602292,576.8505459244145,3060.187310948108,2043.3255658473447,2403.213360319903,0.948718,125.61
2148.612243745786,2542.542093014271,626.1794448563707,2302.799164490844,2379.867053892727,0.974359,105.86
2653.702125223331,3517.7612126483696,2006.8726465155191,446.07176117101926,1375.5922544417626,1.000000,159.76
2948.4469384743834,922.2822866279334,2474.3369485185517,550.0735045924337,3104.8603217866976,0.000000,35.26
2551.869270538183,2199.38292906419,2667.0950225464094,2254.3413073957176,327.3114704554991,0.025641,10.58
830.1789710870204,3394.4345039595655,3760.4524328872267,989.8165700553698,1025.117522010817,0.051282,5.38
2225.1627186487244,2345.53568699783,2127.676676306739,1578.5585876420937,1723.0663304046136,0.076923,27.60
1108.8619828455824,3509.9805731654483,2092.2950604008042,2214.9793929196594,1073.8829906685046,0.102564,48.63
1884.963765919849,2241.3560044216833,1782.5791577799064,1259.247688362457,2831.8533835161047,0.128205,59.66
1766.7985979305518,597.9727212571681,2967.2045919004786,2550.470261226998,2117.553827684802,0.153846,35.60
1461.59063819957,1003.9250995758639,1229.035562642961,3074.5092689632306,3230.9394306183735,0.179487,37.13
2615.7518097817015,2153.655179957248,1491.7290068206207,1847.6398697939676,1891.2241336464615,0.205128,12.43
1701.9105707045783,1908.596798846763,2850.4956197604333,514.1185480253271,3024.878462662897,0.230769,7.98
1951.0634531762407,2679.3631980026307,1184.1533656443162,2812.1910564637833,1373.2289267130293,0.256410,63.87
2562.265723563059,3138.2853594522903,1218.9553411849695,1000.9268429423348,2079.5667328573472,0.282051,37.14
1155.8570184844646,2386.3230261351823,2163.3082113684486,1858.0606508683677,2436.451093143537,0.307692,31.56
2326.28985475227,2486.3012458400603,2089.945875781654,987.3788181158893,2110.0842055101243,0.333333,21.99
1599.8400727620449,2720.156209540173,2087.1590342373397,565.8267182373617,3027.0179652230795,0.358974,19.68
1665.9911175733785,3291.1025756578715,1051.8948503781914,3068.541422957415,922.470033433145,0.384615,71.86
957.8722611244344,1105.9225497283028,3434.619688776147,1610.6117837813758,2890.97371658974,0.410256,25.34
2689.4419238534847,2359.8107002345278,604.7693479973573,1304.4466576342281,3041.5313702804015,0.435897,32.00
2101.3316898100184,1182.768280344372,1877.6398661109788,1865.9117240367223,2972.348439697908,0.461538,26.37
3049.3348838950815,2006.7595435559947,1291.7094633911056,1648.1202175988863,2004.0758915589327,0.487179,90.94
2169.92608247593,3209.9382551569106,1265.0753476503583,2861.6023901076182,493.4579246091833,0.512821,47.44
1675.9384484355044,2982.6033509404497,1998.6371709486946,1863.0616326575316,1479.7593970178204,0.538462,66.66
2975.1746781957204,812.2388503725318,1144.1226832415514,2476.1877316367772,2592.2760565534186,0.564103,79.99
1987.542905924441,3584.8467949472947,1426.6058767387854,1607.0626192184154,1393.9418031710645,0.589744,42.95
2220.858040988465,2136.5641796042487,1844.7223405118484,1869.0011743023397,1928.8542645930988,0.615385,77.96
905.5679896931435,1006.9809738311884,3026.3085550170804,2249.101750425196,2812.0407310333917,0.641026,120.28
2576.693758813221,2578.515953790846,870.0648114057002,2646.0815388950246,1328.6439370952085,0.666667,98.02
1261.2833675853574,2962.12943904151,2801.0523637263204,500.84145556498294,2474.693374081829,0.692308,74.20
3480.073122230221,3406.3829719699597,760.2137301441702,1821.0567812415047,532.2733944141448,0.717949,88.02
3014.599951463346,1168.6867381836353,1043.9347647850486,2095.143484014683,2677.635061553287,0.743590,91.18
3177.755317559897,2579.3505877519856,622.0599950871145,2118.0446591037003,1502.7894404973022,0.769231,94.01
3445.1366461759435,3201.3826021737673,978.3823840081852,1516.3198044671378,858.7785631749645,0.794872,75.90
1182.4982562913374,2401.9073292246,1876.0343212939363,2025.3480061809819,2514.212087009144,0.820513,64.30
1349.1517373708502,1270.7688736148657,1371.2189258115368,3931.571798944242,2077.288664258506,0.846154,136.07
624.0676489889685,2114.8496812584995,836.7540441612044,2834.9523719395524,3589.3762536517747,0.871795,136.61
2192.440384588906,2484.378557352781,2971.1375286689818,1045.3404337777886,1306.7030956115432,0.897436,107.83
2230.8952459937036,2338.679217489278,1246.3560673702527,2437.8931424535135,1746.1763266932512,0.923077,113.88
2529.459216776442,1717.3024850765219,963.7360641698538,1866.6763441072985,2922.8258898698846,0.948718,89.85
1591.042184330493,583.3785042704078,2586.514491966911,3271.7620196788544,1967.3027997533336,0.974359,83.49
2990.811016633463,1321.8227788017134,3207.9872121310195,464.30884351071256,2015.070148923092,1.000000,164.91
2517.0715958884425,3299.418566860041,887.7733135174234,2383.983509980062,911.7530137540314,0.000000,25.92
1868.1861397687735,1783.8889621047595,2938.496612618815,2188.5442957614473,1220.8839897462042,0.025641,40.71
756.1457395407641,2252.379674318393,1153.994277254253,2266.4493172986963,3571.0309915878934,0.051282,0.00
2448.798395566417,830.6611534315363,2597.9110879073396,2001.9585442791824,2120.6708188155244,0.076923,36.52
932.4988871894161,2776.5792627725805,3367.265635076379,937.6234067352474,1986.0328082263757,0.102564,43.56
2586.2109304528326,2825.214339130435,605.713783589761,2821.1049836275947,1161.7559631993759,0.128205,0.00
2144.989372250471,1664.4226535305525,2215.3922718332483,2511.0719077784765,1464.1237946072524,0.153846,55.94
2860.8085500660495,1332.1497292293213,1152.5972522731513,871.8510275330792,3782.5934408983976,0.179487,57.19
1822.9595747863668,1206.4044772418679,2709.0566816229384,2864.763178441559,1396.8160879072668,0.205128,0.79
4053.131582546336,1480.2426920140153,1287.799677535275,1233.6321111347813,1945.193936769593,0.230769,70.43
1088.8369313116923,2756.7866230996256,1311.6772503847185,2140.9363930755117,2701.7628021284518,0.256410,18.02
1411.7394104163586,2195.1207524538077,2217.540380723434,2388.481872330469,1787.1175840759324,0.282051,1.17
1023.5213238717687,547.4509866433718,2388.275959007852,2959.432677286945,3081.3190531900623,0.307692,45.80
1496.304536577341,1664.6461427099025,2441.9233638792166,3065.053808707108,1332.0721481264313,0.333333,59.43
2333.5287497969616,1704.956582604432,809.9444472535271,2431.1550019335846,2720.415218411494,0.358974,53.27
2081.000749030867,1634.4388552521243,2299.13470329135,1846.3005826589854,2139.1251097666727,0.384615,30.94
954.7048319040551,1817.4309277385953,2226.348261271625,3287.408482347714,1714.1074967380116,0.410256,53.17
2510.09860639164,1543.8755256290863,1392.2869672389857,2470.252705793604,2083.486194946684,0.435897,68.66
573.0789590795887,2484.888120464745,1650.1932400676312,2622.472432990709,2669.3672473973265,0.461538,74.58
2310.6438362216695,2045.66218830988,985.2086094874022,2086.8226181163677,2571.6627478646806,0.487179,91.33
2953.6313027490337,1065.5507879205586,1992.6938935526273,2504.068112372541,1484.055903405238,0.512821,53.86
644.831933513234,3802.692116894793,1104.7491886135863,2694.8462779974147,1752.8804829809737,0.538462,51.16
3165.500116032356,1681.2083260273102,3171.6715313488635,680.2277123487713,1301.392314242698,0.564103,93.15
622.5633557084184,1550.811326697296,3509.5033858858487,3125.233702244214,1191.8882294642228,0.589744,78.29
2087.4027066295207,2190.1718148211053,3278.074057093182,1349.3809918164773,1094.9704296397151,0.615385,76.07
2465.411774506329,1656.8558644339173,3074.0026127565943,950.6115262883847,1853.1182220147737,0.641026,65.58
1956.7192711213331,860.7106803532636,2568.424894951964,1990.86136704017,2623.283786533268,0.666667,63.24
2147.278281340385,1214.01304830725,1466.3968461922848,971.6975829457814,4200.614241214298,0.692308,67.04
1168.0534759468999,1023.9455101857203,2650.5893321954013,1615.0628665513432,3542.3488151206357,0.717949,125.72
1461.9618746747863,2171.6306409584427,3471.7044098589868,2447.6490282590007,447.05404624878304,0.743590,71.15
1734.9802776075967,860.2479170021098,2450.111719121737,2517.3975627445566,2437.262523524,0.769231,132.60
5015.912216006309,659.3895175470236,903.7190717928223,2373.9630261882357,1047.0161684656086,0.794872,103.43
2940.4739639805543,1974.2849999771843,2927.4379182008834,1756.0070381119738,401.7960797294054,0.820513,134.06
807.5043076801768,1900.3441294011989,2737.4399131528835,3655.5119345082417,899.1997152575,0.846154,67.84
728.6252924396327,3292.451309888774,1870.6796795677362,562.8580731840555,3545.3856449198,0.871795,94.13
1295.2195632769806,2244.0201874066634,1280.1541430372909,2219.629040115221,2960.9770661638445,0.897436,121.62
1276.7674056907615,2697.8411475937105,1251.270800337142,1879.732319740614,2894.388326637771,0.923077,85.12
2979.8136027012824,913.1981759578691,1073.1804107017208,1435.3281749627315,3598.4796356763954,0.948718,81.69
1743.6958340612314,1308.516989462089,3187.953981554252,1409.4687460486075,2350.3644488738205,0.974359,86.17
2961.6284288212423,623.8789928062215,1301.8905334483359,2574.9141236161563,2537.6879213080438,1.000000,124.75
3068.4987303318867,1326.2244057363002,1462.9675736352142,2149.561482547083,1992.7478077495168,0.000000,0.00
2107.1013268383367,1417.655604422088,2790.601053030154,2077.6459497677383,1606.9960659416827,0.025641,11.38
1414.2330057134973,1963.4769440555642,1216.7812192699755,1905.6830870600274,3499.825743900936,0.051282,27.58
1881.515503630183,2335.890030720096,2208.4078411186833,684.1123304632125,2890.0742940678247,0.076923,0.00
3149.4220535606823,1430.2231907722655,710.86063489558,3367.560036358597,1341.9340844128756,0.102564,33.06
777.7783843465915,2586.777823360726,1195.841403819178,2704.6095154273776,2734.9928730461284,0.128205,27.78
580.5343753863601,2971.4934690649593,1325.6634954648844,2065.9669972574397,3056.3416628263576,0.153846,29.60
1053.5175946686143,2415.1594532716754,1134.17561266862,3034.3250659186906,2362.822273472399,0.179487,59.98
1827.2677017018177,2195.683838115534,802.5055417383602,4465.00932195539,709.5335964888997,0.205128,0.44
2620.911226166143,490.0715079777849,2182.534601054798,2000.5892810726898,2705.8933837285845,0.230769,9.21
3081.293914483106,2827.306358799922,1997.3048587190551,1004.053081638272,1090.0417863596463,0.256410,20.21
2043.202664916036,2779.695417816254,1339.8831069492014,2824.824153590446,1012.3946567280631,0.282051,14.18
2797.312011559377,2377.6737938264514,1262.0771492109648,3154.181178010057,408.75586739314855,0.307692,70.24
1736.0324344350681,2405.6589366330973,2297.0869864443357,2157.8261175801476,1403.3955249073508,0.333333,83.73
2986.002092312294,1570.1923011085646,532.13869436333,1811.2230459344808,3100.4438662813295,0.358974,65.99
2043.3286310813203,2074.2958964345344,1657.9200687635844,3120.7532244975378,1103.7021792230219,0.384615,78.40
2229.0723638301006,1857.1502537207239,2621.716999125562,2571.1610752574575,720.899308066156,0.410256,51.72
3461.2815493917783,1004.9798142372632,1206.2735603472192,1927.6685053422113,2399.7965706815285,0.435897,52.12
1289.773540738458,2476.481253377602,2035.1019861191085,2259.75078280938,1938.8924369554531,0.461538,51.97
2537.949736026139,1497.928757024383,612.2354190537922,2583.8674595524917,2768.0186283431935,0.487179,101.62
524.8372288723034,1441.8330552545663,3681.421196044801,961.9013796882938,3390.0071401400355,0.512821,27.98
2523.87870973712,2048.0300170974015,2418.723090508456,1211.4283010425288,1797.9398816144937,0.538462,94.20
2359.776816605884,2594.6587058888845,1222.9809545085657,2176.477783996998,1646.1057389996677,0.564103,45.07
1088.0083374654637,1282.5710196182747,3146.3750329104764,2848.761080576888,1634.2845294288975,0.589744,61.52
2829.3528713563005,695.0683384613199,1311.7567629310454,2534.299179806899,2629.522847444435,0.615385,99.36
2644.5890146917736,3201.059491943138,870.123702464721,1136.4470719946553,2147.780718905712,0.641026,45.89
1594.5755952152313,1444.9730440307865,1259.2711021191992,964.6185008437626,4736.56175779102,0.666667,72.15
2127.632915469039,3584.505671601838,1010.204292591357,1811.2799594356172,1466.3771609021508,0.692308,74.57
2456.6428448485367,1983.072201099012,1771.5607126599793,1820.2793747592968,1968.444866633174,0.717949,130.00
2122.587208769133,2356.3187777812127,1650.4041408151409,2165.7872291676836,1704.9026434668303,0.743590,93.18
2500.3658394313966,894.1870580534286,2080.097985362973,1581.7497709862234,2943.5993461659787,0.769231,127.39
2742.69988126701,1871.9941205360685,2531.118596953995,2404.9187923622517,449.26860888067574,0.794872,70.72
1044.3771016819067,1415.5949551127453,900.4522970094322,3197.4667837472534,3442.1088624486624,0.820513,88.59
1101.6795484125273,1252.2435330501567,3469.8177451893193,642.3901094716199,3533.8690638763765,0.846154,138.17
2685.8647095331767,1145.3757267489486,1893.1744809497186,3698.613719988015,576.9713627801389,0.871795,80.41
499.981753939641,1341.5212804435394,3847.8982704567757,3357.603872505871,952.9948226541735,0.897436,82.05
2335.2693881202304,3283.6559878173143,602.8708219822906,657.5707141277563,3120.633087952406,0.923077,110.49
2842.677190696615,750.736317726303,1761.617926697081,1610.5226125213562,3034.4459523586465,0.948718,121.81
2942.3585853136465,3548.1330758906342,853.0085816510444,800.1272385388336,1856.3725186058416,0.974359,95.60
2479.564285679432,1001.6118976739126,2853.494338576864,1626.3198821893652,2039.0095958804277,1.000000,103.84
1416.9735659354512,1979.0440464855205,2870.0394473067945,2064.9649213853636,1668.9780188868694,0.000000,0.00
2379.3505454003325,1741.8826218404404,770.4002806738589,2198.8290615861065,2909.537490499262,0.025641,0.00
984.6485793455458,1018.7613943023829,2000.4442289328856,2807.053307634381,3189.092489784805,0.051282,26.65
3328.1237025243786,736.0609575663585,3284.805308937226,999.999475188928,1651.0105557831077,0.076923,43.17
754.4211754298167,3237.597324675133,909.0792065133461,3422.779140571692,1676.1231528100095,0.102564,38.45
2155.6483728427816,2197.940188920268,1757.1954731484448,2537.308185391451,1351.9077796970532,0.128205,60.08
3552.344253482952,3371.6493053779905,416.0068611285141,2147.18487020063,512.8147098099126,0.153846,38.37
2499.2567214614023,1456.208989308499,3318.4597788503597,1086.3845245804694,1639.6899857992712,0.179487,62.89
2880.5438336216534,1552.8874894741925,1987.4236799217063,1312.0315078463577,2267.1134891360894,0.205128,0.37
2710.7708118656838,4153.475073526932,788.4135131878375,903.4043533898154,1443.9362480297295,0.230769,38.01
1845.1613792012965,2529.644008739253,2267.9536347456833,1957.794103779361,1399.4468735344037,0.256410,2.04
1486.295576032771,1690.2309083089426,3340.6573854090975,1796.7064378559037,1686.109692393286,0.282051,56.19
1994.2020491608323,1637.2230192759532,2967.049673736036,713.6664364665214,2687.858821360657,0.307692,39.33
1038.5734340448864,4000.999433353057,836.2609924046574,3541.956978897448,582.20916129995,0.333333,82.91
2924.707409166738,2794.7518999779195,2090.4579347183994,1514.0519707726933,676.0307853642497,0.358974,9.98
2923.544557738404,734.8852086101776,1250.7588846746853,1080.6465166397359,4010.164832336997,0.384615,53.12
2673.030263841847,1998.4476207310433,523.1843862036516,3404.513860582049,1400.823868641408,0.410256,72.63
2786.726911690336,2856.2212366803187,2154.392734277389,682.9173698747937,1519.7417474771617,0.435897,92.45
676.6771547413922,3673.7749308568737,2691.6615229243594,776.540309214503,2181.3460822628717,0.461538,73.30
2123.7334290100516,683.7897079824195,2587.2149563752528,2507.0096905063187,2098.252216125958,0.487179,97.49
5068.770651193473,1486.3711110099143,1548.827630849505,783.5121188628456,1112.5184880842608,0.512821,85.21
3911.7310111205647,2187.4398649344866,1110.7426806422106,1390.1216631476057,1399.9647801551318,0.538462,98.91
1554.568940503711,2494.10727288426,2863.553522484301,1981.856684424992,1105.9135797027363,0.564103,57.02
3818.9813176579264,3294.636433523054,750.9260306711457,1275.834710307774,859.6215078401013,0.589744,116.06
2562.7337704746815,1982.872120516475,540.0036655064399,1939.4496202759792,2974.9408232264227,0.615385,84.34
992.5173623028338,473.1997219943165,1703.7471898677427,3168.5228959791643,3662.012829855941,0.641026,95.86
1715.7275682122154,1580.7822711476304,2208.4721085238652,2383.774228375737,2111.243823740552,0.666667,92.10
2301.1556318851535,2926.0105923905176,2112.755142523805,1730.8586795640242,929.2199536365008,0.692308,79.63
1869.8703385932763,2151.4751637653353,2333.1185603102194,491.1121341186818,3154.4238032124877,0.717949,123.64
2330.7736634397293,2523.2180939078326,892.4917450479813,3652.0454097331613,601.4710878712951,0.743590,79.05
3681.4975509589467,1054.0835500294147,2471.5850677550357,1470.0198370169323,1322.8139942396715,0.769231,78.50
2257.502960527976,755.3203997734286,3431.236302866546,1061.857115513212,2494.083221318838,0.794872,121.17
632.9799576059359,3437.9113512331596,578.7606027406146,2767.038291337503,2583.3097970827866,0.820513,69.16
1178.6286848180157,2584.2362955448475,2206.459968704041,1948.7317607590674,2081.9432901740297,0.846154,146.17
811.5723414688191,4297.189490811486,1041.088865158888,2679.2483414541025,1170.900961106704,0.871795,106.17
1889.5539452025039,1166.8886360191207,3308.177829107404,941.938295937597,2693.4412937333746,0.897436,77.66
860.8897780650375,1201.9248178179366,1188.4769751426684,4755.337702785346,1993.370726189012,0.923077,138.23
2950.395275688353,476.4716185948676,2913.6358331651168,2968.617138396706,690.880134154956,0.948718,88.53
1583.9224695639205,1430.8469073648353,1839.2695674784447,2684.42915546498,2461.53190012782,0.974359,118.82
2663.403759918103,1650.0581124473997,606.9644501856465,2608.435459741118,2471.138217707734,1.000000,137.59
2065.817230283996,1527.7635469838242,3020.500934989847,1778.381234954834,1607.5370527874977,0.000000,38.98
3976.7685893359294,810.6311872915563,1147.3942696843067,2802.2238978869036,1262.9820558013039,0.025641,45.38
868.605190692083,3439.638199537132,688.6805795708825,3682.6663900974386,1320.4096401024644,0.051282,5.14
1992.7455273107687,1953.9505289282504,1075.938633811766,2260.0669607699906,2717.298349179224,0.076923,17.19
2803.817953676123,1561.5453705179186,1286.8936072285126,1726.1457422249782,2621.597326352467,0.102564,34.88
1958.9002974452083,1638.4452050333477,2603.7705235462286,2327.8308786220396,1471.0530953531754,0.128205,0.00
3253.3065304039915,1358.728019590093,789.433825633674,2558.214801632533,2040.3168227397073,0.153846,0.00
2699.202235414038,1384.2451044612635,2002.8717304688043,1635.7898428366057,2277.8910868192897,0.179487,53.84
1898.9460510299648,2840.1831940500756,1879.465802722179,1501.5431008131322,1879.8618513846482,0.205128,5.86
1159.0374723132875,1778.8682577733348,2269.1593202561135,2301.35136134193,2491.583588315335,0.230769,16.99
2626.475533388112,1248.092470726237,1126.878921956332,2268.8501005972175,2729.7029733320996,0.256410,74.35
3031.529548816353,1483.8302160719081,1017.1826998472177,2978.4653465560136,1488.992188708507,0.282051,10.62
1948.810285870315,2450.2368935653635,1306.7122453958432,2264.9515793721816,2029.288995796297,0.307692,40.02
1678.6470086726722,1068.253069972173,2922.3202816941716,2177.816578697171,2152.963060963812,0.333333,84.37
1456.1491523637585,2613.827613157092,2612.138251726605,1720.2159864379032,1597.6689963146441,0.358974,65.34
3572.1372144511906,2298.223363019696,667.7945688478205,2427.777922443899,1034.0669312373925,0.384615,48.12
1614.8491396141821,3566.8042580386737,1508.4242236565485,1186.0943543117692,2123.8280243788267,0.410256,54.93
1654.2736074632999,3182.3215550620475,3259.159717013393,655.8196691448319,1248.4254513164271,0.435897,24.53
538.3926950471763,2334.7768571393813,1150.203951707227,3636.1345017443805,2340.4919943618356,0.461538,53.99
782.8844898748661,2925.857573178269,2854.3083418958495,1871.9810510048706,1564.9685440461453,0.487179,102.74
3979.4413606226476,932.4845324019061,1031.9405377389785,2319.863330204537,1736.270239031931,0.512821,67.78
1034.5107046516962,2407.4426451815725,1916.840474605881,2377.9447877302705,2263.261387830579,0.538462,53.95
3123.308466624993,1604.5701005577957,2971.5496629226172,1278.8034643972974,1021.768305497297,0.564103,90.23
766.2190507620687,2668.9285830543095,2349.207680320687,2679.0995903661683,1536.5450954967664,0.589744,45.75
1986.6681594845547,1419.8299826981922,2984.9441834970653,2630.7951756073767,977.7624987128107,0.615385,98.15
1344.1663154930513,3347.926052925849,3199.83641385214,1466.7748190883156,641.2963986406448,0.641026,101.27
2133.8235149613033,1282.4729915282137,2979.0366293786387,1887.339394085397,1717.327470046448,0.666667,64.28
3446.659991547983,2977.3312444125413,775.7970004423113,1881.042241544458,919.1695220527062,0.692308,113.01
892.3712013411609,3032.1898014179087,1678.8627928391948,1370.4887782920805,3026.087426109654,0.717949,104.30
2216.5769431893605,2989.1439194506524,1634.7034966682834,1980.5002900670497,1179.0753506246554,0.743590,99.80
2375.8513488799313,1814.5515931220157,1763.6195062873726,2644.1762239745913,1401.8013277360878,0.769231,131.70
2342.7941553864302,2139.0991106117826,1231.5309448656396,2605.501676133142,1681.0741130030046,0.794872,123.82
2175.312420403654,3309.848735833554,2351.759715709452,1063.2573390824248,1099.8217889709142,0.820513,80.36
868.0426220484281,3766.946342746835,640.2458696047473,1805.7034294523935,2919.061736147597,0.846154,107.30
2552.605237496376,700.810342138651,2382.2432885284447,1985.5972796498233,2378.7438521867043,0.871795,75.89
3076.437646382213,1267.4777456280947,1640.6835541669154,1159.1666686757974,2856.234385146979,0.897436,141.94
3269.5315488735155,2011.3850813524023,427.97509488255616,3194.105834865157,1097.0024400263696,0.923077,130.47
1564.7201167165529,2533.4051217440874,2585.9095591766386,1382.4406044469947,1933.5245979157264,0.948718,138.40
2175.9713039965804,2857.1650355848624,1699.4406430343247,627.4822455551297,2639.940771829103,0.974359,128.22
2173.198795035619,1658.2718473560406,1243.5195906550591,1958.8205011592454,2966.189265794036,1.000000,134.96
2269.0734483370575,843.4722442407326,2057.2053715874604,2599.113137034309,2231.1357988004397,0.000000,0.00
1482.5384645084976,3280.827700702845,1422.2180792984088,3390.063279131833,424.35247635841637,0.025641,0.00
2727.291266221432,1123.1176043249898,1415.33013614081,1559.1732270241362,3175.087766288632,0.051282,10.80
3402.139330482227,1829.9436179462584,486.0307203965861,1169.6079764967474,3112.2783546781816,0.076923,1.48
536.7229804232569,2167.2309211511383,2115.517037926512,2524.543518636259,2655.9855418628335,0.102564,0.00
1006.0065643987582,3875.9807446792997,2598.3461602639672,990.9854930458448,1528.681037612129,0.128205,21.59
1193.037501476545,2229.3478803675685,1826.2960367025728,3083.3666065879647,1667.9519748653488,0.153846,57.50
1305.598368118636,645.5669436590532,3671.1654767922732,1965.657849370085,2412.011362059952,0.179487,65.81
2023.9553652976228,2348.4765596081966,765.9516265229502,3791.8274867397668,1069.788961831463,0.205128,26.63
2504.801523411256,2273.7545517529315,2392.865982297357,2259.4191384845094,569.1588040539455,0.230769,4.15
1758.3526478927304,1544.9627603242282,2305.1067934667662,2704.1639707198665,1687.4138275964085,0.256410,22.98
4835.678500834355,1102.9750656027256,1907.6927321153005,971.6615806299425,1181.992120817677,0.282051,2.65
1568.0109016622741,3698.644298475089,2013.640266842077,1918.6322419887922,801.0722910317683,0.307692,17.37
831.6241438916156,3790.228688483565,1801.9505402064608,2824.753552674439,751.4430747439205,0.333333,30.69
2697.2935376529513,1630.5307612409413,2180.8644091145898,1967.7681774952446,1523.5431144962731,0.358974,87.80
2131.092421944952,3359.933971569182,998.9204331982583,1281.7237036374195,2228.329469650188,0.384615,19.40
601.914394260902,4153.358401608979,1098.9419858576816,2511.1423534322607,1634.642864840177,0.410256,77.38
2014.5752771262898,1130.6779580727818,1691.6552922786746,3365.8077420156287,1797.2837305066255,0.435897,34.79
2112.822501355255,1360.2181024022925,1097.0631908131818,3232.588798578035,2197.3074068512365,0.461538,89.14
3621.6867317648985,2602.045375801846,1666.8554965823148,1351.1775866894166,758.2348091615243,0.487179,89.33
3902.313265289211,1472.591471742473,963.4653006930068,787.8797224110295,2873.7502398642796,0.512821,38.41
2653.8541146560674,1864.3478570538189,1046.42177994422,2242.192839791165,2193.183408554727,0.538462,109.49
1698.3449361611652,652.1374868166461,1155.8140109685737,2991.950216475719,3501.753349577897,0.564103,90.06
1108.5342450461776,3083.7041684059704,857.7176811301408,3228.724987210693,1721.3189182070168,0.589744,84.95
2754.53582980509,1439.6258309211253,973.3166272741686,3619.161533423062,1213.3601785765547,0.615385,47.89
3049.7491258346677,2131.3748914956855,2259.997258303365,1763.9646209961882,794.9141033700939,0.641026,92.26
1390.1775249762566,1085.4149536937002,2633.429082324471,2282.5542957867274,2608.4241432188446,0.666667,91.41
2773.2658648553374,1941.5483613271338,3023.2708738712536,897.518861244929,1364.3960387013456,0.692308,81.94
2647.430764800866,986.9527058184501,2909.6755281400333,513.3534256429962,2942.5875755976535,0.717949,59.18
2722.196138605614,826.0721734308333,2596.2965758627465,989.328109972188,2866.107002128619,0.743590,117.54
2717.865016131729,3369.8222867191184,2486.4028122840973,923.2398353656009,502.6700494994542,0.769231,124.24
2957.3675708298138,2441.133013519104,561.7347621699422,1311.485854615525,2728.278798865613,0.794872,79.59
1854.4171647376488,1750.391737346999,2733.544301468283,1419.2674303329827,2242.3793661140867,0.820513,66.51
2494.8278748416565,1535.0713601155992,1632.5328322166204,1492.0546230295483,2845.5133097965754,0.846154,129.36
1949.5280316067756,1379.6703598003073,1474.1645115603023,1915.325243438078,3281.3118535945373,0.871795,94.50
2274.4771951046528,522.8272608917846,1020.5522646376461,3949.616041354692,2232.527238011224,0.897436,88.51
2252.470958090521,2325.03587692356,1482.7125448640652,2504.579964897179,1435.2006552246746,0.923077,136.27
882.8073783734134,738.3617330027209,654.1791178545706,4835.453601496992,2889.1981692723048,0.948718,132.22
2109.3209585160516,1870.6044089143854,1144.7179813092923,1840.2443660633392,3035.11228519693,0.974359,89.51
746.4945310736783,2118.8214772626166,2972.2306372175526,3244.4384438704847,918.0149105756676,1.000000,114.78
987.5363436937909,833.8986589106819,2623.0411312184337,2212.0249756574685,3343.498890519625,0.000000,36.55
1762.479309750583,1785.182130086074,2314.6068029476055,2601.8395860572255,1535.8921711585117,0.025641,0.00
2522.2671837844514,1852.4035673817873,1630.8037759697588,2566.007751378473,1428.5177214855294,0.051282,42.15
483.16139898714994,2468.7045974552784,2349.7272770025024,2511.5456073644905,2186.8611191905784,0.076923,47.04
2702.9718221676667,1440.1030934052023,3742.1229963593387,1236.6816566048476,878.1204314629442,0.102564,49.67
1933.9328957564887,1682.3097810808438,2043.5678168602763,2403.8010769043526,1936.3884293980386,0.128205,0.77
613.0497865981162,2039.668076066536,2915.603560667487,2984.6547821463196,1447.0237945215395,0.153846,45.17
1288.2978045958514,728.2454791632731,1537.1660080355653,3770.0972996692635,2676.193408536045,0.179487,42.86
1986.0107078865901,1173.4235174742912,2483.5040013548887,2713.112024599413,1643.9497486848184,0.205128,43.52
1329.763174353077,2272.744759720453,2536.364864181882,1217.586813596039,2643.540388148549,0.230769,0.00
2354.1142256254507,2282.211574082822,2382.1774038918306,1244.084637858062,1737.4121585418352,0.256410,63.02
2592.424134596051,2325.904849008397,1953.1548207027515,1999.2340780324516,1129.282117660348,0.282051,74.93
2604.799496299799,1236.5321076069845,1009.2432795683512,3589.850169228453,1559.574947296413,0.307692,17.22
3007.0846333262493,2889.058663450469,3001.152709819373,481.0410963577782,621.6628970461301,0.333333,57.27
1532.1177468231724,4375.968418383936,1910.505939138788,764.6786356227435,1416.7292600313583,0.358974,80.33
1321.5181502974958,3588.1374832393553,558.2898615011654,794.680737403662,3737.373767558321,0.384615,31.21
1821.6214678373435,1859.9341988792228,2044.8529364675007,986.8487919993037,3286.74260481663,0.410256,51.99
776.7396638361375,2937.779715303779,3367.0115444278117,930.9917515392826,1987.4773248929885,0.435897,40.90
1452.8635172656302,1946.985343921174,1087.7143163846088,2474.290457416783,3038.146365011804,0.461538,69.92
1563.3036122014344,2539.9076454256174,2387.189664370067,1706.8532703961282,1802.7458076067521,0.487179,39.99
1042.8562683425698,1901.9355172903752,2910.597639782303,752.4060882499757,3392.204486334777,0.512821,102.93
2345.0654633578747,1895.636525388708,1345.255883493139,2140.3633539551365,2273.678773805142,0.538462,37.43
1461.818664774483,1237.8110171128685,903.692744743335,3745.461130443479,2651.2164429258346,0.564103,76.31
2263.0269122078967,2469.8979812549487,2105.6594987057715,1993.2492499881332,1168.1663578432501,0.589744,57.76
2081.564637241592,2511.571708494093,1294.8466910193447,1519.4195086314703,2592.5974546134985,0.615385,69.89
3086.8001554861758,1919.1504923781795,2336.969995338227,2227.914225537657,429.1651312597604,0.641026,106.23
2738.8092307113357,2016.6481193915095,1408.119990793073,1345.3263010314258,2491.096358072655,0.666667,117.26
1140.1088148316267,2150.8800489297328,3063.235684069157,3098.537790609347,547.237661560137,0.692308,127.61
3888.555058331421,1743.6500840161664,1772.8328753892915,640.6826598346012,1954.2793224285203,0.717949,82.70
3316.3552466249625,1088.549072772697,1522.0625338458976,1197.1137994975948,2875.9193472588477,0.743590,134.76
1571.782897750153,2241.493073182497,2247.3254774378725,2343.6732763143077,1595.7252753151693,0.769231,74.35
2733.1477587379786,1962.0696268266308,1826.8048036027037,2355.2617230351016,1122.7160877975866,0.794872,77.62
987.2057166188847,2820.298305197432,1839.6200699441213,2173.963808884447,2178.912099355114,0.820513,84.42
1204.569879370183,1653.3308602830868,2534.050980817363,1997.1123667709928,2610.9359127583743,0.846154,116.05
2991.2345294672054,2034.863238510978,2358.0187364770554,1111.5194233792542,1504.3640721655077,0.871795,78.28
2759.3884861414126,1562.6233338808643,1178.2196916414764,3031.9765269149916,1467.791961421256,0.897436,132.60
2359.9292853391084,2200.360193171118,1507.637780075084,1784.430002094028,2147.6427393206604,0.923077,155.19
3459.8321256510458,888.097473518638,1919.5442307646163,1099.4630697927782,2633.0631002729224,0.948718,85.51
2415.1959302846117,640.9023057534392,645.6905403444746,1731.557739919948,4566.653483697527,0.974359,104.82
2052.8759877701614,2539.4023873402184,961.5729042228268,3352.9711940421307,1093.1775266246636,1.000000,158.77
2787.4626426631776,2550.396737832418,1375.5848500419922,1853.4885504646359,1433.0672189977756,0.000000,0.00
1158.0621095088184,2006.9898619784844,1251.4168141213675,2924.6233070774074,2658.907907313921,0.025641,45.09
1898.0406998675344,2276.5713750445143,1263.745548812505,2671.8780280930937,1889.7643481823511,0.051282,0.00
1320.509014443045,4555.058519254011,1450.221480686093,1715.9080995811723,958.3028860356759,0.076923,0.00
3242.421342478434,1026.295260997477,575.1484177115155,2455.554467288164,2700.5805115244093,0.102564,54.78
3270.063327991789,1571.9075457492504,2454.2859745414767,894.2066267035163,1809.536525013968,0.128205,6.29
3654.43108009799,709.9865671059679,1505.741219278545,1316.833535686644,2813.0075978308532,0.153846,12.01
2178.3002507291662,1649.752672543622,1764.1040532368356,2669.8057465500797,1738.0372769402968,0.179487,6.90
1266.276423314982,3504.2719299219725,1176.3591684630196,3408.378554813501,644.7139234865245,0.205128,26.39
2377.960634066661,1145.47326016048,1625.476030830528,2489.3224004767467,2361.767674465584,0.230769,35.61
1272.5097485558306,2457.7411622673817,2370.348392079903,2780.7060543476705,1118.6946427492157,0.256410,34.09
2355.4748998270597,1939.8153595883227,1802.2524073011218,1140.2134455915937,2762.243887691902,0.282051,32.36
2412.4222137683482,443.41871919658706,1994.1543277504304,1686.8496475285015,3463.155091756133,0.307692,58.91
3030.7530456173486,392.02234147893785,2322.239910549951,1395.6622304698462,2859.322471883916,0.333333,53.17
1246.0556051677718,2446.3604304343908,895.4617146028361,2291.8020583260372,3120.320191468965,0.358974,11.10
2381.870080190964,1670.8891614916156,1700.542250797544,2460.5345989109715,1786.1639086089065,0.384615,27.49
2102.5306970492024,2501.161079350742,2460.881343111527,1379.4663391346432,1555.9605413538861,0.410256,94.38
1185.1979244779511,1817.6456210185315,3108.8846757083725,2230.2425070724407,1658.0292717227053,0.435897,50.79
1828.6250525404612,1178.7099363309728,3364.436818840084,1428.5830604525347,2199.645131835948,0.461538,89.55
3052.0929913826662,890.0621435270072,1710.888477692827,1336.7906284679893,3010.1657589295096,0.487179,101.49
2192.9533299038935,2385.5582772433813,964.8277483462863,2022.4795252492418,2434.1811192571986,0.512821,58.99
926.5560025881995,1548.6586534390585,1391.1415880053812,3545.940606608527,2587.703149358833,0.538462,92.35
2080.6004740569374,3087.039853193723,604.0975210076857,2947.0235465800993,1281.2386051615545,0.564103,48.90
3076.9114903831965,567.5356602452013,1225.3466571401013,3735.150826478984,1395.055365752518,0.589744,95.70
922.2989084830377,2152.5858021735544,3068.3748820714136,3163.10867131008,693.631735961914,0.615385,104.96
2232.880658688784,937.9583763394609,1914.1981456315427,1995.4710555520335,2919.491763788179,0.641026,70.99
392.7264605762562,2810.1988895222553,2671.67416946029,2633.0559008214273,1492.3445796197727,0.666667,93.53
1955.6782915695967,2193.412042503024,3722.331947387035,712.5546145705349,1416.023103969809,0.692308,55.21
2793.5461476164355,1988.5873423035596,1862.5001980405277,971.4268964122799,2383.9394156271974,0.717949,111.45
1308.7144260356033,476.8072236942353,1388.131048218354,3349.517198665344,3476.8301033864623,0.743590,124.03
515.263521703843,3205.748857710096,1436.8217111967974,1018.9380678308297,3823.2278415584346,0.769231,69.18
1893.8653819451072,3044.6680553693186,970.6501969193494,3131.103007603697,959.7133581625292,0.794872,100.31
3715.841636367726,1254.002686807756,538.196020124523,3444.546519515536,1047.413137184459,0.820513,128.92
1119.1195838384729,3187.2732840802437,1775.327799859086,1918.4406852106156,1999.8386470115815,0.846154,128.62
908.8834749150365,1608.0968641479005,2967.3241033431486,1515.5510237919182,3000.1445338019976,0.871795,102.91
1729.9377344349848,2126.469953678568,1185.9368403014903,1887.4352469036144,3070.220224681343,0.897436,107.09
1614.6728725342116,2182.1570744081287,2348.8810723955007,963.3140084240204,2890.974972238139,0.923077,91.07
2065.234357070958,2772.233677830733,2293.5959139555457,2431.346683548038,437.58936759472476,0.948718,117.59
430.21660497998437,1630.229135856199,2378.3286176024753,2834.074507734637,2727.1511338267037,0.974359,108.38
2167.879656557814,2370.935104140079,2678.9215848668027,2271.4802715172727,510.78338291803175,1.000000,89.47
2405.628172900625,2591.2348124618225,1549.7262278743221,2422.667176119318,1030.7436106439136,0.000000,35.38
1946.095667839163,1972.8089022398408,2066.7718976794895,2469.493370147993,1544.8301620935135,0.025641,0.00
965.2134972877168,1791.8415451172643,1379.4315001454663,1248.322622838487,4615.190834611064,0.051282,0.00
3586.4445747475506,1746.7658252759295,850.4125427026964,2912.3496145796776,904.0274426941462,0.076923,38.65
2230.203040283085,1206.907590561225,2886.005906730819,1404.5023482571498,2272.381114167721,0.102564,23.87
1676.1360462220282,3370.708585134046,465.7842002642154,1120.5127054076877,3366.8584629720217,0.128205,29.44
1470.766022206435,2410.9887108079906,2268.1500932327176,1805.6045355110782,2044.490638241778,0.153846,60.27
1783.7542835970814,972.3800871708601,4452.561891967224,1908.223716062775,883.0800212020597,0.179487,18.85
3232.7094061932635,464.6132657368601,860.8620785371613,3274.8654414652183,2166.949808067497,0.205128,31.59
1212.4946359580445,692.1439871846129,3401.7246168545394,2479.006360792893,2214.630399209911,0.230769,14.26
1186.5049840657928,1278.8221244585782,2973.043366994778,3421.2523589446523,1140.3771655361995,0.256410,63.37
1423.6061565007237,3131.247963380505,1052.0451598521486,2244.274078044904,2148.8266422217193,0.282051,29.62
796.428966106439,939.2553680757591,3776.415271262048,2088.3476126501023,2399.552781905653,0.307692,74.79
869.4263651368553,2444.9362151277533,1275.0055479428834,2978.608083557544,2432.0237882349634,0.333333,65.88
526.2471440534765,2181.087747703019,1997.632941838779,2806.7128270480134,2488.3193393567135,0.358974,44.27
3115.1170291593357,1940.297738763783,3510.74168868291,1000.5618832692553,433.28166012471655,0.384615,50.26
1678.5494006614508,1846.176348499057,3029.4064538000416,1194.5506633402865,2251.3171336991622,0.410256,33.89
2287.9420862129427,2579.401149161775,676.991198914178,1852.6103266983273,2603.055239012775,0.435897,20.46
507.65946532325756,1893.125823187563,2560.8058986229075,1250.1604431880082,3788.2483696782633,0.461538,88.10
2865.5476732814973,1459.3161496340065,2707.565598922373,1708.251662839803,1259.3189153223223,0.487179,75.83
1878.4007453538231,1508.5897354762433,3014.651038362584,1494.1967603020262,2104.1617205053235,0.512821,31.95
2296.1375342891233,2909.817069818237,433.6192013817239,2516.179654908769,1844.246539602148,0.538462,41.32
2920.968817848771,1971.169937522466,2212.784697953754,1600.7019783987125,1294.3745682762953,0.564103,58.34
1230.644523362289,3042.0154723649616,1597.1213295116274,2677.9141464657487,1452.3045282953735,0.589744,54.59
2396.8791436271044,1742.6666522859173,2098.039916410075,650.8957594024691,3111.5185282744337,0.615385,65.73
1996.3914735410224,690.9843723982212,2176.521527988583,3117.6072391538883,2018.495386918285,0.641026,119.92
1536.936043963959,2680.187198593552,1145.2256227400514,3546.4624906574377,1091.1886440449994,0.666667,69.49
1571.3083008451156,1711.3908613496642,2022.2319217499441,4132.540460054339,562.5284560009379,0.692308,69.39
1006.6662941119265,2951.4519643372705,3658.530548607956,1241.5292826618968,1141.8219102809514,0.717949,102.32
1051.3947000608314,2620.0209656118864,1627.3837908370065,1938.8529435966047,2762.347599893671,0.743590,117.15
3606.927176357897,1832.50344877963,2687.664757982864,733.5401666139923,1139.364450265616,0.769231,84.12
2530.001226025072,1927.5496881523188,1921.958626048387,2417.7720609684998,1202.7183988057238,0.794872,71.69
1724.620600309552,1306.216312524877,3816.8081027764256,2306.819727038939,845.5352573502063,0.820513,94.50
4254.971495735496,655.951110221847,2516.753985353757,1561.413763086195,1010.9096456027037,0.846154,131.02
969.2003363729045,2340.6737568527583,1325.9745057783718,2589.9876263298734,2774.1637746660917,0.871795,141.34
1614.0703470999906,3118.6562425080947,1975.5435057380414,1860.2428382258986,1431.4870664279747,0.897436,108.31
2792.023408291086,3187.2274606480078,794.2367102551689,1190.8062398254035,2035.7061809803336,0.923077,114.73
3886.6038265088423,914.5511508372333,1068.4737570529458,2153.723445725076,1976.647819875904,0.948718,149.09
1766.838580651596,1678.6282988687917,900.4628147871764,3410.3865861965564,2243.68371949588,0.974359,119.17
461.47566802701294,2144.1094703618437,2513.558087879483,2916.1645182443044,1964.6922554873547,1.000000,140.80
1342.9656992604114,1206.561560570199,2698.159353742786,1739.8862337430037,3012.4271526836,0.000000,0.00
2671.6974001335184,2834.9776320916344,504.8502289118513,1222.7814302927798,2765.6933085702167,0.025641,0.00
1142.7313799711123,2368.0339558808946,4091.372271929557,673.5880576872753,1724.2743345311626,0.051282,44.65
1092.6111634254999,2450.3431042122006,826.2681397084457,2882.069539762416,2748.7080528914366,0.076923,28.21
2562.7035550334786,1679.5422015168572,1640.1719360250213,1937.634999333654,2179.947308090987,0.102564,0.00
3016.3911361500723,2042.6170644924891,2297.134765247917,731.0862386663944,1912.7707954431266,0.128205,10.92
3692.1857876912004,1199.1074541738624,1653.6528598286964,2723.951856799531,731.1020415067104,0.153846,9.85
2094.0574422670693,450.9098737125458,1838.2019357108288,3252.3753278990075,2364.455420410548,0.179487,42.98
2140.2057319081914,1709.0293024799257,2601.9983792594408,1355.1813240009865,2193.585262351455,0.205128,0.19
742.4387025596552,1158.4075466587108,2448.164616350828,2283.246142821043,3367.742991609762,0.230769,60.08
1756.5091347470334,2384.675919139557,2573.4013583073856,635.9977471751982,2649.4158406308266,0.256410,46.89
2776.654415440181,2360.303547271159,446.2107857505194,2925.26484217808,1491.5664093600617,0.282051,18.03
1578.8842353776865,1317.7996509501475,2978.059210986762,727.895330292902,3397.3615723925027,0.307692,57.55
3012.087456685708,2268.1058682040484,1243.9852460666311,618.0775989281394,2857.7438301154743,0.333333,81.45
2470.2935272265718,1313.1594200853965,1898.566583836795,2117.3538157616113,2200.626653089625,0.358974,73.37
3324.476345419745,2999.6094296194583,615.6261022181544,1220.953930773532,1839.3341919691122,0.384615,40.34
1003.4548546025086,1832.8208041745481,2601.506287623323,1170.0860032045696,3392.1320503950515,0.410256,28.82
1045.413780053706,2749.4067488759597,927.7744374628894,1788.7772276627436,3488.627805944703,0.435897,55.25
3322.869914082993,4024.536486977865,953.4043208138204,759.983944333665,939.2053337916569,0.461538,43.79
1105.7145494993053,1083.9926804318213,2349.8649432742695,3403.903672454552,2056.524154340052,0.487179,65.13
627.2504420962814,3242.0834344353552,689.5730249673725,2985.34647182303,2455.746626677961,0.512821,81.22
1459.484554926829,2129.05690080935,2839.332644534694,2242.621069043723,1329.504830685405,0.538462,88.25
709.0076397917844,2083.3315873936735,3425.3377695318945,3269.6420053982793,512.6809978843683,0.564103,63.27
3001.0693478412204,571.8393615086709,1405.4493159581045,3267.9581916314037,1753.6837830605998,0.589744,115.36
1670.2322430010524,538.9448773928741,3388.9462377028867,2704.4314494639902,1697.4451924391979,0.615385,49.11
837.1774361093443,2291.5547816216995,1921.8182959523435,2477.1693376945227,2472.28014862209,0.641026,45.76
2135.26340451315,755.1292465544847,2301.599159583892,2715.551897299989,2092.4562920484836,0.666667,95.05
761.4725974867844,1345.808903678973,2431.114964917351,2102.263250920203,3359.340282996688,0.692308,103.01
2558.0606347885014,2082.674218290109,1261.5545806445336,3501.5114214525092,596.1991448243461,0.717949,89.72
1236.8515626881324,610.1535169852993,3080.4175399688734,1334.9428245802399,3737.6345557774553,0.743590,90.16
2016.503677480318,784.6205028139378,3138.973437692634,786.1569463806399,3273.7454356324706,0.769231,70.85
1798.390846933905,2562.2380854227895,2710.513660981203,1945.3732245810882,983.4841820810159,0.794872,103.50
4880.2398018864815,1065.2433673924984,996.9187394878566,1433.8641596541645,1623.7339315789993,0.820513,110.14
2110.7045175119856,838.4699358068566,1894.2779388644653,3096.035606371805,2060.512001444888,0.846154,119.43
3782.663304875862,1043.0259289180754,2397.1778113729265,2023.4163368344985,753.7166179986384,0.871795,94.86
1700.6513208833114,2256.2458978909967,3131.709737020591,1348.6532355972067,1562.7398086078929,0.897436,124.85
841.7941237320014,3315.7201438214233,2158.8337685785564,2631.7142151315243,1051.937748736495,0.923077,114.06
2539.639309256019,2066.2527427537602,621.1999748198524,1330.489797122046,3442.418176048323,0.948718,146.36
1668.3325848206491,2521.512611303054,2717.463199605134,2471.1473850286775,621.5442192424854,0.974359,154.28
1590.5549523088614,2393.234707269305,827.6995595971001,1960.3934720528123,3228.1173087719203,1.000000,128.96
2497.3780962003157,2686.790786334226,1289.827857135956,2114.4387305323226,1411.5645297971803,0.000000,0.00
2765.048586989823,1450.8845085224923,1619.5877434950692,1338.0815092257706,2826.397651766845,0.025641,0.00
3082.9245594280924,2736.7834365898207,2081.4431527696447,915.1051362702115,1183.7437149422299,0.051282,37.99
3169.564986465754,2691.116209826094,1208.668638020164,619.4756381716625,2311.174527516326,0.076923,26.48
1782.5889616722272,1679.1399894691851,2379.378381649556,2136.7121156955186,2022.180551513512,0.102564,33.39
1005.3339455963628,2287.917478874002,2820.146972172019,1732.8820789526044,2153.7195244050113,0.128205,60.30
1581.4682782181533,3411.9106614271577,2344.3147365486784,1274.960777866221,1387.3455459397903,0.153846,56.37
894.3986274595759,1666.8313325111023,3639.9608570463997,1605.1612929092153,2193.647890073707,0.179487,0.00
2214.2710556108855,2657.8104448135905,3478.6174647949515,527.6580836853996,1121.6429510951734,0.205128,46.91
2007.4205204531097,1189.4454956284148,1227.0862186120937,2919.9014485925645,2656.146316713818,0.230769,70.87
1126.4000902653436,3178.2035308233753,966.4961872335826,3446.986725284533,1281.9134663931638,0.256410,0.00
424.53343665890094,3399.36186610985,2128.232675652148,2226.4310510569458,1821.440970522157,0.282051,21.59
1765.464635899584,1669.6524617657374,1984.0968004788222,2917.637066437528,1663.1490354183281,0.307692,15.62
1544.9244481960257,3098.8196058994276,3092.1498194053606,870.1349484228228,1393.9711780763635,0.333333,6.00
2182.4355749494207,2283.6069256316464,2695.6503140478176,1937.8563444582014,900.4508409129128,0.358974,19.24
1561.9918139527842,2236.996965826054,2061.350286968602,2315.2743550121777,1824.3865782403825,0.384615,86.94
2264.9374816532477,1904.8492563688383,1018.0315344486063,3030.8811389849993,1781.3005885443083,0.410256,25.14
1484.8500495331518,2786.1725005012086,2626.8860389531796,1600.9586687054764,1501.1327423069827,0.435897,55.94
1623.9753625427975,1835.7520690074655,1240.2611953166213,1183.1279483733283,4116.883424759786,0.461538,97.14
1994.6564800632486,1551.7174156769786,1078.9074642154524,1874.0255887037872,3500.6930513405323,0.487179,102.84
1480.0814775150764,3184.0039161630175,2322.7806188959853,1703.0714005861535,1310.062586839767,0.512821,37.93
1881.594177214707,1936.3662349271829,2245.594007414116,2460.7999330870007,1475.6456473569922,0.538462,81.01
2340.4391914926687,648.2874175113841,3193.109058938808,1042.1080396605332,2776.0562923966054,0.564103,100.40
1867.995077984956,1009.8317172041444,2505.1328097144237,2286.6266774812852,2330.4137176151908,0.589744,63.82
908.7866297849141,3262.265691716134,2803.172762526681,873.0956312471023,2152.6792847251695,0.615385,43.09
2189.3419071405533,2224.2563864087274,1980.6116702581662,1031.8868846727119,2573.903151519841,0.641026,66.28
866.343288512285,3124.757367639996,2125.9897108822256,3171.290495085777,711.6191378797166,0.666667,67.34
1747.1031149296534,1797.9313470557506,2079.3694528636606,1715.6015705982152,2659.994514552721,0.692308,73.19
2884.2374011031607,2761.7724609441193,887.7601579011261,1117.9909868735188,2348.2389931780745,0.717949,60.98
1539.362571853546,2032.5220804139724,1996.5729014859955,2939.111636892655,1492.430809353831,0.743590,74.12
2630.854157001866,570.9506869465966,2475.1344075362335,1689.1680082938917,2633.892740221411,0.769231,57.94
1347.7985430218262,3094.579395350028,1237.8111677435159,3050.698535157942,1269.1123587266875,0.794872,68.78
3224.3128559335178,571.5450831978845,1794.2648833707099,1270.2356328386957,3139.641544659192,0.820513,134.80
1706.6427449909102,2167.1919531542476,1274.4031175518303,2884.658463196527,1967.1037211064827,0.846154,146.50
1611.1270507004479,3558.4650250194013,1436.3475641220991,1128.1991928688988,2265.861167289154,0.871795,98.69
883.7574963825007,1417.6198738895284,2852.034639950395,2692.993537551416,2153.5944522261607,0.897436,119.37
3177.2628695281874,2611.9559876209223,1506.0163321518673,560.0802013114684,2144.684609387555,0.923077,131.32
1181.9017428446562,2281.7290898112938,1271.6380586720675,2528.1205939976167,2736.610514674367,0.948718,133.59
987.2537620585899,2639.5589503404044,1296.1081145760077,2440.802850110843,2636.2763229141538,0.974359,152.17
3605.2475158450407,2382.8255925113353,987.3121183412353,1070.383709528418,1954.2310637739695,1.000000,106.76
1212.8470455387812,3079.1867294239264,2282.6657248364304,2643.1933472311152,782.1071529697471,0.000000,30.96
1220.3866333367082,1146.921873733701,1769.1330557820913,2981.6490982348487,2881.909338912651,0.025641,0.00
3234.9320979313266,1444.6088520158853,2900.5233333101473,652.9396690867657,1766.9960476558726,0.051282,0.94
1398.087860923053,1240.8970575647368,1460.0045379880096,2543.104076497513,3357.906467026688,0.076923,52.26
559.164014247686,486.32424232148577,3287.6376426266274,2380.9611537522733,3285.9129470519283,0.102564,0.00
1500.9204493236277,393.76161005312935,2590.538830462692,2377.4512605594014,3137.327849601149,0.128205,5.23
2724.01503535521,1886.1155136940542,1564.0220912722643,3135.2715456989317,690.5758139795404,0.153846,30.78
3310.5610108104793,1662.129517766471,1121.0887030448891,2657.2103293177784,1249.0104390603833,0.179487,50.69
2325.0049057873507,2223.5226858865694,1917.2184571587932,2178.2251870688847,1356.0287640984013,0.205128,0.00
2749.7036274850884,4383.150691251925,1129.7863762021116,584.3012940284598,1153.0580110324145,0.230769,13.15
3133.119250857489,2885.373281327764,606.1372285042195,1934.364477507263,1441.0057618032638,0.256410,43.11
706.396972025518,4105.986810652364,530.1200373754099,2932.462318904617,1725.0338610420913,0.282051,44.05
683.2569799758063,2412.3347030334367,3785.789448653798,900.203168124882,2218.4157002120764,0.307692,24.47
804.857258462118,2811.0871602726857,2445.829688477209,3022.3280758823003,915.8978169056873,0.333333,36.09
2453.823407843649,2691.451530454052,2633.943887238747,500.72459979160953,1720.0565746719435,0.358974,20.40
1119.1758371277408,2155.8064050713133,2109.574796165955,2474.2327885511518,2141.21017308384,0.384615,69.71
3086.0524194918617,2189.8635171501724,1179.5249111010835,2857.509389243273,687.0497630136089,0.410256,20.12
1179.3444499214977,2488.1267046191188,2374.2087559901474,2243.710125643696,1714.60996382554,0.435897,91.64
2051.102828458225,2620.6613784157953,2285.433193747123,853.2305063466629,2189.572093032193,0.461538,33.70
842.7179140477074,2687.152346101545,1918.424368358573,2790.058936300696,1761.6464351914778,0.487179,62.25
1012.0127843860903,2978.425241489212,4459.7605242561285,893.3867422412595,656.4147076273105,0.512821,85.80
3042.753482706344,2781.1494800087125,2033.0796733265813,1052.0029032156565,1091.014460742705,0.538462,48.72
3552.6738128244074,1658.4274134813832,1570.8278794583116,891.8301251846981,2326.2407690511986,0.564103,64.04
1500.2934452338918,3436.411380139714,927.2134158830468,2232.8307919826466,1903.2509667607003,0.589744,63.11
615.9963154966756,1315.5752641849904,3184.1894113137287,1365.1448336605772,3519.094175344029,0.615385,57.52
2732.5810558500134,2664.320857460035,772.3731103081205,1686.3290739518886,2144.395902429942,0.641026,69.23
2083.7822770833614,2800.015208404392,2138.0417867338147,2083.8622423649717,894.2984854134602,0.666667,121.80
2242.334695684334,1125.4200887860684,1198.5934932483221,2710.3744463489484,2723.2772759323275,0.692308,123.56
982.0656205852237,2791.3619893458326,2210.301380044811,1383.994102394301,2632.2769076298305,0.717949,125.86
2293.982447775212,1693.68992411446,1941.5134844929903,1940.1793559506402,2130.634787666696,0.743590,88.34
2485.5741122520467,2157.6145903446227,1957.5161707943935,2400.2747199516048,999.0204066573319,0.769231,127.85
1192.5394736897088,1980.461902208872,2983.987061116513,493.3752014753404,3349.6363615095656,0.794872,61.75
641.1088656627164,2305.234469131485,1435.707420029327,2791.768235374642,2826.1810098018277,0.820513,118.06
3348.9177850012175,3051.6100485420225,1932.9895633815618,1096.5774643851516,569.9051386900466,0.846154,133.74
1977.339734723067,1733.9615600825637,1358.802242022228,2514.341752039508,2415.554711132633,0.871795,72.21
2418.4893788304958,752.4530642402158,2404.071253116409,3470.2591151236693,954.7271886892084,0.897436,114.92
559.5141251274007,2768.4277814173984,2067.53440047299,1982.902274601353,2621.6214183808597,0.923077,96.02
1684.358789605808,1185.4178733612873,2043.5567889242568,2511.0172870180245,2575.6492610906234,0.948718,80.37
564.4067987236901,3267.970873885114,3400.0554056776323,1232.1488218588765,1535.4180998546874,0.974359,133.88
2429.564081455619,1993.5955993332034,1795.040385580729,2477.1214706194573,1304.6784630109935,1.000000,138.07
1630.4819602888615,2816.557751229995,3201.4042850469514,490.74899703850883,1860.8070063956827,0.000000,30.17
2296.1501191526672,2350.5366492502835,2036.5087219900695,2291.3521630216856,1025.4523465852951,0.025641,39.06
3105.6197632155495,1603.892573540548,1888.1195123229643,1115.0230909236554,2287.3450599972834,0.051282,11.48
2353.3125487702096,701.7255355586776,2840.5428403587453,2555.2288079171285,1549.1902673952375,0.076923,21.43
2426.220755910566,2465.2678566980157,1508.1258105107115,2586.3799104656387,1014.0056664150671,0.102564,0.00
1776.833109700214,2592.36636764144,1894.6423432994934,2411.216411028031,1324.941768330821,0.128205,0.00
944.4443018482121,1508.5136420771253,3653.8656520887102,1057.049879256715,2836.1265247292386,0.153846,35.11
3467.9265528365054,1848.7349414498767,2334.682292803191,1111.8615255478214,1236.7946873626056,0.179487,25.58
511.51534503544343,1433.583579304671,2633.7678310758356,2729.902520951275,2691.230723632777,0.205128,35.16
2126.445621864645,924.6461378065165,2406.8451471542994,1708.7492557663177,2833.3138374082214,0.230769,64.15
2999.7714113926345,1374.9076118477824,2037.743372609386,998.2222283553324,2589.355375794864,0.256410,70.57
2901.393471903638,2121.7182344512535,621.2263815630162,1841.3523269807615,2514.3095851013304,0.282051,77.97
1071.913913307714,1984.9832246400238,1710.131948886103,2348.569269728462,2884.401643437698,0.307692,19.56
1959.7682204096668,3622.895335538486,596.9222958127597,904.2846990459775,2916.129449193109,0.333333,83.52
1030.2215919126872,1234.1360578796152,3242.5967208229995,1712.4058820840482,2780.6397473006487,0.358974,69.49
2559.6320191327163,2450.1706064010546,1357.909808292146,971.2679012291717,2661.0196649449117,0.384615,25.93
1544.9654749567574,1848.7853939700478,3470.122596385078,763.946219938121,2372.1803147499963,0.410256,73.89
419.6534606708912,2980.4026538807475,3149.2877862326504,2751.9394038412124,698.7166953744986,0.435897,42.94
1738.213388291046,3536.6707160986584,3420.834867128694,571.2262739283847,733.0547545532168,0.461538,90.18
2908.8230828796245,2302.469361095446,775.5430521440871,2926.8071610300663,1086.3573428507746,0.487179,38.69
3544.2667219163577,622.1039518670309,2751.4744759479813,1992.8880455085498,1089.2668047600803,0.512821,38.45
2405.260675159724,2415.414886203609,2105.2314270214615,1158.8977622990608,1915.195249316145,0.538462,77.02
676.8191102306497,2863.6470245668224,2553.23253986673,1735.6593889008561,2170.6419364349404,0.564103,92.32
2567.8028364261163,3311.6217213002164,1234.1528824984441,980.8114975357987,1905.6110622394247,0.589744,114.24
2460.5810986396987,1931.2932129898231,2252.164849076118,1759.1272234013584,1596.833615893002,0.615385,111.99
2430.5577360089615,2076.2615237395576,1347.7170821139653,2284.6300852380987,1860.8335728994166,0.641026,43.97
1256.0831571022431,2925.5133868911544,1338.8502589278048,3030.807788183219,1448.7454088955778,0.666667,112.73
1019.7703411476614,1244.4633508708785,850.3653577900955,3544.5488430594974,3340.8521071318655,0.692308,68.13
943.2236289818687,2814.5653242480817,1684.26989519153,2175.200560309869,2382.740591268651,0.717949,120.53
1156.3564808113908,5751.032197443801,829.1697039717308,1257.047249035274,1006.394368737804,0.743590,96.36
3298.181201674617,1260.4664971572572,943.0158022460876,2074.8563712044293,2423.4801277176093,0.769231,120.86
3891.708751940902,1611.5301997966687,609.1781630849262,2306.8140602995218,1580.7688248779825,0.794872,120.82
1153.180544787232,2865.80888736463,2979.1237477047785,1045.880915220571,1956.0059049227884,0.820513,116.16
960.0654883349341,1712.8148777158253,2362.8422808399987,2301.7246522207756,2662.5527008884665,0.846154,127.18
2175.9640646845237,2176.789013702728,1351.7723108258049,1967.0281903231719,2328.446420463772,0.871795,110.27
1291.35458138159,2430.413107148073,1067.7463636842053,2214.649810878253,2995.8361369078766,0.897436,139.33
2457.51749368107,985.346893533838,1253.3954002638677,3563.630612490198,1740.1096000310247,0.923077,149.65
2751.738762447812,2015.3862826978213,556.5463404864335,1608.5273616961726,3067.8012526717603,0.948718,149.43
719.5827489906974,2896.490878976914,1812.3607538781025,2673.854492660823,1897.7111254934628,0.974359,158.38
1240.2775666104799,2233.799816868517,1520.057171226324,1964.997253285665,3040.8681920090144,1.000000,91.37
797.0123915338087,1891.2770822883556,2461.0877644836246,4068.776734482029,781.846027212181,0.000000,0.00
649.4761497994892,3337.8982381747114,3301.3080561194706,1943.669816093009,767.6477398133197,0.025641,30.68
1022.0668723812888,3201.047388432982,809.3315645491915,3340.5684341135316,1626.9857405230048,0.051282,0.00
2374.987625843387,1140.8273732817213,2342.7054757732635,3114.7775682919305,1026.701956809696,0.076923,13.09
1884.2645017046646,1926.617695876514,3250.1987344908166,1725.3617389309463,1213.5573289970575,0.102564,12.31
2388.0977551926685,2854.3525112077527,792.8225737238636,2787.6185521119924,1177.1086077637235,0.128205,0.00
1514.803797524457,1120.5598132814441,2279.1861761040427,2670.7749325609725,2414.675280529083,0.153846,47.27
1142.3577450976468,3259.822860936115,1564.9329710645063,2295.180430835119,1737.7059920666131,0.179487,47.66
371.0052776705736,2554.9260806926545,1983.0379769463261,2652.057974144626,2438.97269054582,0.205128,3.20
2052.637230433173,3315.2992711406755,1729.561275835715,515.1404471317429,2387.3617754586926,0.230769,19.98
3137.6521676628768,2115.573921457884,537.1287299024342,704.2512904125099,3505.393890564294,0.256410,70.89
2411.449166413888,1120.9894219175833,1446.1919461289679,1873.650835042434,3147.7186304971265,0.282051,63.21
3829.439803431777,2668.8936502714564,517.5720759160853,2454.077596039952,530.0168743407289,0.307692,34.23
1481.7723202357477,2295.893467523939,2087.985235434281,2152.1829968945412,1982.165979911491,0.333333,59.67
796.7388743727641,1504.8590582631243,1063.6504468474693,3524.976758206171,3109.7748623104712,0.358974,13.01
2519.8395137392354,2661.8926217291073,1966.9446392908023,1953.7087211865792,897.6145040542751,0.384615,29.36
2143.291733990728,2354.0209918627434,1350.2174085854613,1814.7817683308208,2337.6880972302474,0.410256,61.15
3920.9032850468093,688.1344957491938,1977.4195818386793,2187.5014549504526,1226.0411824148641,0.435897,93.72
3155.77715371468,882.6149751605841,1466.16871434089,1712.809674929026,2782.6294818548217,0.461538,33.10
900.0440006575919,3075.2358580991868,588.1790544503677,2168.4348665465754,3268.106220246277,0.487179,28.92
2376.336728938508,3059.079200749014,861.0856176104977,1105.459180403262,2598.0392722987185,0.512821,60.90
749.7844897095599,3291.427417656007,1304.8977971311606,2704.391608259909,1949.4986872433644,0.538462,90.58
2719.5954746983316,1762.9223901560442,2480.8077246738317,435.56429245848517,2601.110118013308,0.564103,82.23
1453.7909217480676,967.0956901537221,2835.295056076788,2481.686615757651,2262.1317162637724,0.589744,75.19
1310.1723884466628,518.6202112832501,3627.66902744518,1808.960972578387,2734.577400246521,0.615385,79.49
2467.4297126968636,1872.6098789417576,1332.4452901245409,2329.873892027799,1997.6412262090396,0.641026,66.10
1334.4388392108,3404.3966558140964,874.297649408832,2855.56809224797,1531.2987633183016,0.666667,120.93
1779.314311317703,656.1791639794237,3051.7411540977437,2327.873771167368,2184.891599437763,0.692308,111.57
2009.6069975085386,2698.9823480046557,3159.2516142783406,614.3841307404822,1517.7749094679823,0.717949,96.37
1301.358178544291,2494.0838364019482,3047.4529473120356,2736.220748607394,420.8842891343329,0.743590,125.65
3360.0909066680524,712.481575349636,2714.4623589150438,2246.713245511734,966.2519135555344,0.769231,69.73
1421.0578805236346,2253.8289466710607,1985.6239575881655,1633.4731475664619,2706.016067650676,0.794872,103.44
3189.656943844373,2772.227301393647,743.5718121213552,1172.299192987245,2122.2447496533796,0.820513,75.67
1000.573519423305,2852.7799915566056,1054.975227590956,3054.4771453902144,2037.1941160389185,0.846154,101.17
825.5377332743008,2831.748661298346,1745.5882935498582,2363.579128945938,2233.5461829315573,0.871795,74.41
2761.8124387823023,1787.1497529623257,1187.8974538505015,2177.430540607782,2085.709813797087,0.897436,138.82
2183.689380985747,1812.4618862323073,1932.7818791898485,1953.3054224401983,2117.7614311518996,0.923077,150.49
3203.361174698813,781.5659061939533,1047.758220198087,3644.4871963713963,1322.8275025377493,0.948718,82.82
1543.6554398181852,3264.566775885145,2388.7570872710767,1964.9725878185109,838.0481092070825,0.974359,97.88
1244.1173884381446,2100.2561641285274,2969.6210462528647,1750.3303198893088,1935.6750812911546,1.000000,137.94
2728.6648569250706,2119.9240946328932,1041.8906121571124,3344.1995433131788,765.3208929717442,0.000000,0.00
1338.634801709263,997.2210143309052,3280.6270415755653,3096.7421930418604,1286.774949342408,0.025641,18.72
3071.091927458696,510.1779212957107,3040.4848233148796,1017.6827736225796,2360.5625543081346,0.051282,32.89
2275.286084362442,2772.081800189222,1373.0706089956213,951.8916888874379,2627.669817565277,0.076923,6.22
4149.413067539562,961.3386140977377,996.3743612844786,756.9947058834191,3135.879251194803,0.102564,27.34
2089.536816559049,2501.7386775209634,1240.4490468578772,1634.0510079538371,2534.224451108274,0.128205,49.59
910.1124223964147,1408.3835017582016,2758.5225139778613,2153.1502992214464,2769.831262646076,0.153846,47.51
2065.7565790605563,2586.3445101145553,897.7958709566963,2504.5026571084877,1945.6003827597053,0.179487,29.91
729.5899640404674,2561.1252403912285,1312.6765342328963,3201.495034103373,2195.1132272320347,0.205128,0.00
2025.5289402268395,2423.9894837783904,2440.076495886093,1726.0201284945285,1384.3849516141488,0.230769,29.27
1377.9012986714995,1865.4909921430806,2081.273416081342,3030.983647834251,1644.3506452698252,0.256410,30.18
2816.7590943773603,2691.8187249764615,2618.402096701481,1390.7900846887017,482.229999255996,0.282051,73.66
1368.4897567930186,2498.477788951371,2125.5462054164213,1557.7464266266416,2449.7398222125476,0.307692,47.38
3002.3166944724194,1781.98011036733,1064.0082639010564,2899.9429184221203,1251.7520128370738,0.333333,80.11
2545.1183439221345,1713.47525701458,2688.401187776532,1999.1935252981052,1053.811685988648,0.358974,55.38
888.0009569206902,1419.8437705973263,2010.2200205080223,2285.3577164101803,3396.5775355637807,0.384615,30.88
2092.457796883005,542.9292064281054,2834.239615303064,2043.1358236033132,2487.237557782512,0.410256,60.51
1321.4829511953822,2497.2954372437466,2212.667915666541,2137.3798498184574,1831.173846075874,0.435897,29.90
2777.817090524212,1856.9265103683842,1671.7978555398688,2021.1372499968124,1672.3212935707222,0.461538,77.34
2369.275666941178,2566.7495015964473,2479.590808194878,495.8538622486773,2088.5301610188194,0.487179,56.69
2546.8324179908104,3391.2446938839475,1249.421768122175,2308.774640564798,503.72647943826905,0.512821,88.56
978.8567848156439,2982.2295497295313,1411.5733719234163,2314.129346742955,2313.2109467884534,0.538462,81.48
2776.5100242707585,2020.4116928199323,2027.988659195476,2129.559913438008,1045.5297102758243,0.564103,102.77
2025.744321136342,2152.7257618151275,2402.171139910206,2278.687954794858,1140.6708223434662,0.589744,39.64
1660.0067151242724,1695.707521932851,2732.0137371469364,3182.390903419855,729.8811223760856,0.615385,62.50
638.7383563177056,3109.385904346943,797.3742932719886,1907.8962609016185,3546.605185161743,0.641026,48.73
3136.3849299305793,595.1797785576366,2678.5638476721533,1290.3959093775782,2299.4755344620526,0.666667,70.27
1906.0738589299967,2385.1246657792144,1700.7191962685404,1496.4278469770888,2511.654432045161,0.692308,126.16
2584.7125272614953,2427.9757040459886,1366.27607507769,2033.72551515445,1587.310178460375,0.717949,131.43
3519.536700026287,2872.995004885276,1153.8187891283392,663.6230893378834,1790.0264166222144,0.743590,105.59
1639.071624710503,2499.0639905892576,1353.6494283560776,573.6412546345897,3934.573701709573,0.769231,80.56
2079.9255833565057,1344.75239610094,1885.522460918128,2285.44537000082,2404.354189623606,0.794872,136.39
2361.4529503022395,2009.4800171899728,2141.353890101804,711.9774527570922,2775.735689648891,0.820513,65.58
797.1045323954999,2462.7164371086856,882.1141325217923,2581.3693291558393,3276.6955688181843,0.846154,106.92
2366.5445033888495,2163.6644833380064,1617.2616842386396,1614.5716482554692,2237.9576807790336,0.871795,97.38
746.5766858378796,2211.071471662045,1585.1195189653192,2752.709768928799,2704.522554605957,0.897436,114.64
3063.477841142806,1656.608913552943,1433.1426140620065,765.8823606952241,3080.888270547021,0.923077,110.00
1408.7154618336808,2121.6246244811364,2467.523899183541,879.0196007876586,3123.116413713983,0.948718,107.47
2570.3279646540673,2263.462924242184,1317.6589710982416,2466.5288302360127,1382.0213097694937,0.974359,113.01
2950.2251239778248,589.1705768862496,2869.0119525509144,1642.308903533178,1949.2834430518326,1.000000,164.47
4080.5647683453362,1199.556727208516,676.7263753198637,2722.199218139479,1320.9529109868058,0.000000,0.00
3706.7936634169782,1043.0865389671385,2276.654304860521,1712.9402396334433,1260.5252531219196,0.025641,0.00
3001.9275643859105,1261.0500470997351,2049.204776397027,1640.4335836357936,2047.3840284815326,0.051282,8.19
2766.9299721007633,2949.0390615570095,1658.530254458212,671.1890409360294,1954.311670947986,0.076923,51.29
719.9811615629833,1519.8006589296313,4778.375379433678,2210.0626269820227,771.7801730916843,0.102564,9.28
1787.1180221481309,1412.5161517008676,1914.0296929003557,2046.721203173958,2839.6149300766883,0.128205,27.72
2926.2336637932485,1240.3918710226485,1365.925344121567,3115.6287933410235,1351.8203277215127,0.153846,44.81
1049.868885785222,2439.542039111408,1391.090004762263,3371.737243766072,1747.7618265750348,0.179487,1.15
2532.158693534904,2308.1034875989876,608.2516929468699,2645.772020216238,1905.7141057029987,0.205128,58.55
1174.1339287764117,2785.9592562755593,3051.270324725948,1215.6246370770778,1773.0118531450023,0.230769,65.35
1996.7663205230815,468.22150861411876,1676.7969459514452,2759.5077361988547,3098.7074887125004,0.256410,7.18
1550.9252746284694,767.2884940370557,1770.1280360038415,3779.548473699158,2132.109721631475,0.282051,7.92
2318.872812868949,1820.0789013788751,1608.9981201564306,1000.0069230158737,3252.043242579871,0.307692,9.55
2344.6833303572957,3957.223219186076,700.7604690846603,1168.7490936674765,1828.583887704491,0.333333,74.07
2314.6227962214552,2321.6684258677765,1717.8298348783605,1336.547647327402,2309.3312957050075,0.358974,59.85
1065.912949588736,3012.65738729802,2617.165713081262,905.512834783019,2398.7511152489637,0.384615,21.71
2165.607355238685,2007.0499518977372,2659.2132463464563,1832.4702725836403,1335.6591739334808,0.410256,62.24
2387.1852190289237,2253.445289358431,1090.6207164225802,1010.9646537199567,3257.78412147011,0.435897,88.81
2197.811129681767,1738.073922269013,1044.705850888324,2460.339924164286,2559.0691729966093,0.461538,79.55
717.2415008982234,1924.5220226300733,1502.3009502254686,2297.9001828089986,3558.0353434372364,0.487179,36.12
1788.6290637116474,3136.3028551494767,2893.834639215158,1347.8342531140502,833.3991888096657,0.512821,95.76
3426.8017987015287,897.5984712213351,1580.8566355010369,3284.7887724612124,809.9543221148891,0.538462,34.82
1563.8072346968966,1050.404598205497,3575.87233846097,2525.946801043161,1283.9690275934752,0.564103,111.69
2188.286786685533,2478.650252879692,1215.2234358075025,2050.943390092608,2066.8961345346647,0.589744,43.19
3254.5902316182032,580.9916837925889,3449.5013224179534,1807.6068238615262,907.3099383097281,0.615385,86.34
3081.7535217455916,2439.1284075839235,2136.53253112678,895.2398031054404,1447.3457364382637,0.641026,97.23
2241.0285462394777,2330.3225887359868,783.1823605893571,2385.0648970970974,2260.40160733808,0.666667,74.38
1620.2744318718806,2880.4247280178847,1923.8249585282238,2744.361184574283,831.114697007728,0.692308,74.99
2707.585978608851,862.4423310091396,589.792624270704,3710.5110262170047,2129.6680398943017,0.717949,54.27
1054.5125903367896,2734.0586108872985,2517.867130169439,1571.5204732447548,2122.041195361718,0.743590,121.34
2127.789324020631,1907.5081656832647,3741.2173331529125,929.61318367542,1293.8719934677713,0.769231,81.12
2875.627987458121,2219.83520510994,3782.7335445709664,574.9371672955428,546.8660955654295,0.794872,86.73
2643.4355151955237,782.6937189672302,2779.0544087616913,1520.593920977003,2274.2224360985515,0.820513,135.49
2735.6990763630934,1867.6941760755496,1095.1223271521255,1700.3823962468118,2601.1020241624196,0.846154,130.95
3483.761551509056,497.1276635798192,2064.536875901404,3442.8447459739996,511.7291630357218,0.871795,84.00
2639.737127978543,2256.643404095663,974.1080376214957,2852.4919025513364,1277.0195277529608,0.897436,94.46
2444.944417958769,2911.975590032727,1700.0544947932246,1598.5074546284868,1344.5180425867918,0.923077,107.43
2446.6971487017086,2647.707412094511,1389.9481092938647,2993.565645620805,522.0816842891109,0.948718,108.35
2764.085855793967,2691.0553825124143,1099.4571879214002,949.6147528627748,2495.786820909445,0.974359,100.41
836.4569383779641,950.4216544816315,1642.1244688862685,4435.6109215324295,2135.3860167217067,1.000000,126.63
1384.5510465153914,2078.635912177735,2809.288100630678,1023.3101377476581,2704.214802928538,0.000000,41.90
1828.2288925776265,2800.2072782546365,454.2425118613641,2627.67482613807,2289.6464911683024,0.025641,42.34
1222.663886749526,2238.734965242948,1026.1043619673173,2711.2593486539154,2801.2374373862913,0.051282,3.93
1597.624733123978,1447.536181834419,2290.0426397686015,1847.302632181321,2817.493813091682,0.076923,52.08
1471.9421195160298,3681.564861645092,3253.632208599975,461.8971554573821,1130.9636547815217,0.102564,40.83
2884.701913148728,1386.832503020069,2162.6688954242113,1026.3443413774814,2539.4523470295103,0.128205,0.00
2078.8108649216497,3548.013395619947,1526.3682949702925,857.1431420149132,1989.6643024731964,0.153846,22.89
1452.3427688491886,1912.7675572997352,3330.077652696382,1480.9633328123932,1823.848688342303,0.179487,28.73
1674.1044365518605,4711.772513773701,1417.861431664595,562.8793729564443,1633.3822450533996,0.205128,13.66
2156.4003337957042,3094.655781500604,732.2366557225704,2415.2097775494017,1601.497451431721,0.230769,67.19
2987.3283016238247,2948.7026742494227,906.2084895188146,1590.8494904826841,1566.911044125253,0.256410,61.03
2647.04703394966,815.8446190919509,2638.922183718142,3331.4003721305617,566.7857911096855,0.282051,41.57
2956.3289897081204,2738.1618713819557,1275.0911105669886,618.613157487747,2411.8048708551887,0.307692,52.26
509.04096492372224,3026.07243090735,2132.884718020817,2798.967394548753,1533.0344915993576,0.333333,42.73
1806.6637712755874,1569.812393565042,2566.0258626807877,2167.9652352832704,1889.5327371953124,0.358974,62.17
3058.0214274615873,740.8918153502694,3038.4324347588204,814.1198711879146,2348.5344512414067,0.384615,59.74
2510.5461752425635,2640.8376835042627,1251.879002792331,1530.5752134100112,2066.161925050832,0.410256,73.44
1847.7218238814216,2257.9991856696884,2298.2086696855486,2445.8725685447453,1150.1977522185953,0.435897,19.99
1535.8980370382453,615.6159558264989,1409.767795769486,2957.6332359515495,3481.08497541422,0.461538,48.35
3813.714861736,705.1737162328214,1347.1266139387067,1883.0493843664535,2250.935423726019,0.487179,43.13
1837.1324953664023,4136.314852632445,2005.2397703580991,1158.63456486431,862.678316778744,0.512821,53.11
593.2070853232533,2949.605141543336,2826.847767018106,549.5796326750458,3080.7603734402605,0.538462,92.03
2017.2756131177289,1266.4473025761883,3305.5357259363677,2258.017707378936,1152.7236509907789,0.564103,66.44
1225.3161922474794,539.3112861506959,2649.2002151490065,2223.6557331978697,3362.5165732549494,0.589744,106.68
2174.6948487244567,572.5853949007552,772.1171471110454,3244.390019425163,3236.21258983858,0.615385,106.92
547.8862975731644,2809.4459856432377,1942.4856143519191,2506.466236361661,2193.715866070016,0.641026,76.26
2729.253619858552,1239.9415865748595,2572.674302570077,861.2822579717516,2596.84823302476,0.666667,92.96
2143.8813756849418,1256.0366414105401,1919.2059841031542,3263.7013761221106,1417.1746226792534,0.692308,80.46
637.8388978495273,674.6425062656917,3063.7789333158553,2967.3315480734454,2656.408114495481,0.717949,67.83
1981.0164475470121,1656.2204220658207,1898.1999444095738,1592.6278285392293,2871.935357438365,0.743590,79.54
1077.1165771326991,2913.34171718214,2408.478945098876,1905.7692960086079,1695.2934645776754,0.769231,123.99
1439.379904061227,1576.0855402577179,2352.0721016696,2710.050226882688,1922.412227128767,0.794872,128.78
1643.788507082171,3040.323502631504,2997.5657052061183,1008.4385884787528,1309.8836966014542,0.820513,64.52
884.2374435774459,2871.3861469761305,2794.7462986484493,1595.9194421687632,1853.7106686292109,0.846154,126.62
2893.9305806362163,1848.1651576364634,511.56341659745635,3850.045427323427,896.2954178064381,0.871795,91.83
2116.0550238561036,2377.9745383359405,687.3111853647988,2101.0199881526205,2717.6392642905366,0.897436,114.02
2878.288847790818,3089.9004070585875,1024.454860500668,838.7198471811516,2168.6360374687747,0.923077,126.17
2651.5122838228344,1366.1687421312229,2601.210056656703,999.2829695469549,2381.825947842285,0.948718,94.42
2279.1733290802613,2001.2949650328146,1406.129119647582,2820.368102983816,1493.034483255525,0.974359,142.87
560.3837624270925,1468.6598219461453,2400.1127807335056,3138.579893866067,2432.263741027191,1.000000,148.65
2429.5573041018224,2487.130804137673,1499.9366381144343,809.9002120956246,2773.475041550447,0.000000,0.00
1895.4301025180482,1981.0666135107351,2504.7549491027657,1670.4587755220793,1948.2895593463725,0.025641,1.64
671.9275591567337,2020.6066368915513,3673.7941967681495,1757.8284351370824,1875.843172046482,0.051282,0.00
2406.3631246027853,923.6282163438369,2050.1820231746497,3172.4921069023176,1447.33452897641,0.076923,5.09
3121.069410804141,1003.2582452378489,3734.691369725358,851.6911175881445,1289.2898566445076,0.102564,0.00
1413.9051768607712,2052.207246129216,2323.41210093772,2908.6114149959617,1301.8640610763307,0.128205,0.00
1553.2483343423814,4001.2132569294845,1641.4960905205742,1246.001025067052,1558.0412931405076,0.153846,0.00
2131.7004450910995,1943.8853725417953,2929.336162074143,496.61970105964434,2498.4583192333184,0.179487,15.87
1772.0622302308889,1851.9308598929467,3031.011887359247,1783.8410609800592,1561.1539615368579,0.205128,44.06
2387.9509790239686,2096.347177027472,2245.3832815153046,2049.277089146851,1221.0414732864056,0.230769,59.22
1493.2794439737877,1177.5773004301957,2165.765441631857,3096.1559889561704,2067.221825007989,0.256410,53.75
2020.3418478142191,2182.93297287223,2136.2888619036194,2202.4284891278944,1458.007828282037,0.282051,34.27
2430.8411025661326,968.6935003840696,4621.263114821612,845.6546452534628,1133.5476369747223,0.307692,11.98
2975.5274693244237,2525.153335174068,1101.6636751041042,2782.484363731351,615.1711566660528,0.333333,10.95
572.8734488729441,2691.5887403371544,2116.6087677883656,2633.898352906814,1985.030690094721,0.358974,63.09
2131.651447707867,2589.8658198935996,1111.5261608712497,2414.557986699401,1752.3985848278833,0.384615,48.83
2279.978696871101,2012.0139177106764,1587.4944191038542,2129.4360040716388,1991.0769622427304,0.410256,70.23
2365.3211441654166,3124.957637104167,975.6368919913454,1174.4854061001304,2359.598920638939,0.435897,31.92
2150.3187942079753,422.5589464286913,2439.446493791263,2031.9596541364785,2955.7161114355918,0.461538,51.89
1583.9717451188358,3148.4975106270326,1314.9838525035648,2337.0972880298045,1615.4496037207618,0.487179,100.62
3066.9691875740914,2420.589537955706,1144.6540566459732,2695.0874553474905,672.6997624767374,0.512821,100.59
1591.4504170820994,2642.532339490061,2216.78329059374,1976.1046679820447,1573.129284852054,0.538462,47.07
3168.8272855668138,1762.6771720221718,577.525991536571,1123.5556876911323,3367.413863183311,0.564103,75.27
1763.27439846909,1813.2196360163016,2665.0190717745427,2238.588533527844,1519.8983602122205,0.589744,94.22
1674.4022152334153,615.464496193625,3845.2861660588983,2049.290310638075,1815.556811875987,0.615385,76.03
2272.997096578925,1587.37579304239,689.8467035255707,2720.1407291770565,2729.639677676059,0.641026,51.35
2594.2389593859616,2727.285230066534,2379.0440057330775,479.8646762157082,1819.5671285987185,0.666667,74.98
1478.0840167921667,3099.8108035562414,2829.71352739101,1055.5405899415562,1536.851062319025,0.692308,125.43
1643.0978272008601,2939.278838921188,786.2150184476736,3850.5399090988008,780.8684063314765,0.717949,129.32
453.54608685793704,1933.1935586844756,2640.092561867193,2108.8678661498147,2864.29992644058,0.743590,62.14
770.4684504976902,1380.5928224055099,4115.373806691737,1685.9948039068095,2047.5701164982531,0.769231,60.71
2070.7852295480816,620.8822403391534,2655.8754199050386,2031.3858419155888,2621.071268292139,0.794872,121.45
1176.0257187505933,1814.8492900292372,2792.0652872705823,3158.2323975919444,1058.8273063576428,0.820513,81.88
527.9651333737465,3088.407529941753,1046.2175418196753,2677.624987545687,2659.784807319138,0.846154,69.43
2334.7759238976982,719.984847745772,3162.8440032562485,1683.2081367827982,2099.187088317483,0.871795,118.05
578.0808117602787,2377.365687492502,1245.7783795301573,3374.3532794531766,2424.4218417638845,0.897436,141.06
734.0540010441666,2640.42860938622,2319.9734263902014,2060.950927668205,2244.5930355112077,0.923077,122.33
2002.0778219151068,2470.6578547175823,1508.132192735698,1802.3370390347677,2216.7950915968445,0.948718,96.14
3808.376308445066,736.5187809892049,2692.122138355544,1766.417693041578,996.5650791686076,0.974359,89.37
577.8701963981009,1490.3191051893605,1863.5434613920997,2652.328900618701,3415.9383364017376,1.000000,116.06
1426.1620195379326,1953.6303568290375,2299.035660288356,2071.284315160108,2249.8876481845655,0.000000,16.00
2742.3120357820153,968.1895564849527,934.9109573038874,1762.1812183834452,3592.4062320456987,0.025641,31.67
1864.6533608922716,3736.929576643129,737.7364584245832,1079.9114784446288,2580.7691255953873,0.051282,11.98
2603.2243892232746,3039.5551109834446,1296.6503518829209,1215.3771750966362,1845.1929728137234,0.076923,43.54
1667.699973614192,948.5018481319178,2884.3456700595007,713.7719998902326,3785.680508304157,0.102564,6.08
2383.860963012141,1678.5120648230052,1075.908291617856,2602.926510134518,2258.7921704124797,0.128205,55.03
2949.477231326489,2260.69250471322,503.8090998274295,2219.857269684342,2066.1638944485203,0.153846,49.50
1795.247644048501,1301.547759243217,2602.0318860164516,1629.2637314317906,2671.90897926004,0.179487,43.76
882.3171478125606,2556.2550806622544,2623.3560348084557,773.1793115952441,3164.892425121485,0.205128,54.63
1005.8484035398457,2320.879206378258,1644.5035825377872,1262.353056171635,3766.415751372475,0.230769,29.21
1195.2952491815668,560.4009793980424,1963.3917885474473,4643.134504901565,1637.777477971377,0.256410,47.75
812.0444605711327,2013.405055678209,4494.052716885434,1750.738271952587,929.7594949126366,0.282051,77.29
2166.280853563356,2522.872333043405,2130.0086838489015,1278.4178120548584,1902.4203174894806,0.307692,2.68
2778.995686498905,3055.6568985483345,890.4312953212717,2569.268999724737,705.6471199067505,0.333333,22.80
2022.2913734833749,1893.470848109241,2728.8844656795127,1693.1001893320226,1662.2531233958496,0.358974,77.73
965.9918901408951,547.9346534065609,1465.4345674629983,3793.8587329171432,3226.780156072403,0.384615,60.69
1864.7659872431054,2634.0538360455207,2155.7592843233224,1513.4589654771403,1831.961926910911,0.410256,58.15
3701.9250866103366,722.39438036736,3165.269960863028,1057.9730342029345,1352.4375379563405,0.435897,94.11
2447.9232584347546,1321.5638014951369,1780.849869061594,2336.529689983843,2113.1333810246724,0.461538,84.80
2350.7182209061903,1582.6471721398134,1195.5915371694039,2107.922013347874,2763.1210564367198,0.487179,64.82
605.6042496238808,2968.592829398148,2643.229854295139,2614.1497510571053,1168.4233156257278,0.512821,57.55
2652.9346055456504,2052.7596210079055,2353.0878003982675,1248.2254390089604,1692.9925340392158,0.538462,98.23
1210.0958669507174,2922.060822835144,1135.5129775987994,1770.7564688652114,2961.5738637501286,0.564103,33.30
1049.9263709596278,3195.782288509226,2847.926130608097,1336.3398445039181,1570.025365419131,0.589744,65.12
1620.6488009520629,1395.6454621978028,1061.6247535226391,1515.384075117529,4406.696908209967,0.615385,60.63
2826.7223456083766,1001.9910082170298,2748.1750548132977,859.4883804102842,2563.623210951012,0.641026,90.98
947.8656244594097,2904.7360689177203,3000.8666246825987,1839.8015594503634,1306.7301224899074,0.666667,70.92
2550.1218525841064,1032.7999565060752,2074.8934037303047,2348.9878315454907,1993.1969556340234,0.692308,70.61
1572.1754434322402,2609.31486363093,4077.333181006759,1154.9005118093603,586.2760001207103,0.717949,121.27
1120.8210658707735,3626.830990912671,1002.8994274600095,1466.2869164273554,2783.1615993291903,0.743590,57.19
2622.551585237808,2309.008361729622,1728.051653739631,2733.781754190092,606.6066451028449,0.769231,61.73
1412.1914573256433,2399.919053981025,2343.844825487515,1702.939909574442,2141.104753631375,0.794872,83.59
3127.3442058973746,3258.073508769786,1030.9231499597909,1164.042152911264,1419.616982461786,0.820513,102.09
1180.6301165102552,1512.0429833340893,1716.9225879088197,4452.862207598682,1137.5421046481538,0.846154,143.09
3373.131521994215,1031.631603849715,3347.610832111516,767.0350265705339,1480.591015474021,0.871795,107.12
1298.2534690646276,3849.839492396931,2099.9863310470123,988.5818439897877,1763.3388635016424,0.897436,73.48
3013.554466138978,2507.8455411285777,2537.9179340504293,1300.4593691776306,640.2226895043844,0.923077,153.93
344.2349303824767,2429.338823735475,1841.2853676345853,2844.858850821707,2540.282027425756,0.948718,128.95
1090.1257488315528,2587.971124466269,1333.8723908945476,1832.7985897816307,3155.232146025999,0.974359,154.95
1512.612668259532,2688.124724164595,459.85045008738024,3610.8695169064986,1728.5426405819933,1.000000,96.78
2857.765363264791,3334.4291256646666,786.5021055867782,1700.8267714382198,1320.4766340455449,0.000000,0.00
2504.0501666607997,1421.3022010410818,2659.642161964454,2169.2469481906655,1245.7585221429981,0.025641,0.00
1488.630167801714,1596.876090203848,3590.0391764117794,1074.9289462278905,2249.5256193547693,0.051282,50.01
2247.1211439125746,1512.3682101697402,2484.3425575540264,2369.675061494251,1386.4930268694081,0.076923,7.83
1622.9742909326371,1932.0025999331817,2175.5492563287844,1208.014530907898,3061.459321897498,0.102564,46.18
2642.6281307372515,587.0251867241292,2212.6556118365747,2010.8262233439898,2546.8648473580556,0.128205,52.82
1287.2224107988436,2776.5829947051025,2680.435681443376,1537.435259091836,1718.3236539608436,0.153846,3.52
1699.7376727909227,2222.556984861136,1351.5228310469672,2423.866286919299,2302.3162243816746,0.179487,26.87
3765.282588882654,2126.2527195400353,1131.5154553790899,1504.839140457997,1472.1100957402223,0.205128,21.59
568.5703294929802,3582.7067786630278,630.0685409383041,1597.7524477690151,3620.901903136671,0.230769,0.00
1923.4551511744562,3298.7653442597734,515.6582806616134,2602.0647493994975,1660.0564745046588,0.256410,0.00
2493.4637327881537,853.0195038792931,2418.517610509922,3357.726545301392,877.2726075212389,0.282051,31.08
758.2464248841375,2612.1241993431536,2611.038253313131,3173.5886652716367,845.0024571879406,0.307692,20.81
1753.9470143259578,2549.1407468062407,1677.1799924328532,1840.0284611484058,2179.7037852865437,0.333333,79.48
852.7474026679132,2034.1878844537212,2524.471393805512,2049.6770611840057,2538.9162578888486,0.358974,63.65
2309.272544750185,978.8283869980874,2498.305921085338,1992.2818718351398,2221.3112753312503,0.384615,44.17
3280.8398793612164,2346.1595717516243,954.4913503542779,2744.354737438753,674.1544610941289,0.410256,82.26
994.5256135356653,1342.9292025554546,927.2675142361779,3121.8238301970096,3613.4538394756923,0.435897,43.05
1301.4956415983147,2496.8348052176825,2410.9369580412576,1996.0091521715735,1794.7234429711718,0.461538,67.73
776.1224891826375,1541.021226087216,2813.9955965842887,3599.949275765832,1268.9114123800246,0.487179,46.75
1667.5557287437825,2562.925025658687,3094.6346407264814,1557.0055938054725,1117.8790110655757,0.512821,67.60
2390.324550086046,2307.1414664767863,807.4332714697763,2930.3579451805,1564.7427667868906,0.538462,107.42
3418.5862121862465,572.3860310281009,2147.341055483976,952.6560111558128,2909.030690145864,0.564103,99.29
1976.1175094525988,2951.5036792843875,951.4982319705316,735.2753485399048,3385.6052307525765,0.589744,74.98
2429.0854692241132,1947.1480886341012,1013.4357445860232,2107.1672924840886,2503.1634050716743,0.615385,113.85
1777.2801632099367,1224.7418639161656,2837.5202437932016,2138.7995324763997,2021.6581966042963,0.641026,99.57
3048.9056831372645,2547.761685968908,2502.1100507119686,794.1471601630756,1107.075420018783,0.666667,104.50
2546.933958075514,2351.4534777600293,1461.7426617254037,2096.9317937568785,1542.9381086821747,0.692308,88.11
1500.1680757026274,777.1131601801587,938.2161714710626,1267.0481073450785,5517.454485301073,0.717949,52.62
1938.1352729357754,1148.6667339889652,1371.449701545453,1260.5959818478289,4281.152309681978,0.743590,111.36
647.3770143567609,2523.1978653760634,1760.2938894088152,3110.2273091662346,1958.9039216921249,0.769231,99.01
2054.5681140824254,1615.2353803754095,1917.547180195791,3571.7784619414747,840.8708634048985,0.794872,126.75
665.3420076454589,2946.0921908908704,2535.898715477306,2318.0732446639977,1534.5938413223666,0.820513,142.64
1177.6488831808056,2186.8300037420286,1374.7978335892228,2256.90257258536,3003.820706902584,0.846154,83.38
2618.733078144755,2517.7031388846194,1163.5772850377186,2837.1147728025767,862.8717251303302,0.871795,84.75
1248.89312916053,2667.447704551689,2859.5800784717453,1640.7272818400893,1583.351805975946,0.897436,127.37
2705.8463953520154,1233.1055671791958,3624.303536176817,1652.8559079024185,783.8885933895536,0.923077,122.98
1473.8734975103973,2893.2362056402,1075.7124441660442,2722.3795217434294,1834.7983309399287,0.948718,112.46
1320.9965983041554,1964.219392508118,954.3285283286134,2650.3885482177993,3110.066932641314,0.974359,119.79
667.658582316645,3467.718017305347,2887.8525006374307,1592.2857916259222,1384.4851081146558,1.000000,108.81
422.17777474633743,1050.5358980355443,2559.6124773471533,2880.577501116636,3087.096348754329,0.000000,0.00
2412.4704380722296,1449.4349180262075,1925.1416432548315,2361.9198007978007,1851.03319984893,0.025641,0.00
847.703723118307,1278.6129045479524,1892.875220524084,4060.3381347154145,1920.4700170942433,0.051282,0.00
1601.4782968371685,2493.2674132391803,2428.7617502404337,2220.9113949757943,1255.5811447074234,0.076923,17.15
2156.813506252182,3298.304745660713,638.3012464065665,3475.4112905810416,431.16921109949647,0.102564,0.00
3047.4398242168522,2865.092621358225,1830.309281107545,764.4748071375737,1492.6834661798046,0.128205,34.48
2550.7330744798783,513.9303536811134,1698.662340374681,2302.209586624754,2934.4646448395742,0.153846,0.00
2863.664852527879,1189.3821993413253,3357.9637188579663,2012.7312237082706,576.2580055645578,0.179487,40.52
2119.6178467419104,2720.3510911811754,1475.152778502572,2435.5900170448663,1249.2882665294767,0.205128,8.43
1842.9915771642143,2956.430401575882,588.195311838889,2753.834547003073,1858.5481624179417,0.230769,72.50
1898.6283736742007,1005.9370125011277,2850.4725741195903,1297.063449389758,2947.898590315323,0.256410,23.95
2514.1827242216596,622.803503414208,3189.6085718194986,1034.222745493954,2639.1824550506813,0.282051,44.68
2131.9726396117567,1835.3150485559154,1180.5424626888716,2536.846469905212,2315.3233792382453,0.307692,40.43
1953.4293957460834,2862.2210517403164,2134.634773438935,1334.8481457831851,1714.8666332914795,0.333333,58.74
2777.787853734795,2662.0375492876838,1525.6569250818116,1164.7727226328795,1869.7449492628305,0.358974,84.46
1970.8228179899995,2442.5655105983715,2025.0132371746522,1571.8076499638516,1989.7907842731256,0.384615,24.92
2265.3783796134576,2383.159142745455,1281.34861315805,2532.411510345182,1537.7023541378558,0.410256,58.22
2581.3587799172165,2397.124544242415,2802.3725918074606,714.158882946675,1504.985201086232,0.435897,36.20
2131.625846357637,806.2909937719529,3178.6510696025143,2576.8862768988074,1306.5458133690872,0.461538,36.07
1650.2533199321258,1626.3312462300057,2399.3420383875005,1995.6252251862281,2328.44817026414,0.487179,67.71
683.2558891564581,3992.173562617194,1220.0603584948801,2681.310735025954,1423.199454705516,0.512821,87.05
2661.9228814484763,2379.0696552466075,750.3245567437832,1640.8290594894515,2567.8538470716817,0.538462,85.14
2074.0239573491776,1450.60763261935,2497.604890168178,1391.8113062085026,2585.9522136547926,0.564103,109.18
3628.3316122197143,2586.517799306832,1095.474076915698,857.9763400917786,1831.7001714659777,0.589744,99.51
1430.0713775086776,2456.5279130366275,2479.5827715369496,1800.8264072336308,1832.9915306841135,0.615385,87.13
2040.6280795767905,2754.8341086948667,2348.0392699410477,799.5610350681537,2056.937506719142,0.641026,80.07
1966.8361203426132,2148.6325070510866,1707.6678977822737,1842.0659322265117,2334.7975425975146,0.666667,61.28
1188.032814312467,3338.172612999246,2548.7533900185026,799.4728726519429,2125.568310017841,0.692308,52.09
919.4790330644668,2473.9978198774256,2334.6200077532,1893.9060930723858,2377.9970462325214,0.717949,121.97
992.2382601238302,1193.8403661931782,2607.5890719759955,3151.7001171741263,2054.6321845328716,0.743590,131.30
4038.9643600069194,508.18879381748354,1328.9463075009385,2547.2386939560047,1576.6618447186524,0.769231,132.43
1945.7405365973618,1859.5675424864648,2426.2472154699203,1495.221462359319,2273.223243086934,0.794872,106.68
2895.376748308542,3576.1776540888795,1561.9988181103176,728.0543203974687,1238.3924590947922,0.820513,73.00
686.3099762550138,1059.498111591484,2762.3507840378006,2824.3172123903055,2667.523915725396,0.846154,109.36
2727.665687984979,2239.6245649775274,2500.8947482402746,1099.314058929173,1432.500939868046,0.871795,110.36
1407.1280160998435,963.1558639553994,3088.424698809638,3061.8925216173348,1479.3988995177838,0.897436,122.11
2577.837973749806,2183.712541771131,1969.2055438714765,661.5497314807649,2607.694209126821,0.923077,140.81
921.1104228744713,3151.862157228022,1254.2581205698225,2249.3460787830054,2423.423220544679,0.948718,87.96
805.4683956811186,1511.3775364628377,2282.614506225702,1434.3996459091368,3966.139915721205,0.974359,149.97
2778.114867028551,1643.4391696305859,1181.4599957598011,2605.6421997959096,1791.3437677851534,1.000000,131.72
1654.3821132177757,1566.9427777033616,2526.199830820691,3355.14793554189,897.3273427162825,0.000000,0.00
2937.412746480459,2322.7277041147813,2503.4948439475693,620.9241519769566,1615.4405534802331,0.025641,45.22
1211.0809033822952,2313.6669566172404,2038.7305611359309,1752.4388513783972,2684.082727486136,0.051282,16.59
793.4626629122819,2601.656454378572,2869.741078735697,2136.3495231430707,1598.7902808303768,0.076923,0.00
1444.5777080604005,2309.0491542792424,1004.9254815476646,2397.1103084893157,2844.337347623378,0.102564,55.89
564.2024460431408,2524.7237405041105,1568.3419777736146,2961.0888915306177,2381.6429441485157,0.128205,31.65
2078.4921991921333,2554.297626640994,2981.521550472717,1626.1126370609916,759.5759866331623,0.153846,0.00
973.0982216094019,899.8983547946375,2000.702778721021,2785.1342277602685,3341.1664171146713,0.179487,56.80
2158.9041893026556,1773.4912090447142,953.1378008495549,1675.5769882669479,3438.8898125361266,0.205128,20.79
1895.5171427601476,2515.170495141838,2313.1194451002593,1641.6942986200413,1634.4986183777144,0.230769,52.61
772.5005844261183,3271.530113034848,2145.2404086673514,1622.465724807979,2188.2631690637027,0.256410,34.68
977.773242030388,2739.727510044062,2195.751842065268,2830.3634150909384,1256.3839907693434,0.282051,30.12
2045.0258453861602,2251.4759910237835,2090.170934550778,2501.3684916966795,1111.9587373425998,0.307692,9.79
3661.210954279457,766.4117397750061,1264.2741307334063,752.9452527171059,3555.157922495025,0.333333,84.27
3516.9244832871473,664.1099438043727,2335.9805680409154,660.534345707444,2822.4506591601203,0.358974,45.19
1388.7292130114508,882.7827346159677,1191.4743652507639,4021.612247301039,2515.4014398207783,0.384615,79.04
2307.3544169857996,2421.8138982440696,1919.3429008293351,2055.7536543711253,1295.7351295696692,0.410256,33.67
1962.4953035730994,2772.908611927914,1322.7025107200245,1191.3653979003284,2750.528175878633,0.435897,93.22
3551.2753012493517,2478.9957055426817,2283.758721635101,680.5559165253968,1005.4143550474691,0.461538,70.45
1773.7316064630652,1830.8318183105696,2126.5198445252126,2141.89610537034,2127.0206253308124,0.487179,45.18
3703.047882544954,1720.850133798109,1172.3836428253858,2884.3102915940276,519.4080492375232,0.512821,103.02
794.9660353018407,3215.9174810123804,1661.6772272773082,590.9115354491777,3736.5277209592914,0.538462,85.85
3436.966159827553,2212.1237179588215,1889.675911916095,884.8720492273803,1576.3621610701498,0.564103,78.80
2235.8408322190094,544.2142267739271,2464.4635230751346,2796.2885191316946,1959.192898800233,0.589744,73.85
2535.2530705151503,2394.87802956246,1761.4791006788469,1767.2137530078237,1541.17604623572,0.615385,97.40
2532.6307727026665,1971.2196951448857,2780.0454684264273,1587.8306276151275,1128.2734361108933,0.641026,113.67
3123.080362126999,893.090771085141,1715.2591658788585,1454.4409722781497,2814.12872863085,0.666667,62.15
1950.214762265491,2924.764647875911,2656.1955234133525,1040.238991027903,1428.5860754173434,0.692308,50.61
3545.0851899301433,903.0749849446989,2913.0495474792424,1838.5368313196211,800.2534463262944,0.717949,62.01
2171.760820112172,1763.310631314862,2124.5076599052663,1443.6013520216654,2496.819536646035,0.743590,119.41
3499.518089454776,936.4642220022716,2041.8611012363945,2018.4756103738243,1503.6809769327333,0.769231,91.83
1618.8011689123082,2582.8707422253956,2265.0526378411805,1927.6722197496322,1605.6032312714829,0.794872,125.38
2198.358682650779,1769.2041852248094,2222.043343141991,1091.3173423733413,2719.076446609079,0.820513,94.96
2356.0915642890427,1851.6882213137362,2207.3292554324644,2316.470620158181,1268.4203388065744,0.846154,118.60
2966.0616460096608,2507.7784030678995,2765.2162785437345,1021.7170010015664,739.2266713771395,0.871795,98.87
2752.63003765397,951.4117976472988,2616.864682058642,2861.5419436410416,817.5515389990487,0.897436,118.68
831.0848521701998,443.05944126707067,2236.4127843414262,2867.5100466815,3621.9328755398024,0.923077,126.21
2650.774674931426,2292.818642706868,661.0010086442271,2640.126046918341,1755.279626799139,0.948718,153.31
3213.1432108871604,2447.896825582032,1666.2003273337677,1645.0189884235435,1027.7406477734953,0.974359,149.80
1232.27008574539,1961.734075588052,3472.616956630653,630.6830600365137,2702.6958219993912,1.000000,108.45
2435.7341102718246,2281.939644425325,586.504698508173,1753.507403282533,2942.314143512146,0.000000,3.98
775.1884199823012,1514.053235128116,2093.7192954702796,3311.6169275806596,2305.422121838644,0.025641,37.24
1689.165368183868,1806.9156374806992,1617.227107851183,2110.3456318016206,2776.3462546826295,0.051282,40.98
1126.1244449983233,1398.7078021972768,2114.5635412756183,2757.279978211835,2603.324233316947,0.076923,0.00
1092.2251956556888,2531.7600882609627,2479.1208593973383,2379.15609392873,1517.7377627572805,0.102564,42.83
1834.6835706842885,1884.589314345375,1822.5410555507328,2392.4913546588155,2065.694704760789,0.128205,0.00
1670.616414166776,2608.0821189187604,2709.36323961855,612.0461242448395,2399.8921030510746,0.153846,19.01
929.2988573649789,2847.6577751817476,1078.347259506801,2005.1671152631202,3139.5289926833516,0.179487,51.56
1623.9063017046285,2570.309202786975,2824.5697119432225,1486.9759687684084,1494.2388147967636,0.205128,50.10
1286.1687775717573,2583.8339186979297,2989.062694755545,2379.769889467746,761.1647195070199,0.230769,40.26
2125.7684541219182,3234.883479645997,1587.7195373219517,2045.5269488965173,1006.1015800136146,0.256410,0.00
2160.492395024297,2537.408475486396,2135.1892945763148,405.96807103414704,2760.941763878845,0.282051,12.71
3789.7403631634934,1916.7721315701572,730.7727929356681,2673.2905015151537,889.4242108155273,0.307692,51.11
1376.2868824712089,2965.047503456319,1994.8784357959867,2179.503062595541,1484.2841156809438,0.333333,66.63
1723.0382988798967,570.0861517059541,3291.083658034631,1439.3372977613901,2976.4545936181285,0.358974,42.18
1518.9946483122333,3766.314112970205,2504.7917018406165,533.1158135410211,1676.7837233359253,0.384615,76.53
2298.248335932819,2926.6114483661167,751.2604028363365,3352.7843028223033,671.0955100424236,0.410256,86.93
3802.53123009878,1122.7114054068804,1233.766324066087,1993.7996073630736,1847.1914330651798,0.435897,24.60
2684.379555581369,2561.994935431151,975.5617514654547,2589.326014587671,1188.737742934355,0.461538,86.75
1355.8833640168289,2795.345740624032,2539.537780943541,1819.5738563399732,1489.6592580756253,0.487179,95.41
2015.7748248760472,1667.9901990388057,2957.9777002840356,2536.483481521296,821.7737942798166,0.512821,73.66
1652.6703368265248,1400.4523839838953,923.425198873419,1874.9092577225692,4148.54282259359,0.538462,107.87
1560.8605799210316,2952.5950293661826,2164.917976146279,2603.208452853448,718.4179617130585,0.564103,33.85
2068.2363264717706,2624.7085245904173,2291.4571476191863,2688.927910498356,326.6700908202698,0.589744,102.89
1760.754139651964,863.53508315413,1507.738137305743,2898.679180821311,2969.293459066852,0.615385,50.32
1238.5314232555893,3759.1662167331656,1591.7852045978375,835.8366511869826,2574.680504226425,0.641026,95.86
3418.9362750413156,1118.3841256375756,1369.977224594332,703.3091312079137,3389.393243518862,0.666667,67.43
2540.152945459537,1561.0242054405203,2916.875997059442,1722.6719596406256,1259.2748923998768,0.692308,104.94
2268.326611221026,2821.699817781497,693.2828087711405,1733.8124364859157,2482.87832574042,0.717949,74.84
987.7143385053125,3964.4524997985923,1196.81418106115,1039.9370582024935,2811.081922432452,0.743590,129.71
2403.814763142968,2179.2851717389567,3106.2420134772824,455.08390777773025,1855.5741438630625,0.769231,127.28
2135.914385788985,1588.314008698896,3471.349729200048,900.1433439625706,1904.2785323494998,0.794872,74.91
2997.1189296357243,992.9096729494539,2473.6940959844765,1462.897236089587,2073.3800653407584,0.820513,78.22
856.1453563547448,1502.1165339183085,2125.866149955616,1169.189591864292,4346.682367907041,0.846154,73.79
3305.174030491522,1380.3035199296999,1406.7834428001265,925.5179805982576,2982.221026180392,0.871795,127.15
2231.3634663493735,756.5928631934685,2326.8036997710396,3023.567844754652,1661.672125931468,0.897436,73.20
2985.9910039376623,3112.1844774706683,681.44369851731,2021.6474874884075,1198.7333325859522,0.923077,127.98
1322.4817191455556,2309.5896956227148,1592.0884653911403,1376.0314030823045,3399.8087167582835,0.948718,149.17
3482.8134415640516,730.0639342585193,1589.6834298029169,997.4488965314723,3199.9902978430378,0.974359,127.64
1210.903944724213,3481.0898403161127,2069.578934360021,691.7066464972702,2546.720634102384,1.000000,129.51
2711.7748775948958,2397.4426378433327,1602.0693801791592,1390.8373941822367,1897.8757102003756,0.000000,0.00
765.010274386595,2756.080435990384,2875.3060701504596,2680.203056746105,923.4001627264572,0.025641,10.17
1148.0266190443397,2390.6390849475597,2722.4997291575555,1215.9222694971043,2522.9122973534413,0.051282,39.47
2654.115167557939,2364.993764710555,1822.774645863836,452.7962033638167,2705.320218503853,0.076923,32.87
1674.5355670676786,1465.7831123135977,2699.4641908380854,2138.5239133016557,2021.6932164789835,0.102564,25.79
1862.412559244447,1989.2990796791455,2379.5434282320944,1877.5984804482657,1891.146452396049,0.128205,55.02
2455.6918948254543,2624.222345068981,2145.5512478129303,1926.694618852595,847.8398934400391,0.153846,6.59
1116.2002577132669,2770.586754401791,816.9162020221477,2821.324373979909,2474.9724118828835,0.179487,54.20
1416.0264787286214,3661.1957833122488,1887.6505599254945,2204.538190584466,830.5889874491708,0.205128,46.47
1383.6619886029418,2007.205667646667,1850.9326119897848,1804.0594068202809,2954.140324940326,0.230769,58.10
426.81709413168994,1751.4574041906328,3128.869941305286,1900.403706964178,2792.451853408213,0.256410,0.00
518.6429573103912,3122.049427680567,2322.1120029734107,904.6883238007583,3132.507288234874,0.282051,17.50
3680.0975132027143,1630.518175580467,2434.960697399143,635.2178643865252,1619.2057494311505,0.307692,31.35
2070.6315930957253,2049.2439931926874,2292.2689616648554,2317.767620176886,1270.0878318698462,0.333333,37.61
3780.1345488520624,515.07815502729,1292.7386069713211,2157.1691943594346,2254.879494789891,0.358974,34.70
1166.822010779914,2211.094983498412,1633.9989142915683,3497.427581710738,1490.6565097193672,0.384615,78.60
1384.6600425687734,1185.2503200215242,3816.631652245537,1169.6269275420054,2443.83105762216,0.410256,61.23
2009.6420949375386,2475.591945967313,980.0345907672644,1865.143269297382,2669.5880990305013,0.435897,78.42
2048.895387303703,1758.106527085677,655.1708978738856,2831.9176886542427,2705.909499082491,0.461538,86.79
1465.5541295516496,975.0253618347937,1611.4423378816987,3223.589671179151,2724.3884995527087,0.487179,94.61
2088.184924348929,1128.4137741094999,1820.0426154172499,1568.5762557415032,3394.782430382817,0.512821,69.45
1964.2653997190973,2557.911056450652,2555.976539130693,1944.3506198336975,977.4963848658617,0.538462,96.74
1522.2787075142949,1364.3358815398024,3860.4493329013453,2662.0188320606508,590.917245983906,0.564103,62.63
995.2256184082993,1750.1360758728997,4249.215084066772,1709.6108142857422,1295.8124073662875,0.589744,75.76
2779.9003968523552,1075.5941496356415,2814.6360314089134,1408.2081451411875,1921.6612769619023,0.615385,114.89
2846.9402622897314,2407.123858307832,1676.099488615649,1225.0874705190602,1844.748920267728,0.641026,65.95
1411.6182769200168,2354.476450833876,2377.329384232328,2333.404083959482,1523.1718040542999,0.666667,64.80
2747.7908418781817,851.2020687900848,2213.1851069097866,2074.2646715283863,2113.557310893561,0.692308,116.44
1035.998391276198,2937.067429210581,2049.6583871979656,1497.2951066043556,2479.9806857108993,0.717949,69.11
2880.4419300615878,3239.417696173591,453.4555942248414,824.6722311457761,2602.0125483942033,0.743590,113.08
2580.6806514717105,1560.2035741119926,2351.7814056259244,2116.031441235949,1391.3029275544247,0.769231,59.00
663.4396947329573,2640.2570830421582,2409.1829603560805,2126.7475965896783,2160.3726652791265,0.794872,81.27
2064.316216067937,3196.410513976416,2530.9111623263398,1305.3740545212372,902.9880531080698,0.820513,138.69
4889.798849459762,860.0324191948619,1937.7982222713408,1053.1939371957576,1259.176571878278,0.846154,112.09
1332.0590696132838,1092.2096614559564,2586.5917443814483,2353.5582480481617,2635.5812765011515,0.871795,85.11
2933.7457694371374,352.11102768608424,2208.7730564913672,2206.966170075247,2298.403976310165,0.897436,136.93
1921.194922100748,490.1293376849854,2800.1098370051263,1826.1051962258136,2962.460706983325,0.923077,102.07
3235.029365213099,829.5553825808363,1695.617578124953,715.9102504198945,3523.8874236612182,0.948718,112.00
1442.417789461548,916.573497207649,1969.5649557104823,3058.8908921693255,2612.5528654509963,0.974359,122.30
833.0007537471978,588.8676910090101,3876.5315018512147,2224.208489469751,2477.3915639228276,1.000000,95.69
1703.6716055127115,4093.573035183153,1192.698461185899,1031.087568552947,1978.96932956529,0.000000,0.00
1971.066253787935,769.3191426318625,3113.197684572252,1030.2764304015327,3116.140488606419,0.025641,0.00
2802.5851068761776,2722.1513616281604,1165.50200932664,2201.289845121175,1108.4716770478474,0.051282,0.00
1256.55214960889,2521.501806891748,1626.6053536922698,3231.5529300229678,1363.7877597841243,0.076923,35.26
2346.812583381581,739.4855410754672,1787.4109843563347,3074.7961556740734,2051.4947355125432,0.102564,0.00
2399.031431983094,589.5737986635742,4023.945699630239,1366.954690925163,1620.4943787979294,0.128205,0.00
2552.6890691812405,2015.6798299847467,2418.8409379965897,901.3604086158011,2111.4297542216204,0.153846,11.45
2505.5569543145184,1333.7136473907826,1863.5723513798885,2739.2513016590115,1557.9057452558004,0.179487,16.45
794.6083480916432,1257.401961928227,2751.025804770261,2365.735725370595,2831.2281598392738,0.205128,21.51
1717.4205123194483,1631.7480761712543,2791.301854014469,1873.2940191366724,1986.235538358155,0.230769,42.18
2968.8434466447216,1795.1888471592515,1824.1505608276268,1978.2497991678672,1433.5673462005332,0.256410,23.62
2151.8459659463315,1765.0316657694023,2342.5092398638362,1748.3764837235876,1992.2366446968442,0.282051,7.87
2258.115324080166,1171.0251943201522,1447.2865320378203,844.1553824418631,4279.417567119999,0.307692,32.68
1663.271944260198,592.2074468626755,2411.080686751532,2518.10680119418,2815.333120931414,0.333333,66.09
2414.391426044091,2141.017877283859,1630.0943737371572,2410.9504282803264,1403.545894654567,0.358974,45.37
825.6283214563937,1853.4886080955005,1905.0178776725843,3258.4383260545756,2157.426866720946,0.384615,52.58
4299.525180490584,555.8513729374063,2112.046153872287,2381.749371062818,650.8279216369041,0.410256,48.90
2912.1755414874883,1158.4818558124934,2453.176402171043,2880.18676415236,595.9794363766158,0.435897,19.17
2144.962445686725,2880.7599281331645,356.7020706831806,2864.302973876749,1753.2725816201794,0.461538,52.90
2462.116729581682,2820.4574508533783,978.1353022415668,1715.097002962574,2024.1935143607984,0.487179,73.74
1535.7455415916756,2726.632161877571,2110.1438342658635,2326.8605429638524,1300.617919301039,0.512821,49.12
3057.5303819197525,916.6468981750113,1896.7518983536434,1161.844695665073,2967.2261258865196,0.538462,82.35
1691.8176815874742,945.1600919632724,1486.5300750118006,3214.910584710995,2661.5815667264583,0.564103,95.44
2029.6611262622164,1269.2519140076972,3298.260175400727,2260.221887961276,1142.6048963680826,0.589744,45.48
354.82716794483645,1830.9469343222086,2314.407764420831,2485.6228125392813,3014.195320772844,0.615385,90.72
3418.8581998654226,1495.1381216171274,2146.587301814394,1092.863351585195,1846.5530251178602,0.641026,54.95
1923.4817385489198,2143.183845589603,1387.4061219119665,2370.414664088537,2175.5136298609755,0.666667,82.80
2528.779819576721,1681.5317239978335,2372.640802047029,1528.796288168778,1888.2513662096392,0.692308,59.52
2661.0003492055703,1521.7799999895067,2065.289302784492,684.3510312774308,3067.579316743,0.717949,127.25
1228.2556970131398,3002.7720449835238,1920.1769275599622,1397.2287155945828,2451.566614848792,0.743590,60.97
1593.0482304578159,4058.252633811277,1795.2366418237086,1606.201222786084,947.2612711211157,0.769231,94.07
2911.668991604268,820.2998887230578,1679.6524284197449,1542.401344738029,3045.9773465148996,0.794872,68.47
1777.9680975914127,448.4922604369627,3765.619762017192,917.4560159850182,3090.463863969415,0.820513,135.03
1319.5256751261286,2210.9698424398903,3546.1931815636613,913.9788984734579,2009.3324023968635,0.846154,114.47
2753.9830327857667,1488.8595922406937,2222.224799511028,2829.8422400382074,705.0903354243055,0.871795,104.03
2241.728926062665,1469.9632717762977,2344.503570420899,1092.9229556527932,2850.881276087346,0.897436,115.16
1632.9376905672175,2270.795139703698,1992.8917192424997,1570.3715187068387,2533.003931779747,0.923077,121.43
1251.1568006020368,1400.0882808773588,4348.612028051435,1962.2789598007778,1037.8639306683908,0.948718,157.74
2572.9289139917596,1626.2771183714542,2648.3802646266313,431.22237223430864,2721.1913307758473,0.974359,123.25
1568.539212923702,1077.8480260719143,2815.9538658284037,2874.296146671809,1663.362748504172,1.000000,136.72
2974.059791027228,1517.3861145743374,958.4352168212841,2206.5501295289787,2343.568748048171,0.000000,4.26
1642.7122495684607,1824.9597413732017,2748.7850759097073,2249.377241730118,1534.1656914185128,0.025641,0.73
3167.9182137469234,1426.4869990603397,3211.003922433982,1069.0410004825019,1125.5498642762507,0.051282,14.21
1375.6836738927043,2570.8489396822647,1751.076541777835,2390.4153208738794,1911.975523773317,0.076923,15.65
895.5047676601728,1934.3744143408132,1189.9549520033909,2128.0549792710353,3852.1108867245885,0.102564,3.73
1842.1486262181697,2137.466824075022,1950.6722163269344,2351.279043563718,1718.433289816157,0.128205,20.39
836.627512210996,2405.0240298910426,1519.1209157400097,3191.149386176421,2048.07815598153,0.153846,0.00
1024.7674418286713,1622.4378282563,2402.396426328861,1166.880695034793,3783.5176085513745,0.179487,0.00
1842.7654516382606,2013.354282383496,3283.1058268919696,1869.4749964319778,991.2994426542965,0.205128,53.97
1301.338908569654,2132.819045943548,1830.0337448422804,1122.0387925622713,3613.7695080822455,0.230769,21.26
1366.5049947612572,3908.41534857165,2595.476146448786,1078.9988410947033,1050.604669123603,0.256410,72.86
2555.283801894221,1280.7409792895608,2377.31587120301,2444.003044182391,1342.656303430818,0.282051,51.25
2633.949557689822,3123.7816785386076,900.4236663181115,2406.001397355696,935.8437000977626,0.307692,48.68
1728.1399076395994,1364.9932299610368,3743.8309396907266,2365.701550456271,797.3343722523642,0.333333,46.73
2084.5219618618416,2175.2422232542453,661.3520984927673,2622.591580485285,2456.2921359058614,0.358974,39.83
2145.890125248563,1490.8647795479765,2443.7921051271405,1555.1397817323777,2364.313208343942,0.384615,16.28
487.85078866046206,2254.30638367301,2588.8475081649267,1252.9050048956296,3416.090314605972,0.410256,19.55
2163.1264383103608,2225.6061028951817,2111.9241812682935,1411.3904876576617,2087.952789868503,0.435897,59.87
1897.9034125398998,840.6968372095113,1790.3127130134685,2287.365968839328,3183.7210683977914,0.461538,66.83
1271.8731592425008,3974.2978184932435,1646.8240619869368,907.9833821833096,2199.0215780940093,0.487179,81.20
1855.07038332728,989.9707753706152,1920.7821769406135,2935.9431107257433,2298.2335536357496,0.512821,91.03
1011.5869655371541,1907.5789623102614,1855.4902850564813,3995.1808140837547,1230.1629730123493,0.538462,99.78
1349.0981928224908,2732.1832166232766,2337.3650169874018,1179.8400962612982,2401.5134773055324,0.564103,72.58
624.6144555186589,1774.3241490994744,3619.2685225766386,2283.8069255280225,1697.9859472772066,0.589744,78.37
2357.4620506277615,3007.668868259305,1517.8067855342458,1132.9974251805868,1984.0648703981008,0.615385,39.43
2852.4270274683904,1131.090841155032,2539.8831889838248,928.5520399238254,2548.0469024689282,0.641026,64.30
1728.0775693807198,2579.1012661903783,1736.0224956685975,2644.954928342101,1311.843740418203,0.666667,105.29
827.1063866658156,2784.192470389119,1236.3633533858972,2406.675903804623,2745.661885754547,0.692308,54.97
1788.5652647166733,1886.676579171797,2632.5036815388166,1108.1510721186946,2584.1034024540186,0.717949,131.47
2107.795909993396,2544.127707993933,1681.7099213581291,2154.654758255469,1511.711702399073,0.743590,60.26
2237.4575672776596,612.6728757689285,2682.3562004206465,1990.6423096464314,2476.871046886335,0.769231,87.40
2672.582630608499,930.6996366052289,1896.5566332192052,2302.473442673731,2197.687656893336,0.794872,74.29
1383.6863428916597,1627.8853131095523,2665.391172271202,2803.8306879289394,1519.2064837986472,0.820513,101.95
1880.4479190600566,1560.1425555327244,3185.6890716278526,2702.889923885927,670.8305298934389,0.846154,125.14
3812.545116644262,2802.947362858347,1074.0343026659098,1125.0987679859911,1185.3744498454892,0.871795,138.16
3405.8830412211246,597.3328405813842,3305.3157763389013,1680.1964889339288,1011.2718529246616,0.897436,76.63
2095.4943952665244,2609.4509488005883,641.8462184002161,2525.109142551733,2128.099294980938,0.923077,89.31
629.0491448544452,1157.4844236102565,3368.4646028859165,2170.420489672954,2674.5813389764285,0.948718,133.11
3992.8375903061274,1619.517793655695,2135.6291048320395,1527.6805184276452,724.3349927784932,0.974359,156.53
466.91613602955834,2757.851605548901,3319.296786823979,1535.9091788044768,1920.0262927930842,1.000000,95.39
727.6027325798059,3241.8738634172514,3996.3733032091213,787.3139437705646,1246.8361570232562,0.000000,0.00
1907.736572074514,771.6943909440733,3840.451300534516,2300.070836469116,1180.046899977781,0.025641,0.00
807.7288451538789,2651.285977720609,1770.114604977433,2739.733129799556,2031.137442348522,0.051282,0.00
2232.284649652938,2344.4143818539987,1466.6119108865669,1592.2439587821668,2364.445098824329,0.076923,0.00
1551.5367932998408,2261.3361948260817,1367.6788914923861,3290.491340516822,1528.9567798648695,0.102564,7.64
3483.100321555813,1662.144240313002,980.1144518377145,3059.3685749344936,815.2724113589763,0.128205,0.00
1687.276515972446,1948.1116109014188,2173.863962136792,1357.7097257768314,2833.0381852125124,0.153846,42.62
1245.3319630766648,2371.0144376759404,2048.221429691253,1977.70570572828,2357.7264638278607,0.179487,63.53
1114.3219060342653,1382.5634025676684,2273.925597733145,1166.851978848653,4062.337114816268,0.205128,0.00
2827.6470383085116,659.3529632873946,576.4731195192753,2664.923721729666,3271.6031571551534,0.230769,0.00
1781.1248710973484,2597.239165793889,597.2909789843505,2671.225590106626,2353.1193940177855,0.256410,61.39
1109.320592919866,1678.0382056836097,2944.9467324901107,2936.591848566195,1331.1026203402182,0.282051,32.79
1793.6566140623002,2724.2901772386645,1907.7650885060743,1002.3548463622415,2571.9332738307185,0.307692,35.38
3701.3893714290607,2511.685236904046,1833.4904289814542,684.4181706073764,1269.0167920780623,0.333333,52.54
2152.4426097963096,2764.502642719821,2077.4626870673856,1445.5579687161658,1560.034091700318,0.358974,63.53
3891.8908710996416,748.0557388500066,1180.0245626206727,533.8359655135009,3646.192861916178,0.384615,55.48
2527.9066427704834,2867.7540633486183,517.1247454878174,1652.1084994672697,2435.1060489258107,0.410256,85.19
3447.958678325302,668.6137667084515,3982.413563087778,1013.6176453600631,887.3963465184045,0.435897,25.49
3239.7145171849133,851.4498070805053,2950.1437010555883,1399.7442119785262,1558.9477627004655,0.461538,57.20
655.8726878277733,2987.8786717687126,2423.9799403587076,2840.829923535476,1091.438776509331,0.487179,38.26
3344.425442543024,1023.670503061275,1200.6935544748521,2762.831386816327,1668.3791131045227,0.512821,94.68
1987.2804488425527,1085.3619879397213,2444.0854725324793,2114.8365561277974,2368.4355345574486,0.538462,50.76
3131.931028228347,1874.7103105158394,2834.003373973336,1199.892026856293,959.4632604261859,0.564103,85.99
2734.7046091524335,2512.9614374712755,1227.932193231679,1200.2726981732353,2324.129061971377,0.589744,85.95
2309.2292803356354,1514.941247112748,1086.1913151839233,3934.9194253711416,1154.7187319965515,0.615385,95.51
2160.3881456398535,1829.5916169309007,2179.8209378433444,1731.7366624965546,2098.462637089345,0.641026,42.62
3137.849998468974,2288.2077537783935,965.565221126568,1752.7145315499097,1855.6624950761548,0.666667,120.28
2483.945282698266,2855.33909350668,2230.2781216064477,549.0892551185498,1881.348247070057,0.692308,48.88
3959.5240550570843,1674.884531989095,1503.5454043223651,1562.7878268417712,1299.258181789685,0.717949,110.56
1512.9231897419395,1598.0495908320195,2591.471239620053,1757.0768145008058,2540.479165305183,0.743590,81.87
738.6170514787117,4801.547684844622,1790.6718370497533,1522.7648229006913,1146.3986037262193,0.769231,68.96
3297.886953267986,2243.137643813722,1696.549894514259,982.8395752754981,1779.585933128536,0.794872,87.74
1834.5586127438557,3027.3190407970883,1122.3940648622988,1709.2749091150238,2306.453372481733,0.820513,82.47
2372.4752365205495,582.2770903949669,2012.179761171187,2493.002926152908,2540.0649857603908,0.846154,81.63
1483.5640419902218,1851.1189428714647,2079.248477503968,2177.357210398713,2408.711327235631,0.871795,105.70
2579.869834692001,1627.566918456465,1452.626108596882,1701.707206720054,2638.229931534599,0.897436,105.32
2304.3498270462565,3797.7174940577243,1137.881423776126,2096.2119071704437,663.8393479494498,0.923077,78.55
3656.7684767833557,909.52928814603,1990.2594508259854,1230.6469889812845,2212.7957952633433,0.948718,83.68
798.9090592807124,802.6046165858846,2912.772041965391,2460.1001604642197,3025.614121703794,0.974359,145.60
2327.375538552929,3596.014192269945,526.0053952719234,1570.1184251855495,1980.486448719654,1.000000,140.37
3508.2672757753276,1353.6263903442436,2897.4251031069543,1027.418262417696,1213.2629683557789,0.000000,18.74
1795.50517085036,2253.3678548227535,2706.2525173222816,2297.8412371229174,947.0332198816874,0.025641,28.92
2808.778916909857,1694.1274211279197,736.154677031143,1536.4386330741288,3224.500351856952,0.051282,0.00
2995.408949369798,2347.785587425334,1991.0670064053033,1079.7297830566588,1586.0086737429058,0.076923,5.78
1353.7652081306383,777.1450333705329,1770.5224751554242,3637.5522527782114,2461.015030565193,0.102564,28.87
2025.7371938770384,2658.013108389418,994.5211930968779,2593.9819666470803,1727.7465379895846,0.128205,30.81
3695.1723269010313,2771.698463942094,1311.5153304399778,821.3281910895885,1400.2856876273092,0.153846,53.79
3214.30408771172,481.51443114403395,3276.881842131657,894.412794858603,2132.886844153985,0.179487,18.13
2918.9227882801547,1900.5559505187243,2112.6621443690105,1530.7763297338888,1537.0827870982218,0.205128,3.27
1959.762358985306,3092.4169247215077,1090.7780430017053,589.8040022601028,3267.238671031377,0.230769,71.24
609.4532656783622,2400.2867959493324,2583.1878080238475,1669.8598826033967,2737.212247745062,0.256410,46.21
2288.5952651988764,1523.1754475749854,2223.0932863053067,967.2700350219975,2997.8659658988327,0.282051,41.16
1409.124437619747,1843.2521421418342,2135.6404590188117,2196.3600829426405,2415.622878276966,0.307692,31.71
621.2613260403846,2927.34180164356,873.6077475399836,2503.2807872615554,3074.508337514517,0.333333,82.65
957.7523560666283,1618.5558196057702,3287.4663255189325,3621.5197900307217,514.7057087779483,0.358974,32.59
2387.4350138625164,1758.6605212568268,2948.6802007147276,1199.9618565546932,1705.262407611235,0.384615,24.53
3187.7722371064624,3133.6222345661877,875.4038654175798,2063.2281499055243,739.973513004245,0.410256,66.14
2525.0654526755684,846.1004889602723,2345.5690028480685,3030.9476263825027,1252.3174291335881,0.435897,56.30
2916.3839812552587,1772.9518259404244,1434.5975304165631,3156.0336365119592,720.0330258757942,0.461538,91.84
1395.3408142318583,2162.185280899315,2307.560668064183,2126.560907942855,2008.352328861788,0.487179,39.01
1190.631771536937,3098.4680978049814,1783.2539070141052,1597.965722010972,2329.6805016330036,0.512821,72.80
380.65208292799485,2909.6671862088506,1695.2183116097442,2933.9868015738984,2080.4756176795136,0.538462,52.73
2344.135759813955,1189.2917404568614,2969.9139487633383,2401.5185557683712,1095.1399951974756,0.564103,68.49
2584.533602696076,1736.7296578969658,1149.2268592540054,741.5590537937201,3787.950826359234,0.589744,66.03
1916.6485342039878,3158.715616738728,1290.0341229430026,957.3639481044198,2677.2377780098614,0.615385,76.38
1830.7532191326154,1831.4920995195441,2465.354460245575,1849.199633370453,2023.2005877318134,0.641026,92.62
1738.451750443799,2098.3086811843095,562.3317155008803,1656.8630229103069,3944.044829960705,0.666667,87.14
1520.6180986440338,1264.4130232423627,3380.559401537795,1862.670980279465,1971.7384962963438,0.692308,77.34
742.0430718686563,3601.8053493365587,1464.9069022046826,2908.434862425362,1282.8098141647397,0.717949,102.59
2906.4165149546,2044.1243147189668,2437.2333963954734,547.8551139637773,2064.3706599671827,0.743590,72.30
1287.9997560254621,2951.0554678020367,2577.0003661745145,810.4289003702731,2373.515509627715,0.769231,129.03
1854.6931095913117,1939.68287454202,1154.035497273221,2952.8266931092467,2098.7618254842014,0.794872,117.76
2778.2833275113403,959.1597878924573,1289.783922848879,2219.4624096675393,2753.310552079784,0.820513,72.93
3603.661311806132,1969.307012682705,544.2191396441355,722.336544847325,3160.475991019703,0.846154,80.27
1439.6835757309696,2908.8460905713428,2032.6818714529084,1074.4120586729084,2544.3764035718714,0.871795,109.69
1188.7590392032698,2077.5259918761744,2405.90921632612,2353.990183843865,1973.8155687505687,0.897436,108.67
654.3127038665851,2257.3135508200744,2294.2869285975407,1964.2738562750255,2829.812960440773,0.923077,75.98
3788.506657358105,2197.9439851979555,662.8545515004926,2661.2882466991,689.4065592443465,0.948718,101.72
2658.355998837192,2041.805281110383,3202.1079760487983,1637.9052717088703,459.82547229475693,0.974359,118.18
1685.5505803068124,550.9752446892529,542.1894482280381,4185.849201156245,3035.4355256196527,1.000000,101.58
2474.4468008590584,1883.5841911888945,1031.1560499120073,1905.3841819843612,2705.428776055679,0.000000,39.00
1221.4077563156684,2362.868143289362,1254.2442366794044,3080.6766923508567,2080.8031713647097,0.025641,0.00
732.2433959433031,1698.0664345864895,1909.1109796074134,1786.7481329343243,3873.83105692847,0.051282,0.00
2300.9742066069894,1670.1164163831795,1443.2897240730952,3447.4528703669844,1138.1667825697525,0.076923,26.91
1406.1164483589748,1421.3531175594242,1658.594707827311,2849.985829049301,2663.9498972049896,0.102564,18.15
879.3831790305768,687.7806242240247,3349.234614645696,1123.3375070969098,3960.264075002792,0.128205,39.07
2505.3322713230646,1039.31722944902,2132.870429548448,2525.801366984884,1796.6787026945829,0.153846,0.00
1678.4331519384195,2562.5631507316302,1718.8598859468404,3039.823129518475,1000.3206818646347,0.179487,9.75
3255.21317988854,1843.7069774388995,2232.063389654819,821.0948482963282,1847.9216047214138,0.205128,56.86
943.4946491905712,3030.444315184685,1689.948163923526,1051.6098017039046,3284.5030699973127,0.230769,16.54
1954.4114326134206,652.7559742006133,1851.7876431607538,1772.6764393218846,3768.368510703326,0.256410,20.51
1746.249815386716,630.6621807824619,2802.128310494597,1903.2696291339912,2917.6900642022347,0.282051,76.91
2979.3172469124333,2119.3492862522576,2987.0335929700573,956.9537008650551,957.346173000197,0.307692,20.75
3071.6915453386723,2774.5179643645747,726.3371773399309,2397.48837893143,1029.9649340253936,0.333333,59.88
2737.813818650576,914.5224941926017,527.4647057339852,3571.3293794235256,2248.8696019993126,0.358974,33.87
1076.4234685848442,2531.0842787122533,1668.2724143763983,1064.0628132698344,3660.1570250566688,0.384615,77.81
2272.603989670941,3752.9102627558414,2212.2887827355116,976.546601677663,785.6503631600434,0.410256,52.14
3037.198001964461,1037.3901080262992,2750.2256450310497,743.9434997706968,2431.2427452074917,0.435897,21.23
717.2780898014473,2611.8063857555826,1428.4120559178637,3464.6724894001854,1777.8309791249214,0.461538,98.15
2408.534511237837,1881.6808067077689,1965.0659866748665,1899.6244273385278,1845.094268041,0.487179,98.87
3012.371026037817,3638.227983915698,735.6162032479278,707.4336984369693,1906.351088361588,0.512821,94.67
2969.561845790573,3689.9491230154736,1746.8932677402715,992.2144842443398,601.3812792093416,0.538462,55.10
1818.971021981239,2198.2089675115526,2015.8619424077303,1495.2730640002026,2471.685004099275,0.564103,76.54
1070.7901972473833,1348.5889666655326,2663.7155953904266,1603.1996439775992,3313.705596719057,0.589744,93.29
3556.4793304526697,2137.9277126179595,809.5754016521469,662.3453400912394,2833.672215185986,0.615385,109.44
3415.847992369861,2221.0420418201766,931.8785205344146,2872.53189936896,558.6995459065879,0.641026,75.96
1363.1655914168527,480.19529413324153,2140.926115286627,3112.181122898669,2903.5318762646098,0.666667,70.62
1266.4746246031923,885.3737190908834,2989.47376784473,3277.3555497829448,1581.3223386782493,0.692308,99.13
2239.736877056656,1530.806610611294,959.4959375953584,3952.793670389853,1317.1669043468378,0.717949,129.47
793.0984353076614,2678.896763880825,1563.206011262484,1391.6552193745813,3573.143570174449,0.743590,76.82
1674.8541719087668,1034.6457959136155,1795.442576104005,3071.7286866995914,2423.328769374022,0.769231,129.50
2344.1296759336733,1941.63471254852,1494.1364968152384,2156.2063972531655,2063.8927174494047,0.794872,90.04
1222.3500217514536,3403.219114851489,3356.432570057762,686.6876277034888,1331.3106656358075,0.820513,66.84
2447.650350687603,2089.2418112454156,2081.3586907567596,2811.4074967079587,570.3416506022638,0.846154,74.52
1691.1206766522175,1282.202530522877,2405.164037653093,1661.027495580351,2960.4852595914613,0.871795,83.47
2319.2485249185474,1993.0540540297595,2426.8456520859045,785.3394476300994,2475.5123213356883,0.897436,137.26
628.2468385791823,3819.8288402030494,1741.1918416239075,469.0650628917559,3341.667416702104,0.923077,84.67
2824.2260451163606,2152.413155949428,1323.7650883946972,1899.6345237388844,1799.961186800629,0.948718,89.80
1661.5278016950597,2781.068809037141,3399.7684857563895,549.5707781262405,1608.0641253851704,0.974359,88.79
3641.754952896646,1765.7204542030208,1472.2705336670917,1282.6975222800195,1837.5565369532242,1.000000,92.05
2492.486472004546,1764.1358131323723,1658.611837189245,1360.3675083604796,2724.398369313357,0.000000,35.43
2009.9698153895922,2540.4354762028934,792.4623131818136,3460.851151857939,1196.281243367762,0.025641,22.16
2544.7169297553373,2137.2464984407466,1207.321260948757,2557.3400810843027,1553.3752297708575,0.051282,48.65
1714.8392200444662,2046.574331985598,2680.6443421201025,1112.4842464675914,2445.4578593822434,0.076923,26.20
824.7997487563954,1659.9088671177951,2329.264981356968,2886.1519302389074,2299.8744725299352,0.102564,55.20
1237.4662739265952,1841.2501982965507,2497.303885873724,3759.8825575957358,664.0970843073934,0.128205,48.54
2938.577706845912,808.4411873046,2335.5440224029862,2324.3537787762516,1593.0833046702503,0.153846,7.88
813.4313521020704,1216.6091451049936,2476.76553254708,2980.2262668460376,2512.967703399818,0.179487,64.06
960.2447193371678,3358.0391190729165,2392.1683814398707,1995.9618107022595,1293.5859694477854,0.205128,26.13
2501.6348544101734,2525.276786819129,1794.6607046772147,543.6513314909263,2634.776322602557,0.230769,56.89
1973.2980012249689,1862.0080207211413,1547.9641656305985,2793.961448296179,1822.7683641271108,0.256410,47.71
2040.1591319383097,816.3501587973981,2328.316585282874,3764.315888043366,1050.8582359380528,0.282051,71.90
644.9142010472192,3613.3773373095414,511.7784111411515,1989.2333402849868,3240.696710217102,0.307692,4.03
1745.121256052997,2067.9068343530616,3401.266868928033,864.4069341086039,1921.2981065573042,0.333333,63.93
1194.4273479815752,2558.359201143132,2210.053071798719,1835.953101654972,2201.2072774216003,0.358974,84.40
1383.6967159109454,979.2679823103327,3875.0472889589914,2754.94764120655,1007.0403716131817,0.384615,44.18
1696.0283377140381,2406.1519638509167,543.9621842634219,2335.395519716943,3018.461994454679,0.410256,75.19
2246.99765082729,1729.4778417887765,2043.6831136667793,2134.7203340137426,1845.1210597034112,0.435897,93.52
814.870319258703,1645.9609847307752,1410.210884211264,4988.8377517543495,1140.1200600449072,0.461538,30.25
1890.550930876219,1244.8414608058938,3343.803015814035,2956.1996582416937,564.6049342621592,0.487179,45.58
2136.5173656764755,566.2276274586882,2704.9469531084123,3396.660840126428,1195.647213629997,0.512821,86.52
3318.306988092994,2312.483439357726,1154.9649725478541,2240.021863538565,974.2227364628609,0.538462,99.52
1219.3008884039364,2807.2252144992062,2630.850457709999,563.0685506978444,2779.5548886890133,0.564103,92.70
2876.847536336438,2249.9785532081187,1984.4079725142758,1380.42118084749,1508.3447570936773,0.589744,61.51
2198.8290963930363,2107.1674274122443,2501.145735961432,1629.9864930556485,1562.8712471776394,0.615385,95.87
971.1186063750608,1539.08269312286,1986.3966913452114,2296.0328402636587,3207.3691688932086,0.641026,96.54
2698.7089753253827,2663.7549046357526,3417.8576775330284,566.6509230759146,653.0275194299207,0.666667,105.16
3430.3039439761983,1530.0349614724385,803.2341524361633,2645.851009941437,1590.5759321737626,0.692308,125.54
493.9897717733523,2906.8496219508525,1582.0575704918087,3611.233801240618,1405.8692345433683,0.717949,53.56
1286.5002208917867,549.0374826379336,1800.2609432455235,3414.753365363779,2949.4479878609777,0.743590,55.39
1664.0128705055597,1697.4354616194594,1420.92005941642,2682.5592041078085,2535.072404350751,0.769231,105.34
1607.5634196494582,2696.820044802492,1082.8806632763117,1258.5552874418322,3354.180584829907,0.794872,88.54
1300.3705230401818,2403.6428523123336,2530.4930353542136,2797.6622707194733,967.8313185737966,0.820513,108.53
788.9042096277955,2380.015715051213,2533.731182533399,1656.2523301416868,2641.096562645905,0.846154,117.48
1605.3301406551382,2247.8042061457563,1240.7641191298956,3339.5297984486397,1566.57173562057,0.871795,87.62
2260.7721629424814,2427.9975812266525,1777.390948867198,3129.0608225152137,404.77848444845495,0.897436,133.69
2135.1440850645713,2284.2776746485215,1797.2365448871446,1369.2039468642477,2414.137748535515,0.923077,85.40
1542.7895945428268,1588.917555468974,3190.2248168047345,1680.5060003414428,1997.5620328420223,0.948718,140.76
1691.7453928624413,1813.4703360209498,502.61576316925124,2037.604364227444,3954.564143719914,0.974359,105.02
1356.0045769664266,2529.713281383442,2152.2937806262294,931.5117873476466,3030.4765736762565,1.000000,104.46
1897.6610857417788,3266.664833720952,839.6637145744002,1097.4769131470334,2898.533452815836,0.000000,0.00
2141.4900660649764,1377.7065251367699,2680.3966263632087,2668.051168485579,1132.3556139494651,0.025641,15.50
1250.0087368271477,2996.573652756211,3725.135770210598,944.8847374469124,1083.3971027591335,0.051282,5.48
1642.3948735519932,2169.252389416968,1583.0715268175575,1847.237245832717,2758.0439643807645,0.076923,11.52
3717.8502675468585,948.8642361634639,3288.459195148245,1083.6885333378548,961.1377678035783,0.102564,5.34
933.699769847591,2275.0738568497286,1998.8385937710614,3545.48212822336,1246.905651308259,0.128205,21.86
496.90541194527685,2564.0494638570694,2381.3520883049205,2258.9297421123656,2298.763293780368,0.153846,53.88
3041.1991279121603,479.3043890369765,623.8795553119735,2886.714778137421,2968.9021496014707,0.179487,47.07
3017.7032290002935,2717.129448794022,755.7828078265799,2035.60502854095,1473.7794858381544,0.205128,1.28
2002.604827282049,2579.777118482047,1867.7675260127437,2644.827522224371,905.0230059987895,0.230769,44.76
2464.614265520708,2256.8342577213043,2508.086619494351,2399.123582296224,371.34127496741166,0.256410,22.98
3010.3449780459696,1973.8342594810058,962.1247453269583,3119.149026594394,934.5469905516708,0.282051,23.33
2779.7752292338937,1728.31702701145,1433.055431022517,1462.9238116164943,2595.9285011156435,0.307692,45.26
848.0271889575258,3242.450640328395,1125.6506709671496,2665.5203726715945,2118.3511270753347,0.333333,53.46
2543.886536682996,1550.1164255448232,2729.70830455562,912.9148796479931,2263.373853568567,0.358974,82.19
1123.3011758744067,2723.259916581714,4107.880936307132,1502.4786045701492,543.0793666665986,0.384615,33.57
2012.0902956361113,2284.626082704016,2217.4160927760936,1745.1315057750774,1740.7360231087027,0.410256,62.17
2709.9544812084728,2245.683418162516,1828.0304662840615,2326.7859159190466,889.5457184259022,0.435897,40.01
567.8216171024328,3723.8713588051673,1004.3478130935777,3465.1537017925034,1238.8055092063187,0.461538,57.11
2756.4501807118636,2542.10761371387,1565.653146030119,1720.3758034810865,1415.4132560630615,0.487179,58.68
731.7177208184596,1373.0990499195077,2295.7292557548744,1783.2810742774911,3816.172899229667,0.512821,52.71
1162.518651670713,2771.533042034978,1544.8363247177347,3847.2732295934597,673.8387519831159,0.538462,80.19
2754.4498314507837,2427.1806673305764,1358.804694162164,1230.065975640978,2229.4988314154984,0.564103,44.61
534.3938849908743,1672.327061309347,2763.262905482944,1855.233113334848,3174.7830348819857,0.589744,65.39
666.9842385493662,2720.633694360234,1460.1243862514245,2423.4196691399657,2728.8380116990097,0.615385,48.48
2981.9892187937517,2984.3696714283406,860.0923056130435,1296.0496215156127,1877.4991826492521,0.641026,116.19
3495.869029671246,1904.048129569929,1060.7389634734973,2557.334262771045,982.0096145142818,0.666667,50.95
3318.8641362751446,1710.4736265387926,664.8754816181084,2800.7707903903297,1505.015965177626,0.692308,68.29
1978.036126291025,2407.998482128952,2880.3530761127336,2332.1274673474645,401.4848481198241,0.717949,107.71
1066.6312293144574,4406.808693964999,1287.3540393103685,1274.8342101813014,1964.371827228871,0.743590,57.54
636.3875691199052,2096.5684677416766,4316.809591314305,667.6547919627303,2282.579579861384,0.769231,73.82
879.5525492272373,887.6429015005443,832.1602798883946,5201.990398385144,2198.6538709986808,0.794872,100.15
3455.195350213386,584.5233796714083,2541.308549131396,2901.4699793942955,517.502741589515,0.820513,141.65
1967.0207501198324,3532.4441294386797,1614.8540238475061,2251.711094055802,633.9700025381796,0.846154,129.14
1316.5048321143167,1137.6339678512325,2643.3839360370503,2324.5117580265432,2577.9655059708575,0.871795,99.51
1793.3941832682647,2478.431227122432,1683.4217383270782,1387.4048256456038,2657.348025636621,0.897436,113.54
1889.615933051279,2457.4679910131167,2292.7333964985833,2152.3840281266303,1207.7986513103904,0.923077,76.18
2552.4896214112823,1866.9344530924338,1968.0370812985675,2804.744236742876,807.7946074548416,0.948718,159.09
2093.1791711389183,2192.0117798732167,2579.260171825324,700.1725855403326,2435.376291622208,0.974359,140.42
1545.7375426590854,2290.6344405965233,654.2258865087321,1924.065330407258,3585.336799828402,1.000000,99.38
1101.6849947573317,1986.1192377504292,1821.7528589688523,3075.655846014634,2014.7870625087517,0.000000,44.86
2242.1994744884096,2855.7848908953974,1907.406340817469,588.2394117874911,2406.3698820112327,0.025641,0.00
2490.610030114323,1510.5093635317905,1520.4264928147024,1168.0416325375118,3310.4124810016715,0.051282,0.00
653.9376821686384,4974.049749133512,903.9722894880932,1312.713135476857,2155.3271437329004,0.076923,22.63
1991.798255962427,2549.918764994461,2572.3317607866393,740.2646946537778,2145.686523602695,0.102564,0.00
2542.132994445134,749.1832417113696,1249.996868716869,3303.479669481609,2155.2072256450183,0.128205,33.08
3041.8757726544845,3139.6585110326537,1674.2144610720281,1553.0695722663077,591.1816829745268,0.153846,28.40
2663.330256188544,1847.2829103264726,2132.37627356055,1671.1768397157,1685.8337202087332,0.179487,20.14
1860.6059147637227,1229.8410568595184,2837.188963369663,1663.9780570161709,2408.3860079909246,0.205128,62.98
772.3250648838005,3416.5856020813294,1951.8288668770977,2451.0513383002926,1408.20912785748,0.230769,70.86
1796.466016699035,2591.068650735594,1482.3648434986067,1369.9405065047183,2760.1599825620474,0.256410,0.00
2477.782496444335,2554.1276447737087,1838.3227253652508,1938.311645890484,1191.4554875262215,0.282051,20.88
3905.3141159990205,3077.221918172571,940.0298090117817,691.3668178210557,1386.0673389955698,0.307692,19.80
1879.2164215645316,2271.8950972502985,1610.2284806925632,2349.023671081199,1889.6363294114071,0.333333,46.69
1407.6022784176132,2253.295616382543,2015.3738328479626,2035.442573366551,2288.285698985331,0.358974,56.96
1696.552966470999,2009.9392256591996,2591.6427848499125,2379.4447757550633,1322.420247264826,0.384615,77.18
1686.618617006386,581.2982286149393,2658.125424789845,2632.2862481304414,2441.6714814583884,0.410256,61.77
983.6295299312169,2686.4427809667714,2343.811601310502,1806.2208810998939,2179.8952066916163,0.435897,85.07
2639.1710685174107,2090.978363878571,2375.275088146992,1987.8830438915681,906.6924355654587,0.461538,74.11
2498.6165301421684,1977.9900050024098,1531.5957731926826,2063.9582151509644,1927.839476511775,0.487179,88.37
2533.5585678655584,2284.2874399344573,1996.0053412827717,655.9605410073744,2530.1881099098373,0.512821,87.97
1900.9263761922434,2845.689488823274,782.2511640957624,3346.405501997712,1124.7274688910081,0.538462,104.85
2206.072257787841,2426.918655967527,1467.0523679201192,2015.9609929204441,1883.9957254040685,0.564103,66.66
2068.9734850917666,2265.6105254898293,1678.7237470366838,1889.7491324158643,2096.943109965857,0.589744,98.13
1565.530924038424,3241.4260074539807,796.2323611405106,2040.4337430572314,2356.376964309852,0.615385,98.74
1259.39545616202,1184.9710888026818,3667.2644872205396,3340.5257142313594,547.8432535833995,0.641026,52.09
2218.8390970067517,1895.0683904624377,2965.6180474997645,624.1546934053194,2296.3197716257255,0.666667,105.22
1659.9837741081944,510.1717528812731,1580.8547156814275,1925.1600126365943,4323.829744692511,0.692308,120.59
3156.3669807685164,1336.8855126789501,1702.0606154022269,2286.4466330838936,1518.2402580664127,0.717949,83.08
2428.76400640616,2381.4703689452035,1636.04897600542,1309.8575258993073,2243.859122743911,0.743590,111.81
1349.7950823025153,1575.09222764518,1296.1245408343084,3261.407421223319,2517.5807279946785,0.769231,104.18
2170.702299792975,2520.7266664481854,616.1214903533861,2795.2875337759856,1897.1620096294675,0.794872,69.06
2329.252380773836,3140.2316377846882,1388.5284833760436,1207.2195081310017,1934.7679899344296,0.820513,72.15
1074.0389508224018,2025.4045657606848,3983.34851774182,1248.7841378269043,1668.4238278481896,0.846154,121.83
3197.104939511948,922.6683536713366,2939.2286748563783,1413.1526809249672,1527.845351035369,0.871795,104.09
2688.3356764954897,2037.2534846225199,1970.6412146188984,1406.3277664242842,1897.4418578388077,0.897436,116.96
2209.6428935256463,1740.7780391969825,2105.05500458058,1550.4080851616832,2394.1159775351107,0.923077,100.93
1620.3254539365937,2400.191251965734,2830.9100942008804,787.5507929521439,2361.022406944649,0.948718,145.81
3303.3495986723437,888.4669379262604,2301.3351886734704,2416.7401215697723,1090.1081531581538,0.974359,160.90
2526.139082414222,1252.8041292317316,2376.4996647551857,1304.4425056266118,2540.1146179722505,1.000000,157.51
1024.9884090396565,2041.243547722524,2958.573169266895,2686.951577632581,1288.2432963383433,0.000000,24.84
2177.529374102797,2371.367963626812,2243.3984095559013,1756.5570591260926,1451.1471935883972,0.025641,6.83
2797.1212194231907,1579.6430412225056,2251.325765268301,2263.395450202725,1108.5145238832777,0.051282,0.00
1162.679595938538,2604.6330458178886,1880.594495453928,2661.2351844339687,1690.8576783556762,0.076923,2.31
3196.6797641541684,1040.0406795487959,2562.056045052039,1289.4635285294871,1911.75998271551,0.102564,6.54
661.2633304006997,594.0596435382469,3163.240624183222,1465.8709917039844,4115.5654101738455,0.128205,0.00
999.817666834526,1995.9101672920942,1334.8844593932156,2432.557334098432,3236.830372381733,0.153846,0.00
1147.873891271398,2885.2912794487834,2901.754291568961,1594.5005173610737,1470.5800203497834,0.179487,23.31
1990.1585725722166,664.3833744389894,3048.462626230219,3172.3285195371677,1124.666907221407,0.205128,49.52
622.7907446600875,3800.6442328826224,3422.822812902226,1439.8338886734684,713.9083208815969,0.230769,70.64
2391.930683415732,3590.4748828611714,641.1361188247471,1272.1529169844046,2104.3053979139445,0.256410,74.28
1716.3408126175455,3823.008371412047,963.4761445514079,1834.207287377083,1662.9673840419175,0.282051,67.11
2052.6396444040834,555.4651204029675,4313.557615047934,2404.0834166477202,674.2542034972947,0.307692,33.25
2164.17981103182,1662.5228706066907,2562.155337403249,3171.148305655432,439.99367530280824,0.333333,38.68
447.93006206616985,1863.0876426553134,3640.8883229761523,2103.314833359339,1944.7791389430242,0.358974,78.85
2194.636858230597,2082.2653614507576,866.7265249930232,3757.8953118345544,1098.4759434910693,0.384615,31.39
818.6913169517524,1241.526802759867,3387.3465266434814,2420.5225857230794,2131.912767921819,0.410256,56.66
2837.7856027066414,1338.0012611498257,3227.261201183984,2009.3376025614828,587.6143323980663,0.435897,58.88
2464.5975526546445,925.4061005114827,1499.7645429501044,1730.6730760641076,3379.5587278196635,0.461538,98.96
1327.900624407476,2561.519189696476,1877.3443815483693,773.9944686599835,3459.241335687695,0.487179,92.79
2831.879789459557,432.65841485596866,2408.4791361769044,1867.6616168133846,2459.321042694186,0.512821,99.50
1250.4863510332057,1776.0164966494501,1512.6197551843682,2268.5873512044113,3192.290045928565,0.538462,81.14
2420.1576659707325,1935.793010731167,1999.9599443855734,3239.5269696640075,404.5624092485207,0.564103,102.99
2650.5837918769244,1686.4205534809296,640.5647040905433,2063.318362089199,2959.112588462404,0.589744,109.43
2958.916258895751,1584.4635448549207,814.6144693626727,2245.972078368064,2396.0336485185912,0.615385,45.84
1585.9910063581194,1687.8953830575122,3232.832479253459,1381.3241396855385,2111.9569916453693,0.641026,102.83
3261.0779679831226,2404.2777314253754,604.894812274443,2033.284673780439,1696.4648145366189,0.666667,74.39
2510.957899538459,1795.8763654147751,2532.7355903065845,2118.741317698814,1041.6888270413676,0.692308,55.57
1999.0989201623784,3711.234510045849,2147.250429026001,795.0423981191877,1347.3737426465846,0.717949,61.98
1466.7882749287635,3858.3352318308257,1078.471034445411,1859.26532899978,1737.1401297952202,0.743590,104.46
1225.8936903389044,2830.5836417315386,2118.3160643715646,573.0275099697438,3252.179093588249,0.769231,113.16
2528.7948604720254,1997.819561154489,2838.274789133728,1847.9362718247908,787.1745174149665,0.794872,114.72
2773.6519697179247,1653.1314282118922,700.105298887655,2404.639339803291,2468.471963379238,0.820513,68.05
390.8407798888863,1888.411831478498,2744.618493542184,1822.301048296913,3153.8278467935174,0.846154,127.24
563.4988897725937,3083.969753750123,1253.4218325159554,3687.9159820359323,1411.1935419253964,0.871795,94.78
2721.0639549817915,2700.4342344393394,832.1599855103893,1240.9711502115867,2505.3706748568925,0.897436,93.00
3463.894185952102,1313.9831047473858,554.6220823412621,2899.4344118484264,1768.0662151108247,0.923077,131.20
2218.71311252498,1355.3687966217083,2387.0542350313995,2614.575323565831,1424.2885322560817,0.948718,141.85
3090.073821702944,1400.4128293553888,2117.988461612527,1160.481116549596,2231.0437707795427,0.974359,98.16
3343.941673024429,1929.2222639713536,486.45805122049643,2924.664786128407,1315.7132256553132,1.000000,149.28
1912.9984343400981,1750.6596248474311,2741.1740072301827,1927.4031516233022,1667.764781958986,0.000000,0.00
1570.0360985391033,3156.007032953909,3061.6433535507363,1525.6203679201617,686.6931470360913,0.025641,0.00
2316.2728695444102,1536.487156434949,962.6049598850719,2846.9298005928904,2337.7052135426784,0.051282,50.78
459.4218303125457,2631.6986628032523,2040.3913559101104,2782.2895692691873,2086.1985817049044,0.076923,0.00
1032.6331045112468,1834.1549500860333,1930.226749066933,1956.9120985261898,3246.0730978095958,0.102564,30.29
3738.8904710235015,2681.462062924584,633.5853233949219,1678.3043212215941,1267.7578214353982,0.128205,0.00
2438.8988475880337,925.7510587859032,1537.1665897379055,2291.1604476042007,2807.023056283958,0.153846,55.66
723.351917362527,548.1310546843832,3187.303015271407,2539.2151988200467,3001.9988138616363,0.179487,0.00
2694.235616652959,1926.1262133115438,2043.2698832714368,1123.8341472651257,2212.534139498936,0.205128,24.41
2105.8131841133268,1848.2809856161562,1789.7171838532056,2242.3790256320644,2013.8096207852466,0.230769,13.80
1354.2875148619507,1244.0006028604014,3174.048928732483,2900.859095793472,1326.8038577516934,0.256410,74.58
396.4417212264485,1742.4020713639818,2357.5915941205753,3059.789039227318,2443.7755740616763,0.282051,52.03
1269.5363521462964,2800.3858177471498,2581.5869788025025,2606.6420899372156,741.8487613668358,0.307692,41.09
2080.635914896434,2221.438630297919,1986.8338223781443,1708.1127143162146,2002.978918111288,0.333333,35.36
1269.8736113112648,1010.0809486079515,2546.768215833201,3783.5430577156676,1389.7341665319157,0.358974,26.47
1493.36766920967,1382.883907355088,3765.8370537743403,1852.777658908731,1505.1337107521708,0.384615,42.18
713.1523420890665,2922.975227509518,483.4099201122291,2856.6460801507087,3023.8164301384777,0.410256,64.03
2331.8184700702504,3157.2750254943885,753.6711161406643,2991.6301980819508,765.6051902127466,0.435897,30.23
3245.9100192541864,2584.830764341011,557.604864348364,2100.234713254408,1511.4196388020305,0.461538,62.52
1230.3497683348294,2818.059079270507,640.8860448867686,3325.6807418516246,1985.024365656272,0.487179,60.33
1854.8045111055892,2710.1376276651185,2240.4854621095906,717.710594084299,2476.8618050354025,0.512821,92.08
2199.7845952495604,1788.5003361495824,2308.6406566160576,2320.027471236182,1383.046940748619,0.538462,104.54
2539.7386171365993,1133.5577926814967,1814.873948961165,2239.8758275755354,2271.9538136452034,0.564103,102.83
3342.228047447573,1491.4977147929483,760.3570928590865,1284.1817356583726,3121.735409242021,0.589744,115.40
860.8172091128248,1045.9331954336824,3562.8671266138444,3035.1561238664985,1495.2263449731495,0.615385,92.17
689.3845325608829,3022.367725597288,1393.1540481300322,3884.773147897015,1010.3205458147842,0.641026,88.27
1601.0151493116673,2270.937073183806,3522.004162223639,943.6152331338906,1662.428382146998,0.666667,91.90
3164.9655667643456,1037.9804164039201,758.0043546855784,1298.9409381161802,3740.1087240299753,0.692308,92.21
2418.570765230084,1736.6054071468307,1622.8242036592221,2188.901610847203,2033.0980131166611,0.717949,68.32
2857.191106982587,3036.899717333605,1466.8308473846332,1203.1386593448947,1435.9396689542807,0.743590,116.37
2525.0194826573006,2013.2720807949404,1408.4695970220894,1420.7937246303711,2632.445114895298,0.769231,116.98
3557.0891774204383,534.9761605872258,3486.1523180682084,1852.5513125677521,569.231031356374,0.794872,78.47
1860.9228075484966,1585.73289470539,2486.16803211502,2948.820521743689,1118.3557438874016,0.820513,76.55
2246.2937681901126,1922.5139656218137,2467.107099218324,1936.1050604544712,1427.9801065152783,0.846154,108.98
742.5034604217624,3581.942865057598,1408.6909532332716,3273.557639672678,993.3050816146907,0.871795,130.80
1770.1159079558067,1759.9497826459312,1561.379558157598,3340.1122182089266,1568.442533031737,0.897436,109.50
3054.6649775429482,2040.754260344327,1357.654585276415,688.6576927865308,2858.2684840497786,0.923077,83.82
1558.8315803243295,3026.378676495307,1383.22538644075,966.9233968376868,3064.640959901926,0.948718,143.44
2215.850067637521,2991.162901736223,2217.832836309015,501.85006786130197,2073.3041264559383,0.974359,115.36
2727.2568122915304,2601.2537526831866,342.71784576684,1848.272039001649,2480.499550256792,1.000000,109.80
1924.807764907606,2154.3617734837494,2219.5671732739347,2699.490039302639,1001.7732490320697,0.000000,0.00
2599.2829129466772,1940.3848019257853,2066.084048854584,746.1036745435041,2648.144561729451,0.025641,0.00
2477.728056284826,1466.6888859055982,2745.383564356357,1122.8992606259897,2187.3002328272287,0.051282,0.00
2048.6630978191456,1258.1677370617624,1534.716492081046,2006.887532667665,3151.565140370381,0.076923,0.00
3509.8707171087117,2954.843911428399,1311.9057416227595,1284.5093586962475,938.8702711438833,0.102564,0.00
1223.3888945817039,2999.1589196435284,2199.206183153659,1107.597039444178,2470.648963176932,0.128205,8.08
1203.3569139669812,1666.593743851322,1870.4542579964555,2129.241142917538,3130.3539412677032,0.153846,33.10
3055.2397017505277,1632.7326704230074,1551.3575692637182,855.4146599795486,2905.2553985831987,0.179487,20.20
2315.194326224485,422.59426307622715,2240.1961756314877,2289.930260006224,2732.084975061577,0.205128,33.23
2934.9023406955243,3447.395494607051,1875.980415409185,873.4439138893935,868.2778353988464,0.230769,49.13
3613.5420125814812,890.3637245408039,1916.7658255183314,908.8038595067792,2670.524577852604,0.256410,58.80
5014.415036269561,944.363189259948,1954.6050146800862,1201.2405423619657,885.3762174284377,0.282051,37.41
1864.088264616494,852.6454128957452,1781.6564556145374,3586.2152310912334,1915.3946357819896,0.307692,22.95
2394.6740916397935,1192.3366701055197,1707.2107720458134,1327.1973190620606,3378.581147146813,0.333333,5.92
1934.2847570246265,2665.850418522032,1583.1423535728527,3301.747560226888,514.9749106536004,0.358974,82.61
1352.9907333744159,3009.453688292835,1689.5657465417212,1861.632375198038,2086.3574565929907,0.384615,32.62
1584.2091754525427,2670.225430916218,1499.2267036536484,3150.373201593011,1095.9654883845815,0.410256,74.35
2879.519445093617,2634.166141868327,734.1353330282885,1892.6585642005086,1859.520515809259,0.435897,44.82
2173.352839381585,2729.1581330004024,1518.411563286155,1882.810742699244,1696.2667216326129,0.461538,21.80
2045.6545923307913,2993.4247005104066,1478.946082467212,2813.8800347059832,668.0945899856067,0.487179,102.81
2416.9747899287568,2763.6815891931624,1778.0216742817288,2140.3449793109376,900.9769672854152,0.512821,102.08
1869.5804177074876,2409.31683355182,3477.6195140950026,1578.0143845583655,665.4688500873236,0.538462,71.37
852.2387960551816,2586.1172062864684,2808.501587974371,1603.3187779188627,2149.8236317651167,0.564103,66.86
981.0043974352013,2192.0956338449896,1334.5587338082116,4529.188366099782,963.1528688118171,0.589744,88.20
795.4716080597492,850.4272060190942,3279.3361115305324,2366.162479905209,2708.602594485415,0.615385,44.29
3036.0153884605693,1331.8174944623906,1909.7777924837178,2671.738144123232,1050.6511804700901,0.641026,49.59
3235.8782589180973,746.5959434724411,2937.6862438156027,1977.7161365950096,1102.1234171988492,0.666667,122.28
3324.8100212107925,1124.1946176928473,891.6497959658623,3031.210355277633,1628.1352098528655,0.692308,98.74
1680.4701118942426,1016.9299356612127,2520.7123765694955,2619.474368975531,2162.4132068995186,0.717949,103.54
1540.2695934515843,1004.8532098745052,2025.4084555761763,1837.2081566068541,3592.2605844908803,0.743590,97.16
2169.675159437229,897.2212079509437,4185.779440006003,2090.520828575465,656.8033640303581,0.769231,79.10
2646.679186561354,1947.3555996063142,1419.1849286406996,747.7765224479554,3239.0037627436773,0.794872,74.79
2656.0330212589497,3296.9055796918747,2362.719156248956,506.72097093229405,1177.6212718679258,0.820513,126.51
2936.8293402783243,2406.0867915055037,1173.683984237253,2955.6568126573193,527.7430713215977,0.846154,141.43
2220.5271037011703,1456.507489476696,1976.8017101091364,2073.8286836482825,2272.335013064715,0.871795,76.37
1986.3930506219997,2422.0250146756293,1729.6807023123663,2060.4525670172925,1801.4486653727129,0.897436,124.02
1034.4908675066674,2981.965536636375,1397.9777298197016,1144.5250821148238,3441.0407839224317,0.923077,138.46
2414.1739394425654,1829.0636432236336,3607.0486914338057,1486.6815687396288,663.0321571603666,0.948718,142.78
918.0887882609527,858.0797124216546,1315.0385912698493,5277.9136498862745,1630.879258161269,0.974359,94.57
3802.6521665698683,3675.0176723916425,855.6253524273926,882.7333771625903,783.9714314485075,1.000000,133.01
4321.540434292148,1924.0548200495703,1663.945398358726,820.6249310740457,1269.8344162255098,0.000000,35.37
1345.3054603011626,1652.7907702828816,3246.4227733650127,691.7534895432282,3063.7275065077156,0.025641,0.00
2049.1564401079295,3031.7422098594225,720.4202514642305,1649.8823931561376,2548.798705412279,0.051282,33.03
3032.5268754408557,2546.496062471556,1464.5266679890008,460.84833630829024,2495.602057790298,0.076923,0.00
897.574357764615,3644.829629782506,2938.038011596661,1430.5379081906292,1089.0200926655884,0.102564,0.00
2401.6259754600087,618.7399607968788,2551.162542819352,2136.3529027474638,2292.118618176295,0.128205,34.86
3156.4742053526293,1947.6350449043064,976.5808031733219,2386.0628978060345,1533.2470487637079,0.153846,39.09
1686.4310887327379,3524.080028736717,1124.4418321326384,2868.03038308047,797.0166673174375,0.179487,48.75
798.9952343671016,2034.3753249987274,3785.2907412634113,1331.764053160397,2049.574646210362,0.205128,66.02
870.4054693700504,2892.110682804701,931.3513699458763,2030.672953005397,3275.459524873975,0.230769,63.48
1910.8271318145319,1162.0104650070105,988.4223728461344,2808.7701178673688,3129.9699124649546,0.256410,0.00
769.6628453614939,845.447118748428,3176.2898944464887,1491.0563546188614,3717.5437868247277,0.282051,69.11
2424.849908587572,3260.6176102130853,615.0417761116848,2922.872360166415,776.6183449212432,0.307692,69.72
2094.6077079401703,2205.2467318412237,2050.719179863091,2999.7425137668806,649.6838665886336,0.333333,55.80
1216.848581359403,3716.7304098929485,1372.929301181917,2045.9371909262784,1647.5545166394536,0.358974,52.26
905.0971195966306,2177.9465690003153,3130.2682228124827,1603.3978157929305,2183.2902727976402,0.384615,43.39
2111.5706923323273,3035.9770874992164,1783.9827373432536,1359.8392529316325,1708.6302298935705,0.410256,87.86
2520.0953682297836,1731.8635772443217,607.4648807217,2942.4012009165526,2198.174972887641,0.435897,40.10
1560.052088049813,1108.332225100368,2109.886322590822,1818.2052215266822,3403.5241427323144,0.461538,36.12
485.44336215045547,2221.7933828031123,2702.640315765578,2578.0203550368856,2012.1025842439678,0.487179,45.11
2717.236522760418,409.2940202237358,2832.2964565988264,1558.340963292139,2482.8320371248815,0.512821,44.24
4823.756797126639,1073.5614891823514,835.4796959880707,1411.6015581904874,1855.6004595124516,0.538462,63.94
887.2117939587881,4227.989469812423,721.685080265245,913.1256612622534,3249.98799470129,0.564103,99.41
3024.6833123502356,1282.6960508928626,3675.7867697808056,868.6861920275604,1148.1476749485362,0.589744,51.95
2173.21603267986,2828.789886544381,2705.4330023039656,1350.1353930133264,942.4256854584665,0.615385,115.90
2192.898840992946,1387.177466157402,1201.133791609107,2056.464562348217,3162.3253388923276,0.641026,80.87
2658.927927267424,1461.55052402364,1323.5198278741157,3175.6608871552125,1380.3408336796076,0.666667,55.26
2431.8234902804325,937.8684972515119,2369.6304762165937,1617.361227450627,2643.3163088008346,0.692308,90.45
1355.511682121988,2310.153822309486,3382.449926895013,1468.9591117476527,1482.9254569258612,0.717949,54.69
2685.296315041192,1949.821204485268,1102.4718838510792,1872.0056510105721,2390.4049456118896,0.743590,71.50
1800.4457657775824,1291.350008622221,2483.407953206761,2787.9741873900903,1636.8220850033458,0.769231,79.58
2917.924467967866,3081.156530519676,1678.3930823417988,476.3281879885991,1846.1977311820624,0.794872,117.19
3079.587180746182,1286.0614827028458,516.8811804063563,1183.952659942801,3933.517496201814,0.820513,108.77
1804.915643623071,2760.8098872104088,1161.0291890821986,2165.6460499057694,2107.599230178553,0.846154,118.86
699.2965166526847,2670.249354421475,1328.7546560807755,1494.0120196502016,3807.6874531948642,0.871795,138.24
1777.7068057553379,2858.899112108882,802.0468504246389,975.5208397176856,3585.8263919934548,0.897436,148.51
2967.2431146843032,1005.4237142008931,2145.3768422030985,1488.425546708623,2393.5307822030823,0.923077,153.24
1232.2710916946194,2970.7081523548486,1920.0723269192715,2214.9180606162363,1662.0303684150233,0.948718,88.21
2164.1521150805256,995.0924012760993,2813.845363396238,3342.01828738138,684.8918328657559,0.974359,147.97
1532.277814317793,3421.002473465745,2203.4510341922437,1668.53483256626,1174.7338454579583,1.000000,126.98
729.8225451897383,1947.2041851039762,1012.1782663683684,3204.8089077321592,3105.986095605757,0.000000,0.00
4297.484673594467,861.0234055998618,2225.310676284587,1058.6518432282244,1557.5294012928616,0.025641,18.37
1873.205910803828,2070.107058153735,2700.2877219613038,2489.604573911518,866.7947351696171,0.051282,0.00
2032.9630625873406,743.3924358769201,1385.7892046710974,2655.277174310645,3182.578122553998,0.076923,33.27
342.8178331478983,1859.8565060106555,2518.4708187175456,2741.9287056694066,2536.9261364544946,0.102564,19.04
1660.3678136443386,1244.952814371339,2660.312521473092,2339.988083324871,2094.3787671863597,0.128205,33.79
770.4358802713097,2690.7194658998073,488.4839040288991,3983.3320942656214,2067.0286555343623,0.153846,0.00
2772.226046558847,1720.9412959875208,1041.2167218974796,2877.987576157214,1587.6283593989388,0.179487,65.17
1928.4293644155139,1750.4087924380106,1031.4230088682348,2938.31613405212,2351.4227002261196,0.205128,48.56
1303.7565078148853,2709.667156640355,1742.3725650514484,1240.6745614143813,3003.5292090789294,0.230769,39.98
1645.6739286283682,1785.2432647455125,798.757449942732,3531.0575900475123,2239.2677666358754,0.256410,54.85
3216.1049484556324,949.9002752057781,2197.2651768522387,607.5262514316925,3029.203348054657,0.282051,19.29
1237.6970660480333,3676.9992561978156,1082.2139231975823,3468.17667271679,534.9130818397786,0.307692,66.34
2029.378908498503,1280.895754114559,3229.7438697342614,2999.4149855532464,460.56648209942944,0.333333,50.50
2280.2787210403385,2496.7454811273064,855.3453498035387,1990.2258338947433,2377.404614134073,0.358974,71.41
1182.1333654728235,2266.0391648981026,1874.222527436368,2747.946657409385,1929.6582847833215,0.384615,56.68
1739.4796485065988,1629.9233254523015,1373.4599137231182,3363.5186139448338,1893.6184983731478,0.410256,68.84
2770.6918202603665,2266.745225100519,647.4688651933616,3605.6677289281442,709.4263605176099,0.435897,46.34
2590.98054613407,3185.5438472017454,768.2356073699021,1051.8060457948159,2403.4339534994674,0.461538,83.39
699.8917428737611,2932.5559839677694,2237.823375649542,2801.363714082123,1328.3651834268042,0.487179,53.41
2958.824345552597,1414.7552815210329,1023.5957549214351,2518.4519818363187,2084.372636168618,0.512821,74.29
2831.712390704095,2309.5080450276187,1223.5198490720418,2453.9063196369057,1181.3533955593398,0.538462,80.53
3195.0165159847743,2283.277944559584,2133.7424490160793,1319.4203552871145,1068.5427351524477,0.564103,98.49
3733.976649317298,1832.9319557536664,841.6620121600595,582.8789056517525,3008.550477117224,0.589744,75.59
1919.4808488462024,1520.1123001727703,1961.7667620849993,2913.2073734256464,1685.432715470382,0.615385,99.81
613.0233223977176,2539.1195689448728,2894.992707135185,1426.5388187918218,2526.3255827304033,0.641026,77.53
2350.1986338044044,2363.4235503811897,588.9233038525655,2193.857592774741,2503.5969191870995,0.666667,124.89
2528.9291633999505,1989.1492360675231,2163.8625804753447,1728.5947307381439,1589.4642893190392,0.692308,53.93
2040.6611937598516,1846.534477539713,1848.932367857767,2354.3046300482893,1909.5673307943791,0.717949,121.26
3245.147813401482,712.4721360801557,673.8608215863716,4680.880956452418,687.6382724795737,0.743590,71.88
3202.5005813532634,1889.2585665476663,1493.8905422099335,2676.8536401937868,737.4966696953497,0.769231,90.11
2281.4062933649966,2370.6015877794803,2708.014891852105,2196.7383866425666,443.23884036085184,0.794872,110.32
1288.975160650379,2862.3455680509983,598.317065765617,2525.8938423424897,2724.4683631905164,0.820513,94.71
1526.1702852731257,1898.3956196519373,1888.6002617713816,2999.6449008365753,1687.188932466981,0.846154,120.04
2848.5510939165083,373.73008268773066,1948.1063093619143,1685.1287167052244,3144.483797328622,0.871795,103.89
2060.1660234088636,871.7388182286332,2140.6723226634426,2898.575151653156,2028.8476840459039,0.897436,133.79
2109.4885316955097,1821.7180712564887,3226.1105223087056,702.4810045500883,2140.201870189209,0.923077,106.44
1905.639001332683,2530.728201417486,2593.9057791752803,1033.6491083427647,1936.077909731785,0.948718,116.33
1912.7772428379617,3418.3728613121043,952.8331423663275,1397.0098420583777,2319.006911425229,0.974359,136.84
753.8157978518055,3432.978885304732,2352.300776581686,1982.5752258153238,1478.329314446452,1.000000,139.65
644.4111977735971,3952.0703679729795,1106.8079557331585,3616.457065867805,680.253412652459,0.000000,41.40
1122.2188834511185,1518.4205438237627,2514.753710427287,2494.3977118692437,2350.209150428587,0.025641,0.00
2683.690056401179,974.6104167276418,2601.5470097403486,987.9869061914072,2752.1656109394235,0.051282,0.00
1901.1940736267609,2463.1356702204125,1545.6978553554147,2486.834728020209,1603.1376727772029,0.076923,11.02
1569.7884218252177,1330.0762376506086,2652.496247079294,1567.4359156440603,2880.20317780082,0.102564,7.93
2876.4719075607727,1282.3479188629217,2330.3212836440634,2010.0151622375358,1500.8437276947059,0.128205,33.85
2564.387896100821,1735.6888664408134,2118.894127835952,1652.1534170925027,1928.87569252991,0.153846,25.09
2161.3875392242403,1939.3100847027151,2190.204283158404,2597.369161248319,1111.7289316663205,0.179487,25.61
3230.778359414037,2560.661930296122,1504.9792336265236,747.0674225806688,1956.5130540826492,0.205128,47.47
1581.934390476295,3380.752878486014,1430.8548070314228,2790.0731428195472,816.3847811867222,0.230769,61.77
1105.5107419867834,3250.6387238340208,3501.2105886242766,1222.053451397193,920.5864941577257,0.256410,35.45
2572.4691827358497,2566.329336851273,2173.9172345919355,1466.8006285362178,1220.4836172847242,0.282051,38.14
3416.5677506488105,704.238004300326,3513.9709629590884,1722.4667106997,642.7565713920761,0.307692,58.83
3028.3463567330255,3021.981019467047,855.8805902471593,729.2280072544725,2364.564026298297,0.333333,20.30
2883.302290902568,1336.883719105344,2812.5072570140455,1809.9277063601148,1157.3790266179278,0.358974,68.96
695.1358211125558,3352.2388946457068,1444.1452222605972,1960.1122789783265,2548.3677830028146,0.384615,24.45
2031.680469219564,2929.418606360877,2354.6362376127595,1254.0531427615056,1430.211544045293,0.410256,83.28
735.9716588654082,3859.8469263514958,1657.8717592260873,2753.727376974208,992.5822785827999,0.435897,91.10
2920.3994780116664,4393.245419123106,726.4605370614722,1290.5404260841563,669.3541397195993,0.461538,70.58
2661.9910707214563,1175.5015637350275,1562.9792033108133,2507.375756348335,2092.152405884367,0.487179,65.47
1959.2287312175383,963.9359671873962,3410.0399425528576,683.4089364851512,2983.386422557057,0.512821,34.61
1048.3861706838095,3580.1728835075046,2059.3867535873437,543.672375070897,2768.3818171504445,0.538462,47.88
548.509606876296,3231.412900529901,2509.7327984538733,2413.440189941628,1296.9045041983009,0.564103,78.45
2777.583719599946,872.6030766467411,2629.7795827683954,2749.271831173386,970.7617898115308,0.589744,96.80
1698.0477702183216,1909.0907212562975,2710.796662055707,2977.5792896040543,704.4855568656196,0.615385,68.27
1821.8230363460912,1338.0880479954567,2291.1641267079963,2530.1461062872645,2018.7786826631923,0.641026,71.38
1341.4591243101643,1762.8537548281304,778.5937996541314,3525.8266381388185,2591.266683068756,0.666667,95.71
1309.079481088533,1925.5053903927264,2536.957132717413,1348.8633620417859,2879.594633759541,0.692308,102.68
1639.6087841328622,2591.1946135661324,3514.145152324057,1832.2817657938149,422.76968418313436,0.717949,91.56
1273.0904405674587,1357.029127599796,2233.953333410824,2562.6854998747262,2573.2415985471953,0.743590,90.76
831.500785258514,628.3213114904526,2507.4120591021074,2859.9898142241427,3172.776029924784,0.769231,103.16
2446.560362375555,2052.277999658628,2849.155719219601,1627.8360927554058,1024.1698259908098,0.794872,107.32
3622.5298751400064,3471.8837896050745,1076.3904431432397,1087.3814522111657,741.8144399005145,0.820513,89.16
3881.3704342578003,642.1620729615677,2954.4450570925096,1097.9263974022501,1424.0960382858711,0.846154,117.41
2759.9997374703025,1652.6421596799828,3414.5552651114876,1241.404338767491,931.3984989707355,0.871795,134.32
3215.414763110568,3300.3316333241505,1158.0923177569962,1146.3030226426001,1179.858263165684,0.897436,80.74
1669.135152554927,2958.202128494257,3269.318635270951,1017.8941830313889,1085.4499006484748,0.923077,114.91
2956.038993422643,1683.1732789785692,2376.355577742898,1203.223390576164,1781.2087592797243,0.948718,125.18
1765.141537240108,1588.9021412250902,2498.8095408531753,1430.6794582027494,2716.4673224788785,0.974359,113.78
3233.9859898884574,2583.576993722441,913.8440352262322,2728.2284656882107,540.3645154746584,1.000000,96.47
1767.1446278659093,1946.7762159117776,1698.2260180385767,2052.6638772762763,2535.189260907459,0.000000,7.96
3675.0934985379927,657.1219044997724,520.4604279340257,2192.9462897214144,2954.3778793067945,0.025641,6.82
1817.1024563913597,1961.8720726928432,949.3265463621769,3496.8816966728637,1774.817227880757,0.051282,0.00
2004.1891889420067,3516.892138300316,1348.6723410207096,1568.7263940787823,1561.5199376581843,0.076923,19.95
1116.6833483278583,2721.9215270560067,910.6254887464638,2542.251786746797,2708.5178491228744,0.102564,32.73
1023.4001783764013,2976.506764464718,2516.3180385001992,1711.5755084952448,1772.1995101634375,0.128205,16.68
2100.81750160962,514.6436216773953,1981.3331963788796,2761.0471800323153,2642.15850030179,0.153846,0.00
3093.6738423690545,644.9226893847734,2262.846969947182,1433.8822295902748,2564.6742687087144,0.179487,16.58
491.47709470989804,2032.1361128297965,2522.3289009824243,2173.56947887181,2780.4884126060706,0.205128,35.92
2456.457474385131,2311.9976801858425,1397.4298364955523,1319.2538185421206,2514.8611903913543,0.230769,1.86
1108.1960131904307,2244.3491500786868,2251.6350088959007,2385.2383834441735,2010.581444390808,0.256410,7.20
2411.12459994326,2149.0148430199392,356.646587140392,2611.782626987011,2471.4313429093972,0.282051,21.00
1038.8570855308215,2834.032541000007,2251.7955592545973,3123.5550702570613,751.7597439575115,0.307692,8.48
1960.8384532602274,1642.35347938863,3073.8621274642974,2025.7234107231754,1297.222529163669,0.333333,64.47
571.1240503446595,3596.390029654416,1991.8993531074082,2424.16217115565,1416.424395737866,0.358974,63.99
1249.2304608644558,1615.5393769777093,3011.994088964699,1219.5094500655114,2903.7266231276244,0.384615,49.56
1607.578497793461,3112.3292672064226,1237.5539139183156,3025.8677296956535,1016.6705913861474,0.410256,51.12
2635.9143958120844,3031.720613410975,1922.5426807227543,1265.5369135343233,1144.285396519863,0.435897,32.41
2863.5221312176845,870.2193936919155,2560.1626020977606,1905.2865936331762,1800.8092793594649,0.461538,56.14
3203.692555646412,691.6282870356806,1990.9398137796975,1282.1690911011908,2831.570252437019,0.487179,54.04
3802.784791643956,3266.039425295688,674.8500365836985,1269.9711977440854,986.3545487325715,0.512821,73.30
2619.0235480223464,1613.8698480874348,2235.4020337031743,1837.7586643554168,1693.9459058316272,0.538462,105.43
2068.5519822008264,2059.0808301933234,2528.7214452236312,2514.0374542363647,829.6082881458535,0.564103,94.07
2744.3963812895427,2687.661416296463,1327.5804196985048,877.3357535599919,2363.0260291554973,0.589744,82.32
1997.6931374975088,1715.0607386445329,2635.871992306124,1248.4055928729895,2402.9685386788447,0.615385,93.97
2609.1648854461746,2148.834400348563,1222.341589798017,1869.1337252056185,2150.525399201627,0.641026,53.87
1122.4650743396978,2157.8051380600696,2723.6698815913724,2054.2540823067416,1941.8058237021182,0.666667,120.38
437.7198871802603,1584.3160637228618,2413.646327466963,3227.478574455343,2336.8391471745717,0.692308,121.33
2583.6082553755655,939.6893246709587,2673.862066856965,1268.00983314564,2534.8305199508704,0.717949,69.14
1355.435577514979,1487.899595677241,1769.663670481847,2666.3422671002522,2720.6588892256805,0.743590,127.32
1643.056445475751,934.6758700413071,2247.148823897969,3081.7985739383867,2093.3202866465863,0.769231,133.56
1537.8177553814908,2277.8174226698698,3256.21210179839,2017.7839726558354,910.3687474944134,0.794872,110.85
1104.7940438284672,2279.5600260824294,1435.892483600646,2205.6744081476404,2974.079038340817,0.820513,73.21
2413.472158860976,1153.4480997594178,1286.6110807933678,2298.4023020725,2848.0663585137386,0.846154,107.47
2276.2117556864364,2014.9878203791466,1685.591996954788,813.3493695836794,3209.8590573959505,0.871795,120.12
2268.655641201016,2018.5382012706789,2097.502489807321,2126.1069462661085,1489.1967214548763,0.897436,98.95
2100.1573321342944,2156.814698793367,1983.6849935338084,2224.0425479854557,1535.300427553075,0.923077,136.44
2238.377098571538,1694.2712020792717,725.6004065954102,1225.3490788148633,4116.402213938917,0.948718,82.95
1728.1408007232867,1086.6138270994622,4425.0213904512875,1673.2153931368039,1087.0085885891594,0.974359,106.15
2394.877867916212,1498.3765646618226,2603.9668563571763,1034.4272997132296,2468.3514113515603,1.000000,122.06
1167.5265921797532,779.860478967967,1577.9444153766542,816.2893046514373,5658.379208824189,0.000000,4.78
2497.0077959382957,368.14487761806254,2071.036812526471,2234.032346856824,2829.778167060347,0.025641,6.52
2219.1207886219936,1924.487833916223,1678.613997784772,2331.9054310973816,1845.87194857963,0.051282,29.74
2204.038932058015,2333.786978720775,2435.4682255768926,1502.0085775078292,1524.6972861364873,0.076923,0.00
2617.250264344519,2128.346602128306,958.6654357198564,3725.196461717857,570.5412360894618,0.102564,0.00
1807.491571111561,2302.9371155624312,2299.3271243760278,948.7709794248065,2641.4732095251734,0.128205,57.76
1655.0603165544733,3232.6312381257167,1217.1116743066423,3342.311158598052,552.8856124151149,0.153846,8.17
2985.4857928747683,1320.2703555082985,3150.497961059063,1957.225271758844,586.5206187990267,0.179487,15.95
1207.3392014136762,2666.399482606077,1003.1912947746855,1132.2934620678643,3990.776559137698,0.205128,37.92
2798.872749973526,1196.1100296514014,2201.5446329072997,2927.1659085224383,876.3066789453354,0.230769,46.97
1189.6834233129493,2685.624993231129,2344.9059689672167,1204.6304788458533,2575.1551356428504,0.256410,31.81
978.1895906232469,1712.0675185298908,2928.5797194081315,3156.287855421388,1224.8753160173437,0.282051,38.33
997.0449947936218,1011.857718513873,1893.2499543867882,3245.4441084159644,2852.4032238897526,0.307692,16.58
2073.4471849691786,1215.3234322462467,2076.496562320896,3980.1756094936113,654.5572109700669,0.333333,67.92
3114.4233037969484,1153.705620731324,2086.2257065071017,2474.057916680742,1171.5874522838833,0.358974,29.52
1092.8850568550426,1090.5406424403034,3624.292373914312,579.4656225309483,3612.8163042593933,0.384615,72.66
3009.5715538925115,576.1244877751463,471.87803958533806,3446.6382441035903,2495.787674643415,0.410256,59.78
732.4760922067686,2344.1648540893407,1046.838808133239,3474.224353450241,2402.2958921204117,0.435897,48.93
1910.6001571448849,1236.9877334194646,1654.9752693906303,1879.8346927286993,3317.602147316322,0.461538,91.57
1359.7745126977802,2516.1614407050497,2474.353068492835,2247.834622007205,1401.876356097131,0.487179,91.90
566.7931358001815,1097.6880553252772,3724.165180434531,4122.510135894374,488.8434925456366,0.512821,93.48
2468.62095436029,765.81348500214,2654.7948133260916,1408.1456525549181,2702.62509475656,0.538462,68.53
2480.0751137337343,2207.789823994267,1910.5621423377183,2395.7598236522686,1005.8130962820111,0.564103,36.42
1170.7009886628557,3578.080125663052,597.2203410616208,3247.5540326265036,1406.4445119859693,0.589744,61.19
1289.7546984740964,2766.0545788410777,2935.5236358708767,644.9085879388763,2363.758498875074,0.615385,47.66
1312.7075839973438,1638.6023938567373,2649.0182878261003,1605.3466321790252,2794.3251021407923,0.641026,49.19
2158.721170862572,2268.896040061718,2101.6786387466677,1635.0588766629216,1835.645273666121,0.666667,78.09
2323.9902557160276,1890.812951761815,2329.85774194074,1869.6084509533491,1585.7305996280666,0.692308,73.27
1645.0802698164973,1787.1635764722046,1918.5953594232112,2682.1770592275807,1966.983735060508,0.717949,110.51
3266.7464473775754,982.0023693800334,2046.1594718902522,1143.588737033667,2561.5029743184728,0.743590,82.29
3306.9206336417205,860.4625580335533,3736.970064172119,1024.6847268124284,1070.9620173401795,0.769231,135.39
955.4064655115702,2337.308003808131,852.7950546089809,2939.61063726603,2914.8798388052883,0.794872,93.71
2379.56235181506,1903.251730486133,1167.6220910932489,1350.752882686905,3198.810943918652,0.820513,75.69
1484.2907620547344,964.0975315013825,2933.874533381662,3539.4625115195636,1078.274661542659,0.846154,90.51
2455.4460503380233,2610.967611220285,978.4585033743723,2159.605769995256,1795.5220650720646,0.871795,138.00
3840.4688597979243,694.4751205525082,991.3443354540428,2186.0261531968276,2287.6855309986972,0.897436,82.85
2639.666259194674,2031.1432591658322,2281.753209943535,2338.07167405074,709.3655976452188,0.923077,122.37
1252.7242721256553,2466.1577197811794,1374.9906637254542,1257.4518518311502,3648.6754925365613,0.948718,148.40
1414.5247955601615,3213.651580443855,1226.6006957904642,1386.6581863685935,2758.564741836926,0.974359,115.23
3099.8991837891417,1080.3014441933901,3415.297218275267,1201.4947372315687,1203.0074165106319,1.000000,101.01
962.2286544061294,1763.9791167434091,2154.9921433760833,1135.328953270386,3983.471132203991,0.000000,31.07
1406.7594917395043,3047.957347736332,2113.3611764882344,362.85942927800204,3069.0625547579275,0.025641,30.38
496.453792437164,1299.076952124987,2914.77431748556,2674.651839025995,2615.0430989262954,0.051282,0.00
944.396756883593,3012.2173036230242,961.5818819549067,3082.944261947017,1998.859795591461,0.076923,0.00
1565.201040172979,2784.098657995719,1668.4200901428915,726.2790035642248,3256.0012081241866,0.102564,50.48
3014.05941417685,2350.9294175396753,1013.3689170068205,2761.6632269784764,859.9790242981779,0.128205,31.42
2010.3551870596577,467.87903468902056,1624.9238812390543,3292.329189804969,2604.5127072072974,0.153846,0.00
2806.384209652808,1990.4566133044975,1558.6232770897502,2369.0059754652493,1275.5299244876949,0.179487,23.31
369.88848110415546,1756.5194229317322,1882.6179788618203,2992.872684845023,2998.1014322572696,0.205128,39.14
2882.227672873038,1370.8955193254471,2774.368236276459,2197.8349559694084,774.6736155556478,0.230769,0.00
1219.0359236531979,1596.2324702169124,2743.139329874426,1371.0651908828763,3070.5270853725865,0.256410,53.93
945.0153488518318,1405.4601444212133,2379.1700768611995,1584.8652754201817,3685.489154445575,0.282051,12.34
4003.5914361570435,1351.5796399364226,2615.5110274522376,1064.3920493866253,964.9258470676726,0.307692,80.02
1954.1673088048278,830.0999728908708,1315.9601255194189,2186.404822532933,3713.3677702519485,0.333333,25.85
806.4734975545254,2341.7756241509246,3112.193491441988,2152.536178467232,1587.021208385329,0.358974,19.52
714.555307280611,663.009330879062,2073.179337878115,3908.125066232268,2641.1309577299453,0.384615,59.56
2273.061956421858,989.6575271539826,3060.801793127949,3060.85104020678,615.6276830894287,0.410256,77.78
1469.0488107343729,1040.0138142712688,2897.506001426507,3117.683436864965,1475.7479367028861,0.435897,89.52
2709.2224813992666,1922.9328919305544,1588.087793116822,2787.622410877473,992.1344226758844,0.461538,21.31
2909.7561131870825,2539.170078561383,1172.6799801288676,1076.211538606202,2302.1822895164655,0.487179,85.65
2320.994799652224,3942.3097101562685,1625.0649527950843,1281.1621764829736,830.46836091345,0.512821,102.52
2697.95722358172,434.99243187906075,2298.0067839612652,1555.4220745659338,3013.621486012021,0.538462,93.23
3456.1433769289356,1629.1794977085924,687.5663019617231,3060.1505704450856,1166.9602529556619,0.564103,97.88
2199.1216117022163,2548.53850062276,3047.177907929619,1025.687512852847,1179.4744668925575,0.589744,57.16
3202.1693807896263,2457.016530709881,929.7842880030673,2963.3170044775284,447.71279601989795,0.615385,95.28
2259.1532607486893,630.325978302007,3093.571307738902,913.4054249333308,3103.544028277072,0.641026,79.56
1463.8296683225774,2242.197582199892,2165.9385699124005,1342.3177507910518,2785.716428774078,0.666667,121.55
1267.8448617442662,612.4209098890437,2006.3042012303838,3866.985335239542,2246.4446918967656,0.692308,51.44
3193.6011517728884,586.8456398030364,1458.0685763507627,2416.9929963661425,2344.491635707171,0.717949,109.65
2309.4306040325446,2210.4161606314024,1861.393882124582,2067.038465225952,1551.7208879855168,0.743590,95.66
911.4941372553802,3644.2987537825825,3120.2884191234693,1569.748736199499,754.1699536390695,0.769231,125.25
2860.2062772354157,541.1650169180236,2539.8035433533305,3498.2920358050073,560.5331266882234,0.794872,129.65
2463.5001455067863,1456.9760201999793,1338.536616018371,2420.3530332055275,2320.634185069336,0.820513,106.75
2933.790924434919,1386.582909637054,1401.4499824601166,2553.9691993829438,1724.2069840849665,0.846154,112.61
1519.144910692764,672.2715617781666,2583.8669360641347,2267.4589161537274,2957.257675311207,0.871795,143.21
2258.174327337803,811.3144672414079,3494.4521065148065,1794.63644875081,1641.4226501551718,0.897436,153.07
2225.1590233811567,1982.0050827681762,1650.8843577306432,1952.7621099475407,2189.189426172482,0.923077,104.92
867.0799771408672,1115.8386483770987,3824.612005941956,1663.7797149869216,2528.6896535531564,0.948718,111.26
994.0338333077436,2806.0714819891737,2788.5250882358296,2958.8988439395353,452.47075252771776,0.974359,159.04
1610.8007761515994,2654.463815758775,2745.066035413406,2080.0969829745995,909.5723897016188,1.000000,91.02
2084.4503748285792,2209.225534403205,3026.064214334315,2259.047486846995,421.2123895869055,0.000000,39.03
2724.1310569998745,1106.953419438066,2066.319802228346,3161.2221830596686,941.3735382740463,0.025641,18.87
895.1122072483452,3144.943543313131,2190.215741830141,2616.4201773707105,1153.308330237672,0.051282,0.75
1522.8481111015262,2456.796409147857,2409.8437892797997,1533.2998521920997,2077.2118382787176,0.076923,0.00
2274.161232666727,961.8390358807769,3232.110500496003,998.5961529084378,2533.293078048055,0.102564,0.00
534.5198158365483,3336.521161327815,822.1477016604944,1537.3124642947344,3769.4988568804074,0.128205,45.72
2119.9084019661514,2750.157100142603,512.7220133547555,1938.2928109896836,2678.919673546806,0.153846,44.12
2342.327509426976,427.01641731618713,2800.0117824019785,2576.252485429853,1854.3918054250046,0.179487,1.83
1198.3470386410106,2324.4594278458108,2223.483923504825,1947.4139051867016,2306.2957048216517,0.205128,51.18
1888.9183812809533,2370.9581421372304,2538.442438616866,471.78561633014505,2729.895421634805,0.230769,51.48
1910.6684888237198,3124.4886875675606,1626.7540840739389,2286.8236944922623,1051.2650450425185,0.256410,37.97
2189.692188592656,2343.4944085179504,1781.6001214515277,804.000353243098,2881.2129281947687,0.282051,37.53
935.4613680735725,3183.774154803311,1922.0157734915597,2065.8678099551257,1892.8808936764303,0.307692,13.27
2108.437902195695,2491.46792319608,2891.9584760438534,581.8065346854132,1926.3291638789583,0.333333,14.40
2961.0618700150203,2642.9415808549948,1954.342424635323,1356.418701190765,1085.235423303897,0.358974,62.90
1486.1796888476028,2383.702858800626,2055.9234107109696,2487.618130932111,1586.575910708691,0.384615,26.48
1297.6004656380906,3334.7985668927004,1203.6343563130818,2656.5541784455777,1507.4124327105478,0.410256,18.47
2031.4901075933453,512.5657706913684,1411.5383207534253,2933.1652926732877,3111.2405082885734,0.435897,56.36
464.2638525592644,1362.8982406094062,2861.6776729460153,3333.8662619485895,1977.2939719367234,0.461538,67.65
1697.7590130531523,2013.6750403989568,2709.3172926064335,1912.5265302719702,1666.7221236694875,0.487179,26.03
955.6607344988424,2525.421113220904,2072.0948677767788,2284.5364227115697,2162.2868617919057,0.512821,100.48
2392.4746636691034,2353.2023607442407,2680.723933106012,557.3057866408881,2016.2932558397556,0.538462,103.14
2397.5778683661183,1418.6351986827274,2544.245889009079,1930.841129453379,1708.6999144886986,0.564103,65.21
2376.37876923741,1094.961604336743,4414.728030469801,975.95033382044,1137.9812621356061,0.589744,84.45
2508.8418052866837,1722.6946656492955,3173.6533930542996,521.4127809165046,2073.3973550932183,0.615385,90.68
870.525880882712,2469.981169350107,3087.0298707724755,1429.493102986337,2142.9699760083695,0.641026,112.43
1759.9196165459232,863.9337754920688,479.5663448983246,3940.675778344203,2955.90448471948,0.666667,102.96
1568.0994060302148,2709.3836674045465,1735.5053780546036,1805.9052917715308,2181.106256739104,0.692308,117.25
1828.744470130707,2844.9840084701423,394.2009948254257,2954.743960043552,1977.3265665301733,0.717949,92.76
1964.23162442254,3940.8292304145984,2020.4865817577906,980.9114994070235,1093.5410639980478,0.743590,106.83
3286.60483444716,1075.6992188543018,2407.8463085049148,775.2697503208898,2454.579887872733,0.769231,132.23
1297.9107936433875,963.2071522857256,3250.310908471574,2699.0374810987546,1789.5336645005598,0.794872,75.70
1810.641285179356,2476.0603872605793,1718.5307417007477,2379.5710777901377,1615.1965080691796,0.820513,140.79
2465.188084490199,1761.979955971742,532.0217238841352,2107.851086084231,3132.959149569692,0.846154,113.04
2772.2984108650257,1055.391618266986,472.54046423535704,3387.9451022514672,2311.824404381163,0.871795,143.51
1895.9939080405813,1637.7739148897933,1297.5888403499926,3921.666018119783,1246.977318599849,0.897436,137.22
1711.7060664508288,2444.928334711414,2015.7105156213306,2174.586417600034,1653.0686656163934,0.923077,84.25
3412.924629694831,2958.5668507396276,1580.5756247762986,1549.4788807344837,498.4540140547586,0.948718,129.70
3567.542417293124,2013.0530478763264,1372.7615531482743,696.3502950511365,2350.2926866311386,0.974359,151.37
1558.1330152072633,1237.5079626745935,1363.6592346795092,2813.3651368540727,3027.3346505845607,1.000000,121.37
2921.4719130872613,3108.1000057598403,733.7800327811973,2348.2429994756894,888.4050488960138,0.000000,4.11
3563.4728249818686,1608.3377915104559,2757.6442016989718,488.03979845313836,1582.5053833555653,0.025641,45.37
2199.5549389534817,1158.979667167317,2168.791394171462,3087.077618970534,1385.596380737205,0.051282,22.04
2672.512745410028,2882.641211637974,990.8153516114517,837.8399953306138,2616.1906960099336,0.076923,0.00
2260.953953408406,1709.07432769547,2330.253500268738,2509.122476726,1190.5957419013857,0.102564,0.00
966.4675949175072,2427.3930246015516,1622.6060586818962,2667.4563165254294,2316.0770052736166,0.128205,34.51
4875.690934530042,1002.0592947454693,1347.4010425943297,1995.3049829461768,779.5437451839841,0.153846,0.00
2836.998731096023,2749.2069646681502,411.9570417046731,1769.5653723401558,2232.2718901909984,0.179487,37.84
1936.387725115153,2415.120104893582,473.33161673113466,2692.339732501578,2482.820820758552,0.205128,35.00
3459.9331438775394,1382.1185558459576,1204.5359260774164,950.2488562416752,3003.1635179574114,0.230769,54.64
1641.8150900274243,967.958158513696,2764.944965300782,2966.7990621852823,1658.482723972815,0.256410,0.00
2480.531205674159,1863.1845930860025,1865.053033374356,1476.2360188152852,2314.995149050196,0.282051,66.05
1546.8927478762987,437.5195260576074,3076.178319508703,2219.3020576885237,2720.107348868866,0.307692,11.97
1321.7800830547171,3989.766804907291,805.4856295745184,2072.749761134194,1810.2177213292805,0.333333,24.54
3248.371656039037,1963.08241419259,775.6045281059434,1801.1362472628634,2211.8051543995653,0.358974,13.77
3728.8960339932264,1174.632757779634,986.7189145594957,628.1639880404233,3481.5883056272205,0.384615,67.81
2574.10702903086,2868.285981718243,924.1918475364668,498.1756306103184,3135.2395111041133,0.410256,28.05
2536.525948717683,2276.0373844292294,1679.7602889419115,681.6703044288288,2826.006073482347,0.435897,78.15
2988.9142694122706,615.4651493131303,3490.1159326188003,400.39579365209283,2505.1088550037043,0.461538,95.26
2087.025588786373,1498.2359038249276,2951.083384238392,2216.212669488895,1247.4424536614122,0.487179,45.97
2569.3355587268197,3373.2426138035044,975.1172618113883,2492.2975794640543,590.0069861942341,0.512821,29.42
1903.449484555015,1009.4768361654393,1024.3911919094846,3321.6048086715587,2741.0776786985016,0.538462,30.46
2382.0942162875476,1572.9344176703933,3197.882478511406,1657.3387411845263,1189.750146346125,0.564103,58.99
2920.884212893753,697.6363023287865,3025.0126123609703,1221.7035686683125,2134.7633037481783,0.589744,98.93
508.12502189810124,2470.417615999316,1026.7624890410216,3373.8236106723652,2620.871262389198,0.615385,101.77
485.67383007845586,1967.9635023661185,2896.2202857026846,1484.8680152919922,3165.274366560748,0.641026,56.20
1113.0419247886498,1715.2788877046814,3185.6612196672895,2535.4069788623765,1450.6109889770044,0.666667,113.58
2121.9287080620875,967.8873151853098,2284.413032035343,2755.2151476920826,1870.5557970251768,0.692308,124.10
1641.50287579847,2513.4840686606735,912.1701549329027,2547.1870359902096,2385.655864617744,0.717949,105.91
2112.191223518269,1872.5608102447447,919.5095295771653,2852.072707955565,2243.665728704255,0.743590,100.47
749.881688342971,2451.751477394592,2389.2470914138585,944.1136348655731,3465.0061079830048,0.769231,57.90
2047.9502513372508,2677.722109424323,1401.1047041384904,759.2888428711706,3113.934092228766,0.794872,136.27
3253.832948444793,2816.1924105573335,1987.3165438776898,1350.9429273941637,591.7151697260193,0.820513,140.79
2062.7817295348837,1220.4129119022737,2334.790807490078,1832.7927840269288,2549.2217670458363,0.846154,67.75
503.3975443331951,2237.9918917358154,2858.1154938848713,2092.646873351683,2307.848196694436,0.871795,135.24
1493.8286799935108,3423.387331016332,1316.415827408458,2221.625759286432,1544.742402295266,0.897436,141.31
2047.8954192563722,3418.509495948645,2190.690387327046,1045.2683695178378,1297.6363279500988,0.923077,125.24
3069.261117943473,1248.1001320075832,776.8540308365301,2858.5180317472395,2047.2666874651743,0.948718,90.93
2608.633842604617,1191.3080149806142,2595.2216474956895,1648.8847448500906,1955.9517500689888,0.974359,103.48
2113.191096604159,1099.4505782911729,1611.1220016868142,2948.012597244745,2228.223726173109,1.000000,102.15
1543.6382196595412,2429.069765206061,1545.3234454107517,687.0260752340884,3794.9424944895577,0.000000,6.43
833.5869239705667,2523.463976889493,2192.8035621339495,1619.9946861854455,2830.1508508205443,0.025641,21.64
1811.3514805205814,945.59529169391,3344.6240451222207,1555.0703625682959,2343.3588200949907,0.051282,36.70
3056.108271933056,1583.2269173613518,3486.048389513647,1411.5094315385188,463.10698965342647,0.076923,0.00
1854.758712687767,683.9993675233608,2396.32205235661,2475.0923825550863,2589.8274848771757,0.102564,15.53
1000.3627675698381,651.2418520464427,3022.546812861225,3222.6309773079743,2103.2175902145195,0.128205,8.85
1829.289460844976,891.007107727344,2721.3225017073723,1321.5485950929694,3236.8323346273373,0.153846,8.72
886.5337949968871,2291.8806736886468,2952.9849154543035,2992.3327707852686,876.2678450748939,0.179487,56.87
1074.8002408367163,2192.7346230262124,2537.252185729889,2877.335325051726,1317.8776253554563,0.205128,24.98
1521.261974025106,1876.4562161303504,2580.3621269410996,2483.7681958736157,1538.1514870298286,0.230769,36.96
2231.1374748457606,2274.455997625187,2224.581002711425,1686.0162792661663,1583.809245551461,0.256410,26.35
533.0848581944986,911.1305888302215,1930.5375449140117,3138.6085427567546,3486.6384653045134,0.282051,0.00
2310.178874775214,3165.849598286791,1108.584864447892,1755.5897712492156,1659.7968912408862,0.307692,4.58
2294.830449181224,2491.5989108046306,1809.133793385152,612.5701957364735,2791.86665089252,0.333333,47.38
1621.1978223423505,1289.598277703945,1867.629293655677,2857.7205934416174,2363.8540128564105,0.358974,23.31
2392.8121063301464,1334.8588971968845,2219.699034059616,1998.1134696557178,2054.516492757636,0.384615,43.09
2720.593234407365,1480.528268355261,884.1186913703698,2423.8757385120307,2490.884067354974,0.410256,57.19
2861.7861654697617,958.8692982870273,1816.3864033615314,2227.4532034982262,2135.504929383453,0.435897,85.46
1464.8950411910814,3523.597005521645,1526.1482725111907,1332.5087025752357,2152.8509782008477,0.461538,78.13
3875.9821487296363,904.0437740777571,1126.2154361767002,1111.5309876496635,2982.2276533662425,0.487179,40.86
688.5294629480032,4699.348229715249,2345.698115938274,1170.3131573844275,1096.1110340140458,0.512821,60.44
2955.2618623746416,2020.9010231076008,983.5871512385351,3117.4436710317354,922.806292247488,0.538462,93.27
820.7976722441051,601.2921358362182,1323.674755105147,3570.281160480177,3683.954276334353,0.564103,37.60
1479.4395490593236,961.9048639890347,1844.3740293230562,3054.6270258003174,2659.654531828268,0.589744,41.64
1763.978601093195,682.1254546660792,2195.203229341699,2930.185615269043,2428.5070996299823,0.615385,46.42
3013.593361138106,1951.4405125471949,581.8802515346888,2730.7347773097968,1722.3510974702144,0.641026,119.28
2196.3295889729493,2014.1723849057864,869.8823075791481,3498.799288825669,1420.8164297164485,0.666667,111.75
1503.3894817821392,3299.41953290612,671.0518797015436,2726.4582545095604,1799.6808511006366,0.692308,82.49
2136.8791100315634,1900.2047079890758,2283.6495148211557,3008.4984246713084,670.7682424868964,0.717949,72.01
741.0768621647952,1515.246357644148,3328.6241507244604,1297.011361937392,3118.0412675292046,0.743590,94.18
2511.0690160504296,1942.593530328922,656.5076963222789,1241.076835677589,3648.75292162078,0.769231,67.12
2587.236812882875,1247.9895237924611,2831.049057687219,1755.9377703574355,1577.786835280011,0.794872,118.74
1380.3989823302861,3690.8486029269893,1060.952356229583,3009.399639113242,858.4004193998991,0.820513,113.05
2747.3527020557235,888.5523002906399,2551.2608783121677,1792.088436867656,2020.7456824738126,0.846154,89.04
1205.1045467006454,1132.827233158603,2378.491887101501,3547.4261202651214,1736.1502127741296,0.871795,97.90
2588.15754478795,1727.4724791633107,2100.2734759537534,3025.0391023075244,559.0573977874594,0.897436,101.88
2914.470830692106,1984.0969542400087,1920.7590040809496,1211.3240910161282,1969.3491199708062,0.923077,132.74
3981.61729450172,938.9703977631686,3345.87120018399,743.2174694668539,990.3236380842685,0.948718,139.57
2884.7102835906917,1036.5311721983114,1963.6573038949043,3054.910269346523,1060.1909709695692,0.974359,142.63
2058.0170222555535,591.9016543250607,3408.6623562552577,1581.9252536443237,2359.4937135198043,1.000000,98.32
2810.653600416227,1279.4651696911249,2627.848516395203,2568.562319909681,713.4703935877646,0.000000,15.90
2006.230167881189,2261.0962602109435,1323.9494398163395,1358.4742861032146,3050.2498459883122,0.025641,44.28
2619.115368523863,1435.6880431988736,1463.636077381201,1916.8449244862143,2564.7155864098486,0.051282,0.00
3562.113756406153,2788.514837412815,1118.8121849931158,587.3857633314632,1943.1734578564547,0.076923,46.21
1704.8286714058938,598.1298834733143,3245.482436689303,780.2002169336057,3671.3587914978807,0.102564,18.92
4514.429876182955,2175.7356670338104,1113.8951670348404,1292.705938812123,903.2333509362725,0.128205,41.45
1223.9082560789225,3028.884715603961,1336.9264018950762,2585.8763465096804,1824.4042799123604,0.153846,30.84
3472.0173788578118,1127.1168380924487,2189.9254590989376,586.731682281158,2624.2086416696443,0.179487,17.40
2590.835095436708,1220.6706156761543,1944.5738626183938,2746.565513414618,1497.3549128541256,0.205128,13.02
566.0017374007936,2126.395815527139,3386.881867525768,1523.516492371781,2397.204087174519,0.230769,18.87
3857.705416085394,1964.9116049921913,2222.8237054298593,892.849183061666,1061.710090430889,0.256410,20.94
2535.152722368933,1989.3918044006973,1878.5995360506975,902.0595469492285,2694.7963902304436,0.282051,1.93
2245.7602746884486,713.6688918242104,1643.0648519805397,3067.461007350166,2330.044974156634,0.307692,5.95
2808.9108322333204,2339.8038309413923,1217.7653419631738,1155.8178893082872,2477.702105553825,0.333333,52.56
1011.2866894961062,3356.8800605469064,3503.8550385137487,1518.3962522692793,609.5819591739607,0.358974,27.94
1728.2309915748824,2855.487684874569,2905.826353553095,1933.965399479583,576.4895705178711,0.384615,26.27
790.992725169519,3310.625736551807,1320.4301240919262,1601.539247565082,2976.4121666216647,0.410256,14.96
1975.279365631824,2175.8788152983016,3732.370547208081,987.8499039636298,1128.621367898162,0.435897,67.35
2142.1113966159865,2277.149484443912,1832.333100958381,1218.8444041925018,2529.5616137892193,0.461538,82.47
2682.09734228588,2922.38322675169,657.7689726219343,2806.1536493914696,931.5968089490253,0.487179,85.97
1399.8049573829433,3497.4201268310644,757.4193505651918,1038.6354426433002,3306.7201225775,0.512821,49.48
2015.267643372252,584.5848594872325,2320.813255379045,2682.607533953243,2396.7267078082264,0.538462,103.38
1520.7844858723267,3294.0462930532767,2517.617138984979,1814.7824760722096,852.7696060172084,0.564103,45.60
1958.2000429422455,1512.1618726984386,1844.583987390074,2397.7775717278732,2287.2765252413683,0.589744,59.71
2551.988707451893,2218.731413273267,1050.3453482657255,1140.9888453271158,3037.9456856819997,0.615385,90.69
946.7768288315808,4578.499772652018,2209.9046692370134,1552.6780002706926,712.1407290086948,0.641026,110.69
2437.5315966706976,1354.3808310091197,2952.9494098391124,2072.945604116314,1182.1925583647585,0.666667,85.70
1103.3221374945754,2326.8278477064378,1275.8111107380405,3451.3970828229803,1842.641821237966,0.692308,86.62
649.2734937894099,3137.2054839035404,676.2244535138472,3004.3950670663708,2532.901501726833,0.717949,98.28
3625.77282961348,681.1584002661107,1811.4730559135169,2407.264489884894,1474.331224321999,0.743590,63.89
1182.387630422828,3083.6599205251987,3020.4501261194973,890.8239377799669,1822.6783851525088,0.769231,59.75
3429.3144442091066,984.8870899547627,2390.7956508345173,923.6724482506058,2271.3303667510095,0.794872,108.39
1449.2676445889285,3112.8365673158446,2906.72255171687,615.2172681971916,1915.9559681811654,0.820513,126.79
868.3165513603972,2471.6364414717386,1820.0942656045477,1123.005756003809,3716.9469855595075,0.846154,100.73
3967.022294881949,2651.415969062182,842.6881110779455,1068.6276663870424,1470.2459585908807,0.871795,95.70
2675.26446083507,3097.239877480199,567.6236220571079,3201.2801888156064,458.59185081201707,0.897436,107.40
1982.8517340821602,799.8110411923964,2886.990703352693,2160.127014071404,2170.219507301345,0.923077,114.74
1551.7020134085567,1876.8734755269093,1339.8498574870223,4129.418164305371,1102.1564892721412,0.948718,81.09
3495.9967291151183,2074.6021323537343,935.1137174467976,1007.8705322087571,2486.4168888755908,0.974359,113.40
2992.752152488669,2421.504767626427,1401.4133806446991,1048.800021284142,2135.5296779560626,1.000000,165.25
2492.4832294061725,984.5389460644903,2809.2035322207043,1827.5000749130754,1886.2742173955583,0.000000,35.14
1951.5283781455878,830.3583302780183,2288.9903228208786,2489.3609617868997,2439.762006968615,0.025641,41.97
655.7917519160765,2624.7831967598,2486.0414675703814,1986.6052502542836,2246.7783334994583,0.051282,0.00
4013.4906129465444,2656.4592234723664,874.6258013524069,1704.0946101484033,751.3297520802796,0.076923,34.48
1894.9510971083505,2517.3633422631133,2321.0268503401003,435.3391313985294,2831.319578889906,0.102564,13.44
2262.8900475920964,2274.896034261593,1422.9407971067515,2575.7097030753725,1463.5634179641875,0.128205,0.00
2256.935643222026,1356.5590748777838,1680.701805980413,3695.915987821116,1009.8874880986615,0.153846,62.67
2032.8755067747954,2920.2571191098764,2291.2268376939405,2201.5084542846303,554.1320821367572,0.179487,33.09
1845.0718851642655,2785.611998156898,2428.6974634056755,1966.017501962006,974.6011513111548,0.205128,27.46
1291.0314764842494,902.0433634265859,818.0155866094817,4167.612762696104,2821.2968107835786,0.230769,26.03
2425.9047561769908,3350.276143783498,852.7279194024046,1885.3432885412278,1485.747892095878,0.256410,28.60
1031.5929454566774,903.3535525043906,3836.8330654555702,2124.327690790456,2103.892745792907,0.282051,17.03
1788.2647488841242,1875.19764477504,2170.3881548627705,2264.379954456756,1901.7694970213079,0.307692,77.49
2090.1593973258437,579.0660969529491,2634.9052128592252,815.3944507633182,3880.4748420986652,0.333333,64.20
1776.0758682840267,2144.4152836436865,2937.6431942378467,979.3196749896837,2162.545978844757,0.358974,62.89
2658.5954111575684,1217.907046131736,711.7523047935849,2480.759593942555,2930.9856439745554,0.384615,47.84
2299.394234656764,462.025765823428,2225.227447482759,2905.8095322426334,2107.543019794415,0.410256,40.74
2737.0308514986823,355.6175948741913,2585.64437313252,2773.408573007627,1548.2986074869784,0.435897,28.12
3218.6790918340967,1152.1093742057478,3176.8510516918786,960.2903649201714,1492.0701173481068,0.461538,75.98
3498.4081372609085,883.7547849784451,3710.5714797775363,598.0604049843524,1309.2051929987585,0.487179,57.49
1780.1553960332335,2302.9062374584196,2398.280843767561,2510.898427203559,1007.7590955372256,0.512821,41.46
528.7196356271656,3266.9857780304146,1698.975577708076,2104.515982528639,2400.8030261057033,0.538462,40.43
1349.253558029011,1189.0218486755275,3038.439450064297,2971.441895100365,1451.8432481308016,0.564103,35.47
1159.8242704012582,1389.8337329855865,1521.7805796821349,2866.1204094244267,3062.441007506595,0.589744,106.75
704.1319369816136,2438.0686895828903,2004.8831103042428,3242.1923611255197,1610.7239020057336,0.615385,107.38
1159.8437988421435,2646.013163613253,1083.6948964205098,2165.553264980275,2944.8948761438196,0.641026,95.75
2009.1550974398351,2895.769581968613,916.6930031999316,2823.305164071829,1355.0771533197924,0.666667,78.76
2371.4137607199095,1870.0483227871457,1861.3905993968096,2257.001799639846,1640.1455174562902,0.692308,76.64
2828.600517335691,1122.9894011591898,2837.0136930086205,957.2232753027531,2254.173113193746,0.717949,52.94
1973.3550568866012,3566.869717480757,1089.064353121966,686.6887279619751,2684.0221445486995,0.743590,89.86
2971.9542223980297,2807.2410405540327,2358.2102774546365,841.4220258515335,1021.1724337417681,0.769231,85.50
571.9809365953868,2107.4162156568887,3769.94160903086,2029.9861544264097,1520.675084290453,0.794872,83.34
766.1113849326377,3991.5116904481647,2473.7307235320945,1560.508816516787,1208.1373845703158,0.820513,121.01
1243.8263424292813,2685.33900825964,1410.1351334603244,2197.2938323303406,2463.405683520413,0.846154,107.56
2878.119236224162,864.1655944163034,3230.4362931590163,2191.4303490483585,835.8485271521612,0.871795,124.79
1746.3547594951356,1505.4802510007362,2263.2178092081413,3110.236236657069,1374.7109436389183,0.897436,138.20
2476.931013882521,2780.657209088599,1605.3786088425386,2629.0175347316863,508.01563345465644,0.923077,143.11
1973.140616348825,2189.3439534384424,1702.7910952193458,2954.3501982379003,1180.3741367554876,0.948718,89.85
1569.0349445756622,2287.677872428754,2303.978890149936,764.7980449040556,3074.510247941593,0.974359,100.82
3477.827881198815,2496.784873703374,1531.0710630745657,524.5120685428019,1969.8041134804446,1.000000,112.31
1106.5660846746764,860.8655331203973,3182.579730907037,2535.167313124508,2314.8213381733826,0.000000,42.17
2274.717535127565,2698.116390529746,3194.868115560988,1341.8447010074449,490.45325777425677,0.025641,20.81
3021.6231689681067,645.9863190424913,1946.2304285819857,2472.3296593937325,1913.8304240136824,0.051282,23.52
2032.889629125534,2445.0505167663146,2182.721976003512,2689.449487677319,649.8883904273197,0.076923,0.00
2651.714940110981,494.87679849196536,3589.1628857568403,2767.334159467207,496.91121617300735,0.102564,0.00
2232.1044548914588,1601.6895923210857,2165.2158688841146,698.5873062253328,3302.402777678008,0.128205,29.83
2142.327525431159,2141.422997802323,1141.7324784431912,2815.56378540688,1758.9532129164463,0.153846,46.77
2429.959277476009,711.2857712625663,2098.625996254867,2162.2637924929245,2597.865162513633,0.179487,46.61
1608.833725085268,2682.6241721576307,2026.0744939245396,1918.5783660657999,1763.8892427667618,0.205128,17.70
2917.5170848596595,644.3171674787698,2477.3510806209256,924.3658796650155,3036.4487873756293,0.230769,34.20
1654.5299909547844,1266.440470655489,2891.7839632752234,1902.7673343560855,2284.4782407584175,0.256410,7.01
3318.324219038359,709.5919167160284,2798.1795335847514,2216.5639060161784,957.3404246446835,0.282051,20.96
658.7170628043476,2899.742577200324,4517.587596913916,917.6477772032109,1006.3049858782001,0.307692,35.06
2483.8742322538296,2426.6774996306954,1890.344551170166,2072.5285393065956,1126.575177638713,0.333333,62.53
1489.443556805361,1317.1502789070996,2132.8062730593315,1920.6176238327816,3139.9822673954263,0.358974,50.41
954.9641990754186,1745.6314526302328,943.9437258704136,4607.441372665003,1748.0192497589321,0.384615,17.43
462.9130702730966,778.3879847751572,2914.5618254787896,3673.1938253791345,2170.9432940938223,0.410256,21.77
2214.6020603478146,1291.3812279351803,2906.6737698765,944.7192595072956,2642.6236823332088,0.435897,96.07
2416.0956638546713,2682.046393047054,2272.120923057024,1635.2195442799539,994.5174757612972,0.461538,82.23
1841.1349820312203,2387.7017433890223,578.9860353993707,2520.184771380034,2671.992467800354,0.487179,35.98
2178.5046138995735,1809.983941759742,2622.914394788525,2301.690244972162,1086.9068045799977,0.512821,45.14
1932.1441254649753,791.5139173154831,1882.3492966110216,2499.765733711295,2894.2269268972245,0.538462,84.91
2677.2535603168494,2801.478101644746,1284.438975872895,2703.5329262321966,533.2964359333143,0.564103,46.37
1184.1809681572095,2007.1699456196914,2124.783507860213,2183.7091857233195,2500.1563926395656,0.589744,52.15
4051.4549339631944,1203.3387664150591,2148.2622521323874,2006.2446030078315,590.6994444815272,0.615385,103.22
3258.672180758775,1480.4656353135451,937.8872021682171,2952.48851453158,1370.4864672278825,0.641026,94.23
2645.911896161543,1383.8132292809712,1801.9704642863508,2383.1578566777835,1785.1465535933519,0.666667,102.83
1659.3993092872158,2410.620803747967,1486.84719889987,1330.6557835866313,3112.4769044783175,0.692308,55.52
1125.0066586964367,3155.2995081431654,3064.9787804176162,2028.028334640287,626.6867181024935,0.717949,62.56
2928.9600644547368,1730.4623673588094,3372.437484260281,604.6235611151442,1363.516522811029,0.743590,65.94
1162.0098680384278,1772.3643159608064,3301.088112266633,1476.6196573234179,2287.9180464107158,0.769231,115.88
1781.5181822469467,1432.4512401079287,2366.880367944207,727.3404841345787,3691.80972556634,0.794872,132.34
1825.936934286929,1804.5415662231117,3478.572158614941,1763.4484286226673,1127.500912252351,0.820513,73.39
1816.1498873760058,2204.3583205547566,1204.4209030948807,1444.916702577079,3330.1541863972784,0.846154,76.49
2022.3624133456524,1626.9340367464852,2678.538628707819,2188.340271045117,1483.8246501549265,0.871795,110.94
1462.4314719698493,3020.5780024389155,564.0034560674412,2279.1224178628754,2673.86465166092,0.897436,108.60
1435.361930226505,3103.3953169334472,668.7412904925677,1574.5391636410013,3217.9622987064786,0.923077,132.72
2657.44022062691,2230.4532842009735,1356.0068167613238,2163.032393922052,1593.067284488741,0.948718,146.23
2817.2340716915196,2088.39376528149,1730.7550404649985,513.4009106980507,2850.216211863943,0.974359,160.28
544.5561347363255,2362.2065445578964,2538.2910499978125,2376.2942372346574,2178.6520334733077,1.000000,151.63
923.4655002945998,2920.041545237048,2862.453448337326,1261.9268699101538,2032.1126362208731,0.000000,0.00
1114.1384784769687,2042.9722390041527,1179.0102653387119,2795.3241890015993,2868.554828178566,0.025641,3.28
1548.6014499590553,2118.6352428035343,2689.582195944778,911.650177717359,2731.530933575272,0.051282,43.30
1966.9693117046934,2620.527358806162,1764.581834660297,2550.093314387072,1097.8281804417754,0.076923,0.00
1767.9104275404513,1988.7444225057204,1529.2847770134567,3466.093527134787,1247.966845805584,0.102564,45.97
1127.6672194100302,1149.59496174181,3494.9937764034103,1076.803641323859,3150.9404011208912,0.128205,21.11
859.0611433301734,1945.743071448825,4643.189123083744,1571.2331972671984,980.7734648700598,0.153846,20.23
1830.3212010272607,1555.7176911744493,2022.6006366726965,2746.8707183017177,1844.4897528238764,0.179487,4.72
2775.249940582877,2077.5431580825934,2728.8937811152036,1621.1796905338485,797.1334296854764,0.205128,11.33
1630.8371677564708,1182.9352502915667,2331.9667190670843,1555.6190263528863,3298.6418365319923,0.230769,45.66
1898.2680081346411,665.9377792393863,1371.374245619125,3268.9447961656847,2795.475170841164,0.256410,75.32
1557.8401580122227,1273.79063028298,1249.4056607216905,2286.0408899611884,3632.922661021918,0.282051,42.95
1413.1314865804225,2518.8149265131165,1949.7366625624293,2900.8115035248793,1217.5054208191534,0.307692,27.00
2204.340773579997,384.7572185274469,2447.2785801859322,2674.7934568698556,2288.829970836769,0.333333,53.42
2407.3775463367815,2419.7799141378136,1546.1050910012357,451.2724796643339,3175.464968859835,0.358974,70.55
2221.5033679222042,1772.6960147482012,2704.059943382122,2197.3727788953915,1104.367895052081,0.384615,35.35
1679.2975541106362,3198.7591304625353,1558.1171675084586,945.7460557452121,2618.0800921731566,0.410256,48.62
2144.9872312266552,951.5041830557903,2003.82245258793,2060.478122265271,2839.2080108643554,0.435897,60.59
889.9607001694023,910.5445724689031,3693.437056968743,3374.8054402034363,1131.252230189515,0.461538,78.33
3495.01391356708,1171.289356901936,467.0872407085594,1978.9364878983001,2887.673000924124,0.487179,67.29
1620.7624384339776,2411.6124454454925,1256.7709036913545,2177.338298371293,2533.515914057883,0.512821,68.85
476.9392529966841,4109.910589166642,2402.3813486157483,533.241529408187,2477.5272798127385,0.538462,97.14
446.7769779283116,2511.8810062667008,2528.9393020943085,3579.181811133596,933.2209025770836,0.564103,67.65
3124.4359580287314,2268.7047256980773,1294.157009736204,1946.386575726434,1366.3157308105547,0.589744,63.48
1880.4359137277922,2456.974665682088,1864.7151539101103,2894.6124366518825,903.2618300281274,0.615385,80.84
3223.4644299223414,1392.784582568676,923.1127867878342,3099.199001470916,1361.4391992502328,0.641026,108.68
3137.543318929899,858.6945336484166,548.7390001277655,2327.7722482104195,3127.2508990835,0.666667,77.77
3228.3283628173713,2813.3066186110595,2236.228633618191,505.6006138705626,1216.5357710828168,0.692308,109.78
2024.1429296537606,2142.2159396327274,2134.962134106471,1618.5687976812712,2080.1101989257704,0.717949,82.55
2643.810758063181,730.7741134047187,2183.386459846422,2584.9491729259153,1857.079495759765,0.743590,75.59
3025.75538121388,3450.959502245566,487.44369286107695,2442.4360920786326,593.4053316008446,0.769231,129.00
1920.3634031742608,2424.9563685423805,1236.847136273402,3896.501450062271,521.3316419476852,0.794872,126.31
2310.2175704896417,1238.4421497812864,2485.262045079329,2695.5219877257505,1270.5562469239933,0.820513,140.66
938.8901606659549,1558.1158164395672,3881.5041918829884,821.3280158611597,2800.1618151503294,0.846154,115.84
807.7998118978197,1267.4774545611574,2574.027384443841,4707.470107770134,643.2252413270492,0.871795,146.84
728.8120820113735,1171.2248112843952,2996.279933176755,3620.8585412320977,1482.8246322953787,0.897436,88.00
922.747620196631,2891.575678477312,2501.736906182186,2232.167678997178,1451.772116146692,0.923077,116.61
1552.0809701870023,2306.459714930322,2686.2206674582126,1132.5531425008298,2322.685504923633,0.948718,143.83
2039.64627088765,1380.5560413056546,2735.2877146876517,1356.210809334954,2488.2991637840887,0.974359,149.70
1109.302796480762,3041.284767081872,3146.4797006568474,1663.8396013473077,1039.0931344332107,1.000000,153.15
1705.3882692796185,2067.8426501665745,1413.5186805108208,2778.3720998053823,2034.8783002376056,0.000000,44.76
1110.4326128490823,1132.2964581902656,3158.536163773289,2647.4481890964703,1951.286576090892,0.025641,0.00
2162.271185705247,1342.8099469836948,2731.5754935023315,2235.4697584504765,1527.8736153582515,0.051282,30.63
2103.669002551112,1291.417019156219,2869.7918780607984,700.7325631099694,3034.3895371219014,0.076923,3.36
1909.613544118361,3528.076988210531,2730.420572812151,762.8588501132642,1069.0300447456927,0.102564,2.19
1023.1115776458001,2512.9782963592174,1925.4112504159064,2010.2445281308699,2528.2543474482068,0.128205,0.00
1027.2168530814174,1992.3254673594952,1952.8553561598485,3235.7069011623917,1791.8954222368475,0.153846,0.00
998.8033839730767,5809.491373037921,1076.5861386989752,1173.3975226521486,941.721581637877,0.179487,31.08
3259.080509230882,3325.423794591612,673.2539080953161,500.42434221242024,2241.8174458697686,0.205128,47.69
2897.677554381312,599.7487087907184,1547.7132819140131,2618.4977894820668,2336.3626654318896,0.230769,3.73
2568.798751268134,1512.2541635968837,1912.6964739122682,2809.783687817722,1196.4669234049916,0.256410,53.22
1615.4896410798783,1643.479581969491,1530.303757191503,3084.6998554450915,2126.0271643140372,0.282051,51.16
1640.8185340707596,1534.619467677176,1927.546646539188,2901.5617651881266,1995.4535865247483,0.307692,10.60
1324.0679650663496,2815.113084168952,1475.3836938579013,2118.2588778560444,2267.176379050753,0.333333,69.81
702.3817598301316,867.483893969677,2706.7516368184306,2030.5464499017921,3692.8362594799682,0.358974,11.72
2805.780885448352,2739.671813303288,987.7684616445584,2691.8247109003983,774.954128703404,0.384615,19.34
637.1555491003496,2923.734980169029,2657.16065331841,2772.5892773855476,1009.3595400266632,0.410256,61.02
2294.4289357364573,1483.6609143393305,1685.788520703741,1965.8471609534176,2570.2744682670536,0.435897,64.72
2025.0442070699996,1401.9645360968984,2277.5188834803125,2371.3272232327513,1924.1451501200386,0.461538,49.67
721.7833935037999,1172.7516777642156,1182.9201275328098,2091.3116632430615,4831.233137956114,0.487179,44.23
2594.219419392477,861.3094503174057,3488.4660520147,1367.3302043386407,1688.674873936778,0.512821,106.79
2887.240555805489,1109.0559168069065,911.2205903969032,2402.2092527197506,2690.273684270952,0.538462,43.30
656.5634944898937,2868.1815286658166,1993.7215405014908,2650.421464882942,1831.1119714598565,0.564103,82.02
3557.8001900009376,540.722752721216,2028.2406789615331,889.284896096662,2983.95148221965,0.589744,42.06
1486.3745615872256,1506.0998811796915,2872.0947646065224,706.2512606760951,3429.1795319504636,0.615385,77.46
1270.1738730010695,1449.6617131642945,3151.943216270573,1238.724327433993,2889.496870130069,0.641026,71.61
1908.707987846515,2406.360403681696,2627.9412261557363,595.9506509083619,2461.039731407691,0.666667,68.11
2057.282810342987,1875.940744065672,1107.469323348917,2507.2023932201196,2452.104729022304,0.692308,64.61
2268.0900313182456,1822.4293632340857,2385.8713146932446,2905.1342613034167,618.4750294510084,0.717949,100.27
2941.497310826072,1540.339244078952,1611.2052840459028,1017.7114970713711,2889.2466639777012,0.743590,93.35
3305.1827985593,546.3221817131443,2098.1586609123665,1337.6293084098063,2712.7070504053827,0.769231,73.84
723.1423345578214,2365.0752691668154,2013.6765334478744,2274.0060116834225,2624.0998511440644,0.794872,69.13
3680.4166040633413,3622.51781567495,729.1958371271483,1454.1601676065482,513.7095755280138,0.820513,94.39
2591.9205013784626,1535.2757509393357,2079.0459117186656,2625.8272565621496,1167.9305794013862,0.846154,76.06
2779.7658217607254,2642.4964959531926,2835.938079113042,495.4527611392476,1246.3468420337913,0.871795,107.87
890.5436347430506,3173.259369870455,824.117224136654,2247.028531478012,2865.051239771828,0.897436,82.28
624.6320245155898,1161.1778929567527,2366.6337939395116,3771.6571360448543,2075.899152543292,0.923077,113.88
1083.2413364466363,2398.586027596119,3009.5063471918306,1328.1552003392644,2180.5110884261494,0.948718,155.03
2848.6753509973237,1005.3554127707623,734.1022378782499,2381.244254443643,3030.622743910022,0.974359,82.94
757.6073011804158,1526.9018940607273,3715.810799417046,1012.9125821918088,2986.767423150003,1.000000,118.15
992.6459694873827,1661.7983779428548,2233.913945450152,1984.8083359725783,3126.833371147032,0.000000,42.63
1369.7477316911106,2260.0890957609613,969.2643647588421,3281.374764671083,2119.524043118003,0.025641,44.16
2538.8429661482473,889.0605356884531,2558.3100292730396,2796.0388106409755,1217.747658249285,0.051282,26.23
1613.595009906177,1267.0135997868908,3072.067871393186,969.2148435969282,3078.1086753168183,0.076923,0.00
2958.245929901277,2668.4748201542693,2513.2038709766384,1133.285089215136,726.7902897526792,0.102564,45.90
1984.5952501155725,1654.3509714242437,1827.978217749932,1248.3244504681315,3284.7511102421217,0.128205,28.17
602.9254327360677,2003.8853074020294,743.4285262748684,3231.197589803249,3418.563143783785,0.153846,61.93
1110.2749568831455,1326.796195567324,3147.1471642980714,1186.3567601733716,3229.4249230780883,0.179487,47.14
574.6132110975068,966.2194494189322,4197.764997007343,2218.404665518996,2042.9976769572224,0.205128,23.12
2801.7042129478864,2231.128552454397,2077.3837467401463,516.4335784039102,2373.349909453661,0.230769,16.18
2699.7976956980297,1870.56042061963,1497.7499262109022,2770.9039066947985,1160.9880507766406,0.256410,47.57
1503.364144054221,1586.873908782656,1546.8324574959543,3044.4707286161974,2318.4587610509716,0.282051,18.73
2020.275295767855,727.5231697927037,905.1740391273357,3322.3617089350687,3024.6657863770374,0.307692,67.47
787.6035180485762,628.8585976338079,3529.178516762684,2287.772941782725,2766.586425772206,0.333333,42.98
3360.6503495396673,1810.9159410509214,2072.057180550493,2054.9432651849897,701.43326367393,0.358974,40.51
1953.8083701216917,2287.2756654449454,2406.9148966265366,2658.525080206134,693.4759876006927,0.384615,88.99
2537.4392258711982,2720.459409192921,2540.72834684068,1281.0505899927473,920.3224281024546,0.410256,29.90
2048.6555697969884,2736.647042784347,2614.1826762569535,549.8397451574294,2050.6749660042815,0.435897,19.27
1528.940554375828,1828.7114114053215,2834.530012337716,2015.712492631424,1792.1055292497103,0.461538,41.27
702.6866229096345,1525.8095496415397,1422.1601111005814,2456.7148600377,3892.628856310544,0.487179,90.52
2028.593720723646,946.5464806219782,2791.380513683284,914.7701773189534,3318.709107652137,0.512821,41.09
2572.8581036869923,1098.093364685878,1230.691509408248,2475.5119325362075,2622.845089682674,0.538462,85.12
596.4217169206818,4136.47990489382,1800.5321129992915,2060.3315968649877,1406.2346683212174,0.564103,105.44
1998.1951011739072,2820.1315152121533,2529.2157028282586,1671.9718996890122,980.4857810966694,0.589744,68.12
1454.3188260458721,2239.8879021341922,2387.369362738768,1947.1815754375605,1971.2423336436057,0.615385,52.86
3423.015980463294,628.6369020793124,1052.1035336693615,2713.6483404196206,2182.5952433684106,0.641026,120.38
2874.6949934395943,1600.736364352111,1554.431029916251,2550.0262282693698,1420.1113840226728,0.666667,117.52
1249.3927873916787,1015.9603994603219,3087.31083080095,1247.5643447168904,3399.771637630159,0.692308,58.27
2358.145038466054,1026.7516148924058,1210.6289051888155,2455.1255888724636,2949.348852580262,0.717949,109.45
1238.371555541951,1065.1459290154278,3061.8604306842726,2820.928563653402,1813.6935211049465,0.743590,72.59
2376.451304256584,1561.0172584156362,3440.34663844135,783.4197904981564,1838.7650083882752,0.769231,126.08
3079.4959981346537,2919.5833987901738,1625.89644016919,913.6741063653798,1461.3500565406018,0.794872,84.65
735.793751742067,2395.4976986801285,2279.285126845754,2289.3868298838893,2300.0365928481615,0.820513,107.89
1582.2671567837522,448.2191998711173,2367.149876724571,2475.5150654631475,3126.848701157411,0.846154,98.51
2785.1428649085196,2621.1947394686117,2289.129928506974,879.7590607801319,1424.7734063357636,0.871795,75.23
2222.763052833132,2525.7684169236604,1172.6048171820742,1903.1084216702134,2175.7552913909203,0.897436,140.30
422.1890424957849,3057.5657887108396,2524.332859558595,1300.2751628781994,2695.6371463565824,0.923077,133.88
2730.39270889618,1244.2528221216899,1987.8935886498298,2951.518034826711,1085.9428455055886,0.948718,92.13
1921.5677906037106,920.4904888612297,2659.662032334491,2840.174599297993,1658.1050889025744,0.974359,115.85
1843.5919574162128,1080.7152679112987,2668.340123081285,2841.2735286905076,1566.0791229006973,1.000000,141.92
1412.0475593406143,1602.716494962939,2354.671725936251,1699.368197167931,2931.1960225922658,0.000000,16.46
1741.7412081063198,848.3885698547906,993.9495194153775,3527.5240820185622,2888.3966206049486,0.025641,0.00
2927.5983664565683,1927.7459482390382,632.9783117172735,2903.851754410249,1607.8256191768712,0.051282,0.00
1698.474476809528,2110.0343443149227,1316.0826480846024,1258.406248237636,3617.002282553312,0.076923,0.00
1888.5139306809822,1401.9157666089634,1700.1818367456385,2295.848720784006,2713.539745180409,0.102564,36.00
1616.2129298487546,876.5420854194931,2765.908781333753,3261.176501328303,1480.1597020696963,0.128205,42.74
898.0614228738135,3912.581826476635,3739.8260963400503,824.7255600233838,624.8050942861181,0.153846,13.05
623.9589319961931,2980.05625934152,3323.3134152091916,2227.2094701727033,845.4619232803913,0.179487,0.00
2617.1623977727404,1017.2065212325303,3071.380106785534,1712.3646681910373,1581.8863060181575,0.205128,17.71
821.3635287983745,2641.3866339282363,1563.4719019170873,2374.311038665323,2599.4668966909794,0.230769,36.33
1574.701480773869,1721.4452715581735,4477.263980058996,720.2417857752333,1506.347481833729,0.256410,74.13
555.3118061818743,3243.5988317699516,1668.2995671749002,1787.1006180468378,2745.6891768264354,0.282051,77.99
2765.0988114653082,1024.721983677935,2263.3609677401555,1769.9806648143035,2176.8375723022973,0.307692,16.99
1764.6918650603404,1409.2766755081102,4051.4812206522824,708.6843643796409,2065.8658743996257,0.333333,75.21
2179.68629834381,3165.0552951347954,1599.0604110179424,776.90332820533,2279.294667298123,0.358974,21.34
3129.0684797669774,1605.1778461606239,3523.7494123864453,583.9785648527044,1158.0256968332485,0.384615,49.14
2581.638206616514,969.9019039486535,4011.079193143492,1184.661628485103,1252.7190678062375,0.410256,65.10
2060.875089951688,1774.713906018849,1345.468213844332,2666.3004392867897,2152.6423508983403,0.435897,20.58
1650.842743569865,667.743128241488,1854.4500271431748,2868.4094435691754,2958.5546574762966,0.461538,84.85
2187.029168222564,1232.3832782465465,2468.623528123438,1549.964453362798,2561.999572044653,0.487179,75.16
1915.037330753596,1678.0578692788729,2265.5593983819717,2328.3930026238777,1812.9523989616825,0.512821,99.77
1401.1707337939608,3401.6202247633555,672.4501415626055,1500.5359378944056,3024.2229619856726,0.538462,96.04
1990.8501254260932,2374.069511735909,2145.517185334179,1301.7258079308344,2187.8373695729833,0.564103,110.70
2009.6386877929622,1154.0585037427368,2080.824191316014,2545.84890853354,2209.6297086147483,0.589744,115.21
921.2121158755357,3382.147984498942,635.8916259468083,1108.3979386750214,3952.3503350036917,0.615385,98.90
1095.6482736369046,1738.5890773495184,1290.143536432934,1978.1717419360045,3897.4473706446383,0.641026,91.48
1333.0442815851945,2938.4524817826637,3899.0055258106363,626.1598057573522,1203.3379050641563,0.666667,54.78
945.0508179156654,2625.520588552607,2062.7374540753462,3596.9902434339665,769.7008960224152,0.692308,61.68
2594.3979086608997,847.9636497071423,2133.7199644602447,3149.3845808343913,1274.5338963373226,0.717949,119.57
2359.2331857393406,2882.483348723273,2132.1691520407758,1641.3078242745112,984.8064892220988,0.743590,72.31
2253.6495005882043,2283.1732815322594,2588.416028832263,2018.0841132956848,856.6770757515884,0.769231,98.17
2855.095629734578,1704.7722999124496,1767.160845656258,632.175124264358,3040.7961004323574,0.794872,132.52
1680.4911014932309,1412.7481789778958,2272.845146558284,2418.3516712450914,2215.5639017254975,0.820513,124.77
639.5820991496834,3466.2112722093284,897.1223096669911,1136.234405953194,3860.849913020803,0.846154,123.95
584.0261581308421,2910.6882672505953,1670.7897798051877,3094.712270107172,1739.783524706204,0.871795,146.18
1174.4786053335367,3220.3787612270385,1391.6040023897797,3272.3100599451077,941.2285711045357,0.897436,147.09
1933.1426003428312,1522.8981270705676,3289.02910528257,1156.3158514805225,2098.614315823509,0.923077,134.85
2679.7625303198483,1689.6630014944997,1758.2453734204673,994.5497339090721,2877.779360856113,0.948718,101.49
2188.9362356668585,2980.857509809836,2383.3733551706496,697.7835174094815,1749.0493819431736,0.974359,85.24
1516.2192950385472,2309.3225412722572,1946.6964288270788,2373.9734552341424,1853.788279627974,1.000000,91.90
752.8111206262622,745.4551031124871,5123.928417621484,767.3768935107926,2610.428465128975,0.000000,5.08
2824.516811993787,2046.0161712691113,2012.9355596434316,2478.984614021268,637.546843072401,0.025641,0.00
1595.8265629779487,2387.606051969315,3129.3770293071807,1575.239662176634,1311.9506935689212,0.051282,20.22
2168.0426692372807,3130.609702413955,1655.965090956646,1950.8733717904997,1094.5091656016189,0.076923,0.00
663.5687865516152,2649.0939441703495,3069.7924497067947,1420.6549032607734,2196.889916310468,0.102564,21.48
2850.4255445889344,1822.2681915023784,1386.156130163782,2557.781833230585,1383.3683005143205,0.128205,54.78
1173.1360684009235,2363.9529517420788,2639.7490565151916,1809.237691397934,2013.924231943873,0.153846,53.77
586.8977704547276,2942.5096453064743,1670.0456196839018,3293.8598578911037,1506.6871066637932,0.179487,20.63
3157.935496828007,2211.5475235967374,1287.5395788072642,1790.2800246537286,1552.6973761142626,0.205128,17.22
1212.3173964017844,2565.4709898422498,2886.8411551856025,1318.7655504948011,2016.6049080755647,0.230769,6.71
1176.198122472056,2387.7143541402443,3555.9896514253287,1733.1362400088324,1146.9616319535392,0.256410,69.72
2177.8710967050765,2916.773206447491,1573.6938730718414,1804.915833615699,1526.7459901598916,0.282051,13.71
2404.1241296153767,3202.3951613134636,885.7842068981522,926.6673674286718,2581.029134744336,0.307692,67.40
2878.210205477664,2126.5681721941464,2517.296055203494,970.4084239367522,1507.517143187945,0.333333,9.75
1686.9362546376547,2648.165344843469,2553.269585166639,1890.0467673440462,1221.5820480081923,0.358974,9.60
2864.082755714277,2523.287600266335,1557.670000538838,1461.1609892404106,1593.79865424014,0.384615,73.32
1266.0004100572714,2152.174568040411,3796.2586877852937,1843.8840464546238,941.6822876624005,0.410256,79.05
2976.7829043799015,3362.5913919614736,2331.6882790928175,933.4536669441599,395.4837576216477,0.435897,28.56
1769.499140879363,2220.7238175843013,2103.8780356948264,2396.4136554418774,1509.4853503996314,0.461538,85.03
3636.138895271706,696.147433662205,904.5157525975818,2487.277986634693,2275.9199318338146,0.487179,75.90
2199.9645434283666,2140.8017611760165,2325.70866349496,1138.1024390151792,2195.4225928854776,0.512821,103.99
2061.5553571985115,2736.416043064957,1673.5258181689285,2949.282343769593,579.2204377980086,0.538462,88.90
742.6400550573077,2740.280616434099,2375.8958185417805,1433.8496415246238,2707.3338684421888,0.564103,65.43
1096.0951257871031,1939.4727878935007,3577.8847863786627,1620.6543173383905,1765.8929826023423,0.589744,91.55
2334.1204077149855,2775.357311712409,1407.7765494960502,2256.502728121263,1226.2430029552936,0.615385,83.78
2983.9340351544683,3013.0914183224522,1819.5259619308135,1482.7274433931761,700.7211411990893,0.641026,111.99
1588.7213229907547,869.9273569614603,2793.4018917459607,884.0116811369804,3863.937747164845,0.666667,84.89
1957.4781566300783,5076.581418406407,1220.9034922004694,649.3766999185998,1095.6602328444476,0.692308,94.75
1705.7215010102007,1300.7974261372287,2249.5992555022663,1461.2057050112285,3282.676112339075,0.717949,93.52
2475.244342532826,1487.2463196084968,763.8232788842917,2589.7519816647855,2683.9340773096,0.743590,94.27
2297.540335208816,2601.807930821025,964.8201522167044,1234.297011259572,2901.534570493883,0.769231,127.46
1659.0952117509414,2399.1621453010707,1577.9251038534173,2509.255885544932,1854.561653549639,0.794872,78.27
2640.859444440448,1761.6761634796605,907.3334691594285,2649.351512700418,2040.7794102200453,0.820513,77.43
1923.8840983083035,1864.594744056586,2273.4360058292737,1751.3361730079482,2186.748978797888,0.846154,110.44
587.8392426356353,2316.48360029553,2643.1499595450136,3252.153089413662,1200.3741081101573,0.871795,120.45
1570.4333181590712,2878.811898558741,1776.8115220852253,2292.6570758184084,1481.2861853785548,0.897436,128.80
1992.4885866353588,2007.850281359619,2312.5598587751815,1238.9026890731614,2448.198584156679,0.923077,153.22
3097.582113457795,1422.9974523053047,1346.5115412531234,1170.863696674678,2962.045196309101,0.948718,98.86
1657.7193960809411,2086.5227003258647,2697.5575392796313,1929.9237552978627,1628.2766090156995,0.974359,160.23
1688.342029748374,2362.8592596002472,2198.0580128910756,886.9531753014423,2863.787522458861,1.000000,164.30
716.562797563562,3232.4667988897554,1126.8328765687909,3411.3596388537594,1512.7778881241322,0.000000,8.29
1629.6374808198232,511.50998233383496,1874.053077878623,4014.044164601468,1970.7552943662506,0.025641,0.00
1743.3042356808926,2600.0592390384336,2166.383207434446,1550.8013703838935,1939.4519474623348,0.051282,0.00
651.8023317314842,2739.8241849716846,2758.722598861668,478.431388553869,3371.2194958812947,0.076923,20.65
1569.3779424154638,2217.574126792612,3658.913053938466,656.2153412420183,1897.9195356114394,0.102564,31.59
3028.7712091343938,1224.7348595515425,2701.7042858488962,717.745137632255,2327.0445078329126,0.128205,0.00
2077.8690454079997,1860.5008395217108,2892.916887182299,1835.053306699815,1333.659921188176,0.153846,45.30
1601.6110066916085,3803.3501236904194,1839.9193297654838,1135.7687896752452,1619.350750177244,0.179487,0.00
1682.805132101376,2029.859437411246,2564.752274735208,1887.684622600661,1834.8985331515094,0.205128,0.00
2959.9488915079105,836.749362833307,2482.528296593767,2541.620010446171,1179.1534386188443,0.230769,46.47
1803.3709079706975,1982.3017590690813,1838.629284665169,1020.1989821408268,3355.4990661542242,0.256410,55.04
827.452781094692,2269.767084805822,1816.1903184424782,2008.7704296039155,3077.8193860530905,0.282051,68.09
2033.1587154365618,3489.176753398118,2992.886677373223,550.3502879073187,934.4275658847788,0.307692,24.89
2137.226605450772,2465.7510405681714,743.9807124922054,2300.8251023542975,2352.2165391345543,0.333333,21.09
2424.0338163608762,2013.7762396519383,1030.996534262918,2735.9942278260396,1795.199181898228,0.358974,87.39
2486.2492268565543,2469.0045812437043,650.4504968619294,2064.6423613327875,2329.653333705025,0.384615,82.43
2930.675594749785,799.3987223717235,1185.6962259445297,4429.987909722131,654.2415472118314,0.410256,14.49
3098.634612551777,1683.0742511575374,990.6275762704964,2497.984633002433,1729.6789270177562,0.435897,31.90
3142.951851837093,1011.9481326984758,540.1149029286776,2338.9656795133296,2966.0194330224244,0.461538,72.49
2949.0599109323234,1670.304614809765,1725.3708215098204,624.1673348218974,3031.097317926192,0.487179,73.95
862.1860961719931,1669.5509940750478,2901.7532107172447,651.391237102342,3915.118461933372,0.512821,97.86
1138.4385950027372,2624.3043591211963,788.2581987691466,1499.98071512237,3949.0181319845497,0.538462,38.94
526.6253429905562,2372.277009741139,2078.5176910001433,2300.077893548758,2722.5020627194035,0.564103,95.05
2462.693638743293,2207.8745806717175,1401.5400403155681,2583.8502214160653,1344.0415188533575,0.589744,66.26
2231.013206105317,1359.979385066245,2133.030483130684,1888.7690200161185,2387.207905681636,0.615385,69.53
1716.8964567724322,2408.2338032958323,2982.3235745149195,1156.2403051172707,1736.3058602995452,0.641026,98.94
1407.9418867469237,3509.842132139052,971.8467550751718,659.0513161762946,3451.317909862558,0.666667,53.07
2566.3127465162593,982.2913066414745,2003.715726472595,2390.8033916225463,2056.8768287471253,0.692308,83.86
2669.0542519525998,492.2127403565148,2916.5931986451274,1060.4548699830596,2861.684939062698,0.717949,106.62
3093.6435579108875,1133.1339026749538,1127.5179946440214,1934.7205711887334,2710.9839735814044,0.743590,116.63
3858.4223304811417,2174.11463584368,1295.717170114993,1403.9947474246906,1267.751116135495,0.769231,67.85
1728.4501988735442,2635.9704694898214,2739.5286253076792,2018.076443653931,877.9742626750237,0.794872,117.28
3204.1593411050676,665.7663556757432,978.509210421289,3756.363263922106,1395.201828875794,0.820513,83.29
1177.7379253205177,2544.63456674737,2521.2213789389316,3131.852265278914,624.553863714266,0.846154,83.50
1395.9298069411977,2922.6840838287703,1220.8387506798854,3471.387878763687,989.1594797864589,0.871795,100.28
1894.7098351771026,1339.4563466576885,2831.5452315010143,2423.9931139334144,1510.2954727307804,0.897436,73.22
1708.003658884624,1126.7296769286665,3054.437694018532,2836.1951003264403,1274.6338698417362,0.923077,111.70
1703.720624307226,1789.7816083801026,1156.481070058503,3178.5852111853815,2171.431486068787,0.948718,87.33
1257.61608912931,2397.3548506078164,2299.0519489190015,1010.3307283067652,3035.646383037106,0.974359,143.54
3640.464207620411,728.6633258889597,3956.0833035967753,514.5583169781291,1160.230845915724,1.000000,164.42
1756.1811439011817,2370.463512632713,1766.689510505756,1903.8558279363224,2202.8100050240264,0.000000,24.61
2207.6660508528958,2167.316535771417,2365.3392551971174,1672.0252117238088,1587.6529464547602,0.025641,0.00
2805.2534995335905,984.5277152313571,664.5343660012057,3033.6538245166294,2512.0305947172174,0.051282,0.00
1558.8355984333023,2522.48152041546,1222.4945569208842,3817.5433807161085,878.6449435142451,0.076923,0.00
489.9544327754783,1128.4316958369802,1730.4765602563737,3664.0212610724657,2987.116050058702,0.102564,52.68
2673.8224755295014,3103.2088937979806,789.1594595717277,777.0624278306037,2656.7467432701865,0.128205,11.63
1186.4653568753615,1656.9300619585404,3760.365935504452,1955.8348134228331,1440.4038322388114,0.153846,15.57
2701.9835265082693,2159.2399304526757,1972.575571299648,1583.1782533477062,1583.0227183917011,0.179487,35.75
1090.823967404074,2135.3572760818843,2184.288320949286,1191.9043631614693,3397.626072403287,0.205128,10.33
2090.4109590963276,1428.7614309911155,3063.8456028052155,990.5905324162791,2426.3914746910623,0.230769,42.21
2854.74025704307,1236.8405893625675,2987.002030559621,2555.8710426321677,365.546080402575,0.256410,37.85
2473.544627840311,1653.939763448841,3970.5274246044155,1194.9951688659266,706.9930152405067,0.282051,5.18
786.9394266653635,2008.1036189360534,1796.5811877589576,2171.176401317966,3237.1993653216596,0.307692,65.78
3024.3081919749366,2201.352302797119,1792.4058613832156,717.3343408675632,2264.5993029771653,0.333333,26.92
1131.3965870065867,3358.419449880766,488.00682930145774,1993.491506616328,3028.685627194861,0.358974,54.55
1321.3186049997046,791.22496110575,2009.494586021866,2673.199088900981,3204.762758971697,0.384615,29.63
2406.5428149707027,2237.6078807154217,1835.3746464732337,581.1197763419219,2939.3548814987203,0.410256,74.13
2511.069842124666,1032.4104350910752,2218.1519216813144,1072.0442421039413,3166.323558999003,0.435897,23.80
932.9710493524531,1581.7634604484165,2259.803727388166,2563.6065389052924,2661.8552239056726,0.461538,94.00
553.5052174509716,2670.2043284268416,2498.0763429932786,2186.015773339538,2092.1983377893707,0.487179,102.73
2056.251141667043,1067.557596944345,2912.5298014012706,3366.101054536847,597.5604054504946,0.512821,60.27
1296.2904500181623,3766.080569818871,1270.3921654894646,1451.8894085391019,2215.3474061344027,0.538462,57.83
1209.4681068282714,2205.225614391931,2404.8553178837014,2286.861106672974,1893.589854223123,0.564103,76.44
793.7690103083368,2336.5049106498673,1490.959158452423,2577.7920579028037,2800.974862686571,0.589744,71.41
2567.6900613422117,2490.913560477551,958.1397877890029,3068.7945223623983,914.4620680288348,0.615385,43.40
734.5880065295194,2286.316340616841,3791.2265390315597,2620.5316836439893,567.3374301780902,0.641026,105.87
2953.8410864893167,1945.926297238903,377.44323824926835,2106.4226495031367,2616.366728519376,0.666667,115.01
3146.615054315885,1196.471963614341,738.9736539084073,3193.8412004600314,1724.0981277013352,0.692308,113.39
2149.432764135637,1997.3886739592851,1039.2191503440745,2663.4101835845486,2150.5492279764544,0.717949,64.39
1927.600938234999,2277.010592849009,1924.7234921456038,3184.8424040801006,685.8225726902883,0.743590,75.57
1013.1839957371047,1906.8119345459936,4702.37397932343,1836.9207617688555,540.7093286246167,0.769231,128.35
2648.7781156383962,2060.412832692813,1604.111655832797,1260.6236722192778,2426.0737236167156,0.794872,132.12
1684.472057116513,2463.1839768754744,2475.2723246241508,1464.9972669394083,1912.074374444453,0.820513,109.87
1000.7967542075579,2330.5770932116375,1186.3159785046678,2422.060026078775,3060.2501479973603,0.846154,133.70
1560.3754637185584,952.9789090995893,570.3939073194877,3228.226152864362,3688.0255669980033,0.871795,71.70
1347.2203983733589,1761.8312229877267,819.2633845946347,4807.348558242634,1264.3364358016454,0.897436,94.44
893.9911513323318,2693.159238001719,3108.1807869145773,2044.9097913784055,1259.7590323729657,0.923077,110.31
2419.766235423717,824.5318194364388,2530.5426634305604,1867.364074835207,2357.7952068740774,0.948718,103.11
3644.19544673394,822.5882590603111,2091.1550947368546,1072.4460934404672,2369.6151060284274,0.974359,136.16
1076.0005772432269,2927.7756184059776,1225.7703649397356,3617.450084333575,1153.0033550774847,1.000000,118.81
1619.412756615575,2797.243907582186,2915.2520987233265,1431.5352920341122,1236.5559450447997,0.000000,0.00
1935.2592648396949,1090.353707440505,632.0592534116103,4199.85404335414,2142.4737309540487,0.025641,0.00
1278.4115502340421,2583.043545091768,971.7429577067811,1497.6868022682058,3669.115144699202,0.051282,0.00
2439.139042364811,1219.8567278172125,1301.6553240002509,2354.8693749702134,2684.479530847513,0.076923,41.34
1697.3265577300444,2296.814591159705,1196.783959043074,2574.1498435871226,2234.9250484800546,0.102564,15.06
2155.7893411664495,2967.662558654303,2576.471965805337,405.14246131504467,1894.933673058864,0.128205,36.22
486.989506749314,2724.62794235862,2497.892124460143,1449.2870229056452,2841.203403526278,0.153846,5.65
1594.9265024007113,2668.625198199845,2605.6937642690277,1215.392537903733,1915.361997226682,0.179487,0.00
2152.4180252190204,1648.1285989245878,1416.8034485520036,2051.7361608211813,2730.9137664832047,0.205128,45.09
1759.326208166249,3199.1344270424333,985.0448420215698,1028.9554736875768,3027.5390490821696,0.230769,41.39
4340.833365876703,586.8017458452479,2458.1718659839953,1117.467172752014,1496.7258495420401,0.256410,37.74
1162.3870779190577,998.7371385864116,2828.057868869237,2402.1160367293837,2608.7018778959105,0.282051,51.96
2052.49646698011,2439.1687086241723,1235.4446556206813,1690.4294306053773,2582.4607381696583,0.307692,34.09
1322.3261765298384,3073.994842842176,1098.2470513547082,797.7206808239938,3707.711248449284,0.333333,71.92
1636.7148451530807,2451.7423305018665,2476.0900854984784,1018.4290073935421,2417.0237314530327,0.358974,9.59
549.2680705602969,1576.9781219149684,1003.6756055485334,3090.4672325833176,3779.6109693928843,0.384615,29.33
1832.6728686463848,1888.5103767665933,3068.1528549825557,762.4505436589868,2448.2133559454796,0.410256,49.94
1444.230063299249,2215.528465326266,2726.654096249424,3139.950121483004,473.63725364205516,0.435897,47.36
1348.9751386987145,3020.176261642865,584.3976726696677,2970.7077928552717,2075.743134133482,0.461538,66.25
2630.8994894033917,1600.9913580130271,1837.2688201433637,1566.7266879454073,2364.113644494809,0.487179,66.04
2221.971212321258,2795.3917583744424,2109.142390735763,1355.9872526543886,1517.5073859141494,0.512821,37.64
2275.840559064715,2182.488341084759,1552.714570291281,1653.7956295581469,2335.160900001098,0.538462,57.27
3258.191125797974,3295.93984075588,906.9775592388047,627.0735394873337,1911.8179347200078,0.564103,44.47
1702.8543441460226,724.3945211707344,2261.1649502359555,2645.2686636022863,2666.3175208449998,0.589744,82.88
2351.350208795265,1505.9277250432622,1865.698927563575,2026.1630870738927,2250.8600515240037,0.615385,92.02
2713.1570668721347,2356.155013343295,1189.8117281820246,1745.0954948921108,1995.780696710435,0.641026,69.82
2645.5271054510217,488.59128488983083,1379.6444581728028,2690.9178397642213,2795.319311722122,0.666667,58.95
2548.8118529604462,1514.1048041668553,1840.8921948093664,2603.6316113759954,1492.5595366873367,0.692308,106.94
1462.7298992827027,900.3696102750214,2240.4472578321324,2382.35365523736,3014.099577372783,0.717949,103.97
2288.047815499647,770.3928612062178,3065.691060285134,2518.159284783535,1357.7089782254657,0.743590,132.26
1443.1601183670823,2598.920061286267,1802.6981045017628,2246.7747056506714,1908.4470101942163,0.769231,94.64
2441.39381948979,2111.38684179844,2555.291704308226,1020.285327716508,1871.6423066870352,0.794872,69.92
2202.138221133502,1561.794071501558,3228.572057745834,1441.2232571362958,1566.27239248281,0.820513,89.03
1939.806112828765,2460.669742064728,1723.2602035508303,3026.8827077384385,849.3812338172377,0.846154,67.34
1051.72631657067,1777.1305697848163,2082.573572323594,2563.6939848898733,2524.8755564310472,0.871795,93.62
687.5349304806244,1924.4400103757127,2722.4313128625886,2481.399278707582,2184.194467573491,0.897436,139.03
2872.879650599029,2287.938284078355,839.0949057066814,1429.412822401477,2570.6743372144574,0.923077,106.69
1545.61116225054,1619.0106920998078,1747.6935383520265,2432.894395334095,2654.790211963531,0.948718,138.18
799.5513910093347,2922.466034746833,2532.5806854043676,3070.2309822183593,675.1709066211054,0.974359,151.98
1812.1902161938358,2440.466604264757,1832.1487546089645,2416.379735366242,1498.8146895662019,1.000000,92.25
2327.6389943747813,1152.0756538326932,3548.6287159979684,1691.8056090886862,1279.8510267058718,0.000000,0.00
2238.9551056680625,839.8086905091366,1051.0872437400549,4744.717359429454,1125.4316006532918,0.025641,0.00
966.1126734479537,2692.3162449372353,3387.7246757552534,1639.9452590031194,1313.901146856439,0.051282,1.23
2287.145253946993,2295.0755342781313,1887.342464651544,1280.6820034125928,2249.754743710739,0.076923,26.56
1374.5035554611784,2491.1614917559787,877.7031026885786,924.1149349396948,4332.516915154571,0.102564,0.08
1432.508423798996,3613.0244825453788,1188.6144262129028,2439.1540757784787,1326.6985916642423,0.128205,0.00
1871.2254516366784,2042.8706578837496,1099.661958442046,3312.505896163222,1673.736035874304,0.153846,0.00
2521.271942728684,2569.448895158549,1893.7495181779302,1157.4239003125408,1858.105743622296,0.179487,46.90
3253.6514008807653,3589.6426123328856,1652.550196689572,780.0866088429492,724.0691812538275,0.205128,9.94
1505.0854798410512,1413.7026280485989,2651.076309262627,2736.1031521144996,1694.0324307332228,0.230769,37.94
3119.8987260878753,1587.5757771751514,2564.838348747475,1254.5770812167882,1473.1100667727108,0.256410,68.77
2510.5138201546993,887.3746496369597,2435.722720927793,2363.8648478921855,1802.5239613883602,0.282051,74.16
2604.871885317026,2054.4833392555447,1668.326977466814,1274.5654892472471,2397.752308713368,0.307692,37.50
2576.520607760187,749.9184335177006,1134.9293474360607,2154.7841006803897,3383.847510605662,0.333333,8.95
3100.4915959947566,1446.0609180828653,3178.5072576883217,1793.9824879940288,480.9577402400285,0.358974,82.38
2021.8317632870817,3210.9867756228036,2410.5365106910313,905.8583709680273,1450.7865794310567,0.384615,63.32
1100.83798804002,3173.5274130944504,3511.7999582305665,1058.0673683784332,1155.7672722565305,0.410256,47.68
1574.760268616707,1883.1592430161525,2215.527458786789,2119.8427950006003,2206.7102345797507,0.435897,80.79
1672.9310798136553,1026.2900396666237,2304.2094524332106,2529.5712634932042,2466.998164593305,0.461538,40.04
1570.0254365454352,4083.631741662934,1807.382848536348,565.4125544556512,1973.5474187996322,0.487179,78.38
658.4268318908101,2156.42366202529,2625.18034735294,2048.862430523558,2511.1067282074014,0.512821,46.61
1654.0429402152224,1586.8631766746573,2685.553531759325,1434.8092285648918,2638.7311227859045,0.538462,60.06
3564.2287046546508,1074.1640485997718,2486.374383570076,1662.150649649906,1213.082213525595,0.564103,40.33
1050.3420643256147,2328.74073171935,2866.186759604347,1311.289737918271,2443.4407064324178,0.589744,45.54
1078.0480404487787,3010.359896579336,2284.5153541609257,872.6229838061536,2754.453725004806,0.615385,93.10
1035.921951026352,2183.3544164120663,3311.8693114871494,2671.6288861227267,797.2254349517069,0.641026,98.06
982.4958763761429,2480.7758565834515,3489.509064765107,1636.9467176667088,1410.272484608591,0.666667,67.16
1544.9420830955596,2764.4449358971615,1679.3717880179313,2881.0742077018117,1130.1669852875368,0.692308,71.14
3107.2367126411227,1578.421196677824,1237.1731807276233,766.7073153734018,3310.461594580026,0.717949,119.00
2083.227166432957,1077.4065294275467,3270.0089995934727,2721.020279043427,848.3370255025964,0.743590,89.79
1637.4245067924217,2425.636083778303,2784.599085871046,1829.1562587801234,1323.1840647781073,0.769231,94.35
491.5670453855473,3197.766769062624,374.8638646217376,3018.955255746508,2916.847065183584,0.794872,68.14
1241.462863885111,2274.1629381004796,1005.5376860755276,1199.8023669821105,4279.034144956771,0.820513,111.56
2426.604802877357,2580.205472177414,1328.863110240548,602.570586969472,3061.7560277352086,0.846154,89.05
512.1058456165706,2377.4942119775237,2265.534450435673,1669.5759220505058,3175.289569919727,0.871795,98.29
1893.9567971829256,2798.918204250078,2820.4488035680674,1595.374764136075,891.3014308628531,0.897436,74.12
1211.9353716474748,2129.2574755692813,2004.2561413726917,2299.183298943381,2355.36771246717,0.923077,120.47
2622.060839762935,1719.908318444229,1173.7800904068215,1928.5945037075423,2555.656247678473,0.948718,100.29
3107.003692170703,668.4201341642079,2571.313321195094,450.2735684680064,3202.9892840019884,0.974359,141.24
1808.7598384389123,1372.0605122373317,2831.2075187837654,1702.6882015127835,2285.283929027205,1.000000,140.53
1996.6866801987671,1863.8087560912184,711.5205487893013,3069.5438621307912,2358.440152789923,0.000000,0.00
2703.8980699928125,1198.703150269702,690.9867542395542,2945.110025522031,2461.3019999759003,0.025641,14.21
2438.066298116256,1502.2981144356784,2025.6251824730216,2020.1030208836473,2013.907384091396,0.051282,4.36
1012.8720020344895,2003.6080897931413,3026.922440041106,986.8660300075069,2969.7314381237566,0.076923,38.86
2797.004303301889,1654.4044945846244,1988.9626030721915,801.1029130870152,2758.5256859542783,0.102564,0.00
2785.5371965155146,1286.9055688479489,1834.4045805616406,1709.2881799768995,2383.8644740979967,0.128205,37.56
1063.7535946100027,1236.20207604531,2335.880474897877,1685.0852013269655,3679.0786531198455,0.153846,36.67
1498.8483103339836,2530.4661086516667,2071.6568790481383,1347.273593245586,2551.7551087206252,0.179487,62.78
1165.265581305529,2561.60671501124,1567.8293686050934,900.6101606512257,3804.688174426913,0.205128,0.00
3381.558659886083,893.2730843606539,2098.1212959960576,1863.555500923823,1763.4914588333804,0.230769,41.89
2229.900101122411,1572.786895145872,2160.6753854891535,1930.5442125519544,2106.0934056906085,0.256410,67.63
2355.438517934612,912.9996922427063,1668.083825924703,1835.0102552952121,3228.4677086027673,0.282051,34.85
1631.7946458223842,714.339089479407,3714.2486352428523,884.4576639435884,3055.1599655117693,0.307692,16.23
2967.494962630318,1675.4952226584612,2716.825052568859,2138.1618091384544,502.0229530039067,0.333333,42.04
745.0839694154882,939.8567969720465,4809.7590031719965,912.3887921097173,2592.911438330752,0.358974,12.64
1139.4403093275835,3544.6550942954896,1484.158939461114,2218.2024671222603,1613.543189793553,0.384615,83.93
2243.0004880632646,2114.255736491009,1947.759326066961,1096.6242989022282,2598.360150476537,0.410256,31.40
2810.948237983643,804.5823469522352,1482.7236719285681,2389.778464267168,2511.9672788683843,0.435897,44.75
1919.6118896510845,2945.0873874787017,1505.5758037058642,2521.408977242682,1108.3159419216677,0.461538,71.56
626.1700408035146,1805.891058998994,2649.49721530317,3434.883987582818,1483.5576973115033,0.487179,57.18
1693.6447356819276,1300.7180966134179,3413.694219129123,2857.19439180048,734.748556775052,0.512821,53.85
1636.3720214587854,1887.98691288417,2069.679992544185,1417.8939305125484,2988.067142600311,0.538462,106.46
1002.0292220124068,1536.7835654416097,3474.4136559682734,1737.7426762112718,2249.03088036644,0.564103,67.09
2171.8792955580157,1914.2288555709486,606.7941749680781,3688.3036647580802,1618.794009144877,0.589744,102.84
3429.989392261855,3002.5889830315505,921.011030385913,1496.3331347103028,1150.0774596103795,0.615385,54.55
1178.84876003273,2563.2031765612646,3131.3199443165295,1314.8458383483744,1811.7822807411017,0.641026,82.99
3658.331909870063,985.9957287562858,1477.6926714064646,1475.799060086896,2402.1806298802903,0.666667,124.77
2573.845014964289,3163.139392771311,1323.3956667209136,1770.5783294495166,1169.0415960939695,0.692308,98.73
908.3013744179674,1013.3799547771214,3128.4373890358925,2431.62659586531,2518.2546859037093,0.717949,91.93
1437.8511024413663,1757.1663555258972,2691.9803724355115,2817.0126222613308,1295.989547335895,0.743590,73.54
1416.8948159669826,1636.9389519354258,1427.959598409754,2571.5794374875027,2946.6271962003348,0.769231,77.63
3707.1205767643346,2422.967370265082,1611.3562573400286,1715.5813209629007,542.9744746676547,0.794872,138.02
3026.7414301995873,2066.5763612958817,1190.5083731235504,3308.999038600286,407.1747967806948,0.820513,89.43
1893.2411331284623,613.0875615194967,1200.979274936246,2137.5745373877653,4155.117493028031,0.846154,70.13
2669.8086013310094,719.9627585943724,3684.280611784921,482.1695393247454,2443.7784889649506,0.871795,101.05
2262.360611549388,342.0810114877025,2261.634827929756,3000.076219944363,2133.8473290887896,0.897436,139.86
2462.987745942875,2215.1464557983336,2870.1607868475176,1905.3994076524739,546.3056037587995,0.923077,103.01
2270.4352238042047,926.4442006832705,3211.3460015532883,2308.8576892603214,1282.9168846989155,0.948718,130.28
3128.8426095062277,2333.866514136108,774.6001398036725,1558.3602073775614,2204.330529176429,0.974359,148.23
1784.7311676090299,558.4273887113428,2938.2677384129893,2934.5297140873754,1784.0439911792637,1.000000,161.04
2196.666641515927,2146.2123446916494,1225.3803204331414,2031.920760474035,2399.8199328852475,0.000000,8.19
2580.7501928609363,1052.527466855147,3654.5262323387583,1913.0232480122884,799.172859932869,0.025641,0.00
742.8040307853107,851.0763556707789,2847.008860739702,3651.7913133583147,1907.3194394458926,0.051282,19.75
2068.4986581896883,534.0957267847883,2383.4682527773434,2624.0706710348522,2389.866691213329,0.076923,13.76
1189.2794604929647,1546.1404142560962,4929.728125666088,1159.166132133152,1175.6858674516977,0.102564,30.02
1738.295168467509,645.7814843004094,3260.3950281809257,1215.3134392638258,3140.214879787332,0.128205,35.42
2288.1274389740765,1796.798128334679,2540.0039363598603,2710.07267628301,664.9978200483747,0.153846,63.28
1652.9753439770607,1723.998000929627,1552.5133764591471,3246.990231390411,1823.5230472437545,0.179487,60.71
3478.0314387925637,1495.9257413731855,749.9845845178329,1846.18770590906,2429.8705294073575,0.205128,53.47
1413.283704035658,3506.3825331354983,2853.0568146121313,904.9689646674839,1322.3079835492285,0.230769,16.49
3820.1483194291004,3343.630288142653,1684.2196340559772,469.5341353801022,682.4676229921672,0.256410,65.91
735.2083273117217,2065.9021887908116,1101.1411909710735,3574.8017080077493,2522.9465849186445,0.282051,43.95
3159.1698811237916,1793.2507988319953,612.862717863506,3791.9449178471277,642.7716843335802,0.307692,72.79
1341.3949622344476,3156.466865967873,2579.2976111846488,590.8111881043185,2332.0293725087113,0.333333,39.96
2114.674151023931,2408.0258789075897,2367.019523603802,1660.9996867347156,1449.2807597299627,0.358974,44.82
3177.79719361506,560.372733893011,485.6246705231379,2161.206319974565,3614.999081994226,0.384615,25.40
1695.3594899886218,2191.592984208913,1164.4469587832973,2244.7792960632237,2703.821270955942,0.410256,17.04
3272.326273065575,2495.0434213036574,915.8970128830737,1836.9253358359845,1479.8079569117097,0.435897,89.52
2793.1828750879627,709.2586838761267,3278.444782100545,1174.6850101624086,2044.4286487729562,0.461538,66.58
1152.0516578549552,1294.5116636600171,1664.0015712571064,3102.3581026746506,2787.0770045532695,0.487179,64.37
1943.295317179354,3390.004161929921,1475.179479753577,1504.191219661298,1687.3298214758502,0.512821,55.58
1239.711997076037,2411.1511096241966,1645.2950214402986,633.8454096978516,4069.9964621616155,0.538462,96.21
1451.6511532978461,2496.654230173025,1244.9110013631846,2355.365034990331,2451.4185801756125,0.564103,85.89
2010.499793201915,1577.5771083174227,2556.5394745815684,1380.745558578993,2474.6380653201018,0.589744,113.67
520.6120363275495,3596.4563420997365,1610.6386003175605,1298.4187478149966,2973.874273440157,0.615385,88.08
2636.8890804685648,4152.281226694043,1660.7540016562077,744.6947315747321,805.380959606453,0.641026,52.36
3274.8659380173776,1548.7078320537044,862.582934365435,2836.657138910941,1477.186156652541,0.666667,57.86
2412.930027023071,1604.3009504792224,1908.1958386899885,2152.949538526041,1921.6236452816768,0.692308,63.10
2190.762552061043,636.7223202693074,834.3808111220884,3204.3329490407423,3133.80136750682,0.717949,63.02
2013.1810823298795,1245.2058338193067,2104.0548358356937,667.1779659602151,3970.380282054904,0.743590,95.73
723.9816637815788,1134.4583040688992,2624.3973716386554,1561.0641689376157,3956.0984915732492,0.769231,68.86
763.0337708415267,2974.1719255034527,2841.808730052631,2901.6228124997165,519.3627611026736,0.794872,109.81
1609.3389842586205,2493.5759745943255,794.5715123182209,3340.663456263181,1761.8500725656509,0.820513,110.42
3384.1390648771403,1692.0140296049021,1805.5247489730743,2145.593048507204,972.7291080376787,0.846154,69.68
2337.022518843263,1422.1310409959513,1942.20394353652,2660.3690155069016,1638.2734811173655,0.871795,137.86
1098.7480476245435,1244.7209228678798,2719.9559033580035,2684.531297149851,2252.0438289997214,0.897436,110.16
2711.3599441841566,3216.8847946320975,1173.5919607923925,2251.03499496499,647.1283054263642,0.923077,154.75
2091.57536651491,3112.6797782210833,945.1629270910639,1166.3687091023314,2684.2132190706097,0.948718,142.19
1700.9121671786986,773.4064187411033,2313.8678805546706,3665.847877267312,1545.965656258215,0.974359,121.86
1247.323967087438,3587.6328756739963,981.9242977955012,1677.3088675550994,2505.8099918879657,1.000000,155.95
3164.887530887765,2425.618440652642,403.79322976565226,2395.926730190796,1609.7740685031442,0.000000,37.30
1817.588405216039,1980.850110140911,770.4832316016053,2868.126135985445,2562.9521170559997,0.025641,11.63
1704.6395954127183,1865.73784148753,2408.391844787506,2855.2438107850176,1165.9869075272293,0.051282,0.00
778.1931937744342,2305.9233749964064,3254.1617726222244,2925.0691451409325,736.6525134660016,0.076923,0.00
2085.8533656602217,1722.5841136750987,2314.6628890888924,1604.5439293754732,2272.3557022003156,0.102564,26.51
2249.512689588562,3085.9748134037845,1503.1996267595616,861.8020310550285,2299.510839193065,0.128205,21.93
1437.3855023830974,1104.2937241192324,3613.9501281043313,1025.788368055923,2818.5822773374166,0.153846,44.13
1892.7298748750427,1396.1418681729265,3491.197962781121,966.2298097018518,2253.700484469057,0.179487,39.25
2457.1353675622536,2094.086179486272,1886.3593506445081,2353.946018277959,1208.4730840290063,0.205128,0.00
3634.212257688258,474.7544759521775,853.8976505116448,3110.7097223065934,1926.4258935413254,0.230769,45.28
1229.6552502429902,3725.844222661181,2050.844026041802,1339.0047531556654,1654.6517478983624,0.256410,4.54
1405.9186695641013,1444.724595910919,2521.498164226206,2382.569642286833,2245.2889280119402,0.282051,38.37
2380.205686339305,2936.1538167255144,571.7925536451975,891.1415406583212,3220.706402631662,0.307692,76.73
3737.437530885319,2638.394127814368,1488.708339176652,878.0040764788962,1257.455925644766,0.333333,84.06
2038.5972672653456,2825.491820690487,2366.366383078752,538.1394592260729,2231.4050697393436,0.358974,15.29
2139.4267842110153,2506.1293560391778,1094.962921187721,1742.8536856965845,2516.6272528655027,0.384615,69.52
2759.2756853534624,2718.5739505642596,2112.795471804996,1576.094443133932,833.2604491433497,0.410256,79.42
1493.8711982671618,1857.1489922559942,3261.3940226755076,2636.02929975022,751.5564870511153,0.435897,41.49
635.8462471676686,1338.3074625105182,3123.786814651778,3870.1476312577174,1031.9118444123199,0.461538,88.81
2358.4538946550556,3329.963405556493,978.7518030017264,928.538688312715,2404.29220847401,0.487179,29.18
2127.7376279024493,3192.4235312424576,1925.975884028914,1505.711744756962,1248.151212069219,0.512821,64.62
2196.5979572857536,1989.4051029841035,1971.4759823765228,1898.5501720874768,1943.9707852661438,0.538462,101.38
2497.72316601194,1523.7368357478747,2109.6013601361,1682.8614611806624,2186.077176923423,0.564103,65.81
2448.581672052024,1730.070520936867,1613.4023741856445,1806.7724090626532,2401.1730237628103,0.589744,90.07
1323.669879799184,1814.4939344679976,1138.97294961374,3135.107060762395,2587.7561753566824,0.615385,63.14
2631.946791491638,960.6167601754745,2277.9945729880988,2614.3362938077294,1515.1055815370603,0.641026,106.58
559.8055534941619,3204.955469540626,1532.3799568502507,1871.6523271085557,2831.206693006407,0.666667,74.56
1791.5381547871568,2200.718221025,2394.862873823426,2266.114254477542,1346.7664958868756,0.692308,66.56
1278.2861019598972,2226.439786994147,2559.764449518983,2279.5202735528956,1655.9893879740766,0.717949,68.46
458.6718295392638,2200.180626648897,1729.0543203296652,2767.311334993246,2844.781888488928,0.743590,62.79
808.7766016754732,3077.415038949572,1670.6559684990289,2152.2872052454204,2290.8651856305064,0.769231,77.13
2662.6235561982794,2014.4797997284438,2874.7708775561086,627.7816296358385,1820.344136881329,0.794872,83.84
2574.47034530874,2041.6802683922838,1725.3485352415164,1780.5458660001275,1877.9549850573324,0.820513,69.33
2438.7595639630026,830.1862304177474,2275.5010404543896,1273.40948820495,3182.143676959911,0.846154,67.79
2445.0679917984576,1361.665272831089,2936.482865103617,628.1611856094362,2628.6226846573995,0.871795,140.73
2678.1297309595134,2645.9015785583088,1266.5615166543778,1596.7331255875038,1812.674048240298,0.897436,95.57
1460.554842218911,2768.0935037066265,2649.472093372307,1137.9133330407567,1983.9662276613988,0.923077,103.06
2096.8216851431603,3733.3612191047205,2230.8761881573914,1098.0807870753479,840.8601205193805,0.948718,100.72
1934.7696362981071,1642.1977567746992,2001.609815261623,1951.0045811122668,2470.418210553303,0.974359,132.24
1514.329770303212,1026.230852767639,3860.8512690482576,2449.1686376842054,1149.4194701966865,1.000000,133.44
791.6757315764826,3145.841596500606,2626.4005159416283,1983.98878885687,1452.0933671244136,0.000000,0.00
2302.465877053359,1165.1086793479437,2506.5312088122996,1879.0755023949114,2146.8187323914867,0.025641,0.00
1374.8089700036016,2033.3804173070876,1544.5782650217589,2633.1091735545797,2414.1231741129736,0.051282,0.00
1826.5902423915793,3018.1898174258663,2614.3309514974685,781.4678410451384,1759.4211476399466,0.076923,0.00
922.0369564229122,3528.1587157667145,742.0138788279211,1340.5175234474375,3467.2729255350146,0.102564,29.19
1121.596015046735,3101.217631284198,2550.9667180962797,1956.34200583832,1269.8776297344682,0.128205,28.46
1469.0998489876808,3356.7318129166147,3281.132124316895,554.9825835806215,1338.053630198189,0.153846,6.10
2506.389397615904,2692.387474986303,698.6398187945391,1966.3604060173432,2136.22290258591,0.179487,0.00
941.4626074315082,1655.1609063289227,1160.3016780256867,3891.7861222757015,2351.2886859381806,0.205128,19.35
2987.6164890595264,2622.665387653061,2625.0285352149126,1235.2377774544864,529.451810618015,0.230769,46.82
2567.047339718684,1145.5376950247107,1911.4102325446124,1398.3501525616318,2977.654580150361,0.256410,65.72
2712.446539990033,1895.0405365813656,2903.7472053030165,2011.6956861265883,477.0700319989959,0.282051,0.00
2180.4998648854275,2451.4398045136086,2044.993643386593,1533.1793115940063,1789.8873756203627,0.307692,55.93
1782.2094470315399,1762.4343358266417,3210.318259000948,1560.6513815545486,1684.3865765863236,0.333333,15.18
2225.4159720229877,359.3413504210585,2131.8398605664634,2606.4066916426973,2676.9961253467945,0.358974,18.11
2188.479170012091,3050.6096286089246,3006.0673108584388,1097.5482281944844,657.2956623260611,0.384615,31.43
1423.304232094906,2938.884811348967,864.8879033864378,1525.2877153473012,3247.635337822387,0.410256,79.95
3376.835292704271,831.8984274593404,2684.669523692771,1084.4310200069924,2022.1657361366244,0.435897,37.11
948.2973220444986,2501.7521520673395,1571.1667693849365,2662.0892118225897,2316.694544680637,0.461538,80.37
2875.4117621502755,1141.400932117024,1837.9742874842561,1659.1163775859125,2486.0966406625303,0.487179,46.50
3438.6248629660677,1858.783210247361,3418.885811644682,528.3353947681192,755.3707203737714,0.512821,57.08
2499.4621621074916,1482.784142779485,2187.4301085813177,1675.3639331416487,2154.9596533900585,0.538462,59.15
3125.8096012950564,2822.199846977962,2127.972927875934,469.3059173731861,1454.7117064778615,0.564103,41.63
2795.758105905432,452.61681219199085,1821.72771266771,2048.506264295784,2881.3911049390827,0.589744,60.28
1659.7198675483344,2276.250606308313,2318.4479284988147,1250.824968362955,2494.756629281582,0.615385,40.84
2373.8477022599,1275.201308038958,1754.47881441146,2143.4604269980046,2453.0117482916785,0.641026,69.77
1792.0828847275266,667.5531270404422,2519.224313777245,2657.459105368432,2363.680569086354,0.666667,118.20
1019.1032888033619,1836.1930259030082,3202.25532204002,2075.901214738659,1866.54714851495,0.692308,65.55
3052.2203233229125,1307.956404644268,1547.270441379438,2960.276120953814,1132.2767096995672,0.717949,89.00
487.4297928861941,3197.4837186801,2886.9813445236928,949.9852285414147,2478.1199153685966,0.743590,78.91
1637.600540354155,3839.429824221797,1456.160970917132,1108.9024550365432,1957.9062094703745,0.769231,116.61
988.3830403516282,2575.332795724444,664.5611125909764,1612.6426452751205,4159.08040605783,0.794872,138.78
884.8353613468071,3086.4751251182065,1953.92919593674,1611.4706694800495,2463.2896481181974,0.820513,110.40
3237.6457252923497,2506.0169436054653,458.2669420012899,3068.5954667174615,729.4749223834332,0.846154,87.84
1886.2862327757985,2306.1439768945083,2342.874025776686,2097.2760366536854,1367.4197278993222,0.871795,106.90
826.123699254697,3655.1808074737905,3168.792541658416,895.8770177222258,1454.0259338908704,0.897436,108.08
912.6344469232798,2203.4473743494887,3046.2057963880275,1351.4065039849236,2486.30587835428,0.923077,148.00
1394.9165277855586,1516.7267845863396,3419.333141993954,3227.47650723691,441.5470383972374,0.948718,123.31
2665.796367808966,1271.4407537558493,1981.258913859986,3284.6831661036476,796.8207984715514,0.974359,139.85
3743.697994190988,1154.193663247992,2408.1084036141056,1539.606211549131,1154.3937273977838,1.000000,114.38
4215.590289993987,2100.978688401787,599.6264409883931,595.286492250871,2488.518088364961,0.000000,2.97
2333.090589785817,1947.6770987030607,2001.567972733563,1321.1149978177657,2396.549340959794,0.025641,44.97
1390.1718602052358,2286.6819396854344,3224.7283156497037,1545.146199046818,1553.2716854128073,0.051282,0.00
611.3522036331336,2611.0989901622524,2028.273589456424,3816.5880683847595,932.6871483634307,0.076923,0.00
1731.7988210549324,2401.92636131186,2519.381845976134,1828.4944433180156,1518.398528339057,0.102564,2.64
1782.1151517499768,2478.519818384219,1288.0568080592993,3062.835561820945,1388.47265998556,0.128205,48.63
2868.4945684664185,1730.2118894929908,1826.7282547981258,1978.890466568559,1595.674820673905,0.153846,34.44
1154.715735084191,2576.148279078908,608.6484334162507,2800.5601233834636,2859.927429037187,0.179487,47.67
2461.3836378948868,679.3758487403741,4036.7094657836637,1759.2261133294503,1063.3049342516254,0.205128,54.68
2069.720472272775,3200.062838118792,2200.7123056454407,889.4726651087351,1640.0317188542558,0.230769,0.00
1213.0761904822364,1339.7413009904512,2049.811682517264,3317.070172310564,2080.3006536994853,0.256410,53.22
2142.085348907787,2659.1626986319466,1093.8179824027216,1124.6152534559003,2980.3187166016437,0.282051,55.66
2410.2691480089957,1764.072844183398,601.1961582866618,3099.5557910367397,2124.906058484205,0.307692,10.08
3057.6403555068655,1385.4331237189972,957.8036031829986,2171.3080937025998,2427.8148238885396,0.333333,72.22
1919.6859928889883,2259.368740894734,2246.7497579844303,1467.5907115876041,2106.604796644243,0.358974,87.56
1886.6146513001922,1562.7477077325764,2632.655765527853,1225.7121141862988,2692.2697612530797,0.384615,55.14
1119.3090257193796,1275.7188945288751,622.710401927752,4034.554630168311,2947.707047655683,0.410256,31.27
3319.130633435681,1461.4785332278368,1457.939644855707,1484.7740635758335,2276.6771249049434,0.435897,45.28
2728.2805779321125,833.0259308525456,2966.4192304371945,2296.2755803705713,1175.9986804075763,0.461538,99.24
3226.347803387476,850.200180016242,3258.951934601255,1849.7960562201886,814.7040257748382,0.487179,24.73
1457.5230255548709,1095.6361626508171,1391.7962699968564,4240.9905207046595,1814.0540210927961,0.512821,99.48
1317.4573332139464,1393.236016856274,1468.8492163103997,2221.9124562722554,3598.544977347124,0.538462,40.86
2644.181674227968,2945.036254518543,1023.4789768003707,2419.973996423301,967.3290980298187,0.564103,109.76
2728.331883572051,1552.474767610821,976.638683859466,2737.147952930676,2005.4067120269854,0.589744,111.73
1419.5094289410836,2384.6655607947405,2218.916510740728,2916.306150159464,1060.6023493639846,0.615385,90.91
2120.4376650521203,2811.937772696506,2334.9054710872338,1931.2919281112308,801.4271630529098,0.641026,112.08
497.07657569022723,2498.55157112592,1977.6046536998504,2867.7499128677678,2159.017286616235,0.666667,54.20
1856.8271069171096,2666.7849201626614,1428.9046681950103,3339.8101001777686,707.6732045474512,0.692308,104.48
2087.967546326186,1448.4699099226318,2626.122048091956,2045.412607104197,1792.0278885550294,0.717949,97.69
2448.5867877350975,1360.5909295035551,2080.058717670654,1207.168659146722,2903.5949059439704,0.743590,83.14
3332.076836390605,2128.501202686002,1140.2151475759383,1735.0893711661763,1664.117442181277,0.769231,109.71
1920.9975484167028,2692.043081965114,3042.41090049819,573.532008009659,1771.016461110333,0.794872,137.48
817.7022110816557,2448.9227058575834,2255.4585752062203,1304.9111790599036,3173.0053287946366,0.820513,89.74
1503.5136906423074,1585.1894109684786,1104.7593085408516,4390.212381750102,1416.3252080982602,0.846154,118.73
1465.9075255511211,2912.0931862471234,789.2952709427009,3046.950561080947,1785.7534561781051,0.871795,143.61
842.9063676636684,2457.9551789373463,1226.228193216912,1081.9784084153825,4390.93185176669,0.897436,96.17
1062.5851259648152,1593.3128460288458,943.2690221283165,2447.8960488518837,3952.936957026138,0.923077,87.05
506.23494696829925,4098.9932571457175,763.3993708483662,2271.9628779298723,2359.409547107744,0.948718,144.04
1354.869724685221,2171.93274885204,976.3133210550293,3140.791397501403,2356.092807906307,0.974359,84.86
2419.9467545188327,2619.7247442780517,1723.0652409467355,2243.591406077854,993.671854178527,1.000000,86.59
1075.3688798844692,2013.8893141483495,1220.2630000230388,2688.977814396211,3001.5009915479313,0.000000,0.00
2693.0479415017876,1289.261655642621,1987.0029728949103,1342.9852811734545,2687.7021487872257,0.025641,22.61
942.4744067751749,1888.7333972405427,2042.172418284935,2715.3050874799087,2411.3146902194394,0.051282,32.69
3443.4250893177873,1830.7039680006187,1808.9544691544615,1583.7838709568148,1333.1326025703174,0.076923,11.64
1595.7254386238092,768.5787428256857,3598.2582394327424,1463.4812854262289,2573.9562936915336,0.102564,0.00
1743.8601139442474,2051.150590438535,2751.294780983418,911.6688716618526,2542.025642971946,0.128205,0.00
907.6628201823728,1923.7799004338726,3256.2681747963725,2623.8219950547727,1288.4671095326087,0.153846,0.00
1525.6666376269502,1336.1929678379593,1749.4385557843082,2907.1038581591474,2481.5979805916327,0.179487,8.36
752.3879172016821,3629.3909683555817,767.6783937712617,1461.5568379457125,3388.985882725763,0.205128,58.59
751.2949465238784,732.6075452516477,2225.1824300514454,3328.7622037314027,2962.152874441625,0.230769,51.29
1999.8353466465135,1268.9206369782412,3004.1328966982956,1944.3518759201506,1782.7592437567994,0.256410,21.89
2880.230122134311,628.2951461428191,1079.6705324548147,2911.1997270822144,2500.6044721858398,0.282051,36.75
3121.5837113977677,2511.6139336822594,920.4867587248505,2758.2906688250655,688.0249273700572,0.307692,20.08
2752.3200183307854,1906.6413846406738,1205.2333642255767,1863.9297798217417,2271.8754529812213,0.333333,75.88
3148.1643568683635,1815.9332973501357,1171.5193194729975,1861.4820686676665,2002.9009576408362,0.358974,60.29
599.6394755394006,2363.242229010271,1307.6720546420536,2500.9879910201735,3228.458249788102,0.384615,47.28
1414.9778526544837,2039.481021877745,3349.694891387156,2385.1133159780493,810.732918102565,0.410256,62.27
1495.5618359757143,2671.4065016123463,2029.4828316665778,3158.643503379912,644.9053273654498,0.435897,58.37
1481.9431106614236,4045.47062130427,1516.9381368147633,818.831754872613,2136.816376346929,0.461538,51.61
3324.396926446658,4053.182480141424,754.9099294134364,600.4361100609825,1267.0745539374984,0.487179,74.24
3107.4761304913395,3556.227760894133,696.6101823437486,1302.2459309612807,1337.4399953094983,0.512821,51.48
2237.7098600818895,1644.8679904185637,2322.337648638691,2149.119524287451,1645.9649765734055,0.538462,68.85
1442.940508137797,827.0532781052776,2472.745774766839,2331.072668736582,2926.187770253505,0.564103,77.03
2203.1109336473005,769.5486400986864,4722.533519227815,1188.925616894872,1115.8812901313247,0.589744,89.06
2683.943751603926,982.1542226196984,1089.7446520184671,2233.7816549244753,3010.375718833432,0.615385,118.26
1009.7024885881297,2191.4916486663465,1634.6830752637418,2801.959395458659,2362.163392023122,0.641026,53.16
1873.8924139753033,402.19705155878864,2403.8790654994045,3022.020756273778,2298.0107126927264,0.666667,106.89
2600.0824891825264,1713.5470385920787,2307.437307285958,2756.4682032686374,622.4649616708008,0.692308,86.37
2661.569498144868,580.7224624977282,579.8454681752515,3082.5661895680737,3095.296381614078,0.717949,53.91
1844.4688999349469,1868.7364725553252,1660.9181154291991,2097.2171944266884,2528.659317653841,0.743590,62.82
2658.1128804519467,1442.7218717432115,1795.6984785727695,2449.9682878430713,1653.4984813890014,0.769231,89.35
816.9531750387314,3079.0841865662696,1802.8022253031943,2382.3827363335836,1918.7776767582202,0.794872,95.57
1438.2326214720342,673.9237219283488,3723.762860327048,3460.1344097863293,703.9463864862397,0.820513,105.52
3625.71073142652,2324.4595401690376,1080.05124626688,520.0808116722825,2449.69767046528,0.846154,127.59
2234.564790906624,2585.779867792417,1409.178480026774,2925.343316009866,845.1335452643203,0.871795,102.31
1674.5454929320358,2785.9084050075935,2216.4781279649724,2701.493265778794,621.5747083166027,0.897436,126.20
2426.4017879443054,2612.781625844134,2413.165853600701,648.4607103609344,1899.190022249925,0.923077,154.12
2823.564971283044,868.3843796250796,1313.2697779054051,668.8478149638158,4325.933056222655,0.948718,90.46
1064.8621621272862,4121.9399918,587.3189194582754,1041.5052072448598,3184.3737193695792,0.974359,149.60
717.0398096164618,3535.7117439920694,922.7313812531947,1280.5403307688175,3543.9767343694584,1.000000,139.56
607.5984408399643,1889.5083866968887,3374.6331404945154,2238.5534127574624,1889.7066192111702,0.000000,30.33
652.995742664769,2808.0346741014087,1538.9334431206287,2646.764822849038,2353.2713172641556,0.025641,0.00
1630.7634851270027,438.4336972638543,2797.969285019343,2443.8918716092708,2688.9416609805285,0.051282,37.87
1793.8375996158115,1725.0939274816099,2943.6063166946487,2545.015291029304,992.4468651786266,0.076923,0.00
1006.6462473009468,1933.5110690986398,2595.36919438304,1207.3508574318657,3257.1226317855076,0.102564,0.00
1895.8327586722367,2698.5838414413947,2059.601043707601,446.1148814238251,2899.867474754943,0.128205,17.67
3414.9572116970044,1312.222087711002,907.3157427028648,3007.1706597816005,1358.3342981075284,0.153846,55.94
2822.7977459434046,2213.4671840742435,1114.2000847274398,3064.951345227293,784.5836400276198,0.179487,13.72
2608.159131652661,2550.2540751794713,2764.0392273266784,921.6543126660569,1155.8932531751311,0.205128,41.91
1740.5775286419619,1846.0079037522185,2793.623676872841,1761.814324046276,1857.976566686703,0.230769,5.53
2215.1263617465024,1657.7328075041273,3510.7412720153548,1114.3215386822806,1502.0780200517345,0.256410,34.69
1473.1332813893805,1154.112356678866,1492.512077906098,2948.048762957781,2932.193521067875,0.282051,73.54
1613.2998363857737,2167.113052103626,1594.4569306299227,1736.7784411251146,2888.351739755563,0.307692,21.72
2695.071965381597,1708.9097424696738,1016.1880326345344,2852.9302751393116,1726.8999843748838,0.333333,52.75
1118.1321025198079,2493.0255460399894,2367.223666935192,2336.4899513467262,1685.1287331582844,0.358974,48.01
2495.2399924702036,830.5921556944127,3416.265004270852,853.3516451744368,2404.5512023900947,0.384615,19.61
2006.2116013602085,3308.194272494616,747.6479100406358,1919.7708745078767,2018.1753415966614,0.410256,85.75
1535.4138468886101,1651.507415196532,1482.5312715621299,2656.0236368803508,2674.523829472378,0.435897,28.46
2890.384595301693,763.1019440711259,1510.5289194424993,1369.6635383745524,3466.321002810128,0.461538,38.81
1714.7515742293845,1780.452335439384,2137.4543680169672,1598.37147965731,2768.970242656954,0.487179,101.41
712.5532987578994,804.0833627475266,3522.187728455184,3243.549149138509,1717.626460900881,0.512821,31.85
1157.0132486276689,1545.3903174813915,2244.547724468691,2047.6939433659777,3005.354766056271,0.538462,76.53
1593.3833472057872,1840.6187388465587,1093.5413386434934,2739.680456862216,2732.776118441944,0.564103,71.65
2400.5840384608514,1583.4591122161542,2811.770113600942,1987.7562223124967,1216.4305134095553,0.589744,38.26
2385.507218553042,395.09757051221607,2565.3210267291392,2611.9234217418875,2042.1507624637152,0.615385,109.15
3947.4942367413705,1362.9909104454312,2430.176590527729,1499.5870469843692,759.7512153011019,0.641026,108.29
1969.9173981014817,2251.933149193192,2202.5261128916613,2382.6101582070496,1193.0131816066141,0.666667,65.40
2459.552301545558,919.8075020498603,840.2815574924742,3656.274983476078,2124.0836554360294,0.692308,124.24
2630.813971775421,838.0136406347243,1601.215803462758,2316.122433611849,2613.8341505152475,0.717949,85.69
2389.5568074987664,2762.40625485539,1441.5152301767187,1983.0758066492494,1423.445900819874,0.743590,79.88
2017.6392287336303,2190.765901681052,1848.5449831228154,1840.5065219589583,2102.543364503545,0.769231,75.42
2548.5840983033413,2286.605971301755,2307.168744925365,762.0233312960396,2095.6178541735003,0.794872,114.30
1363.9626631055291,2895.224281558345,847.055346219456,1672.724144668883,3221.0335644477873,0.820513,139.04
1749.3332433455312,1785.9097192485747,2510.609143530398,3091.6260109488317,862.5218829266647,0.846154,142.77
1647.242914667999,2912.0494271828393,1768.731172197034,2702.0748590541543,969.9016268979724,0.871795,86.49
767.7379205433388,3135.4569539300237,1914.2115418806807,1557.5133269671721,2625.0802566787834,0.897436,131.32
1963.582705771455,2036.1065206595654,1999.6048922409157,2242.650185970685,1758.055695357378,0.923077,84.74
990.4686592838115,759.7969327585512,764.2713288173621,2996.9857109089185,4488.477368231358,0.948718,126.15
1725.0600645247052,2730.7961468739763,2624.8435554352027,1283.7996104554652,1635.500622710651,0.974359,126.39
2458.2887746496153,2548.4544777875026,1748.6105491147114,1112.6322585313505,2132.01393991682,1.000000,95.56
2307.853002704843,1943.7771185990955,861.3113834671544,2142.944695845193,2744.1137993837137,0.000000,0.00
2594.991895961062,1710.4080533220124,2054.4740506856633,2634.673633504817,1005.4523665264453,0.025641,39.30
2278.046573158221,762.0039772407022,2783.802134687435,3529.263604298901,646.8837106147403,0.051282,35.00
849.9735134087208,2254.6531565538708,1028.6363353281788,4094.676933918014,1772.0600607912145,0.076923,20.30
1623.726527454083,1292.6725976846635,3017.3281892137484,3091.8597245363694,974.4129611111363,0.102564,0.00
2211.7650152243837,553.6945303247649,1979.7848512278933,2444.5710058965947,2810.184597326363,0.128205,0.00
1579.6973863739433,2680.5903652909665,1654.781580544496,2595.1736705797466,1489.7569972108474,0.153846,44.19
2023.383117277523,748.6336274196235,2675.0561284504356,2044.8907137484814,2508.036413103937,0.179487,49.03
4792.069829203277,1034.6056645168192,1301.6488682256477,1668.0613912027216,1203.6142468515347,0.205128,61.25
3997.196036014473,892.1829489252847,1020.4769312454308,3087.9568010316043,1002.1872827832084,0.230769,66.81
2182.270354583291,2298.320766143886,1552.94757036387,968.5763465996173,2997.884962309336,0.256410,10.40
2533.0784460688296,2015.6461345062608,1810.2752611580956,847.1419246908825,2793.8582335759334,0.282051,54.23
1996.8518698061157,1175.753890454093,1936.155874599062,2738.8237028415165,2152.414662299212,0.307692,68.36
554.7062435165737,1448.121157526522,2897.0028700243024,2122.278151820986,2977.8915771116167,0.333333,52.64
2665.7567280408807,735.8854900899473,1494.7513090927157,2483.1362653210917,2620.470207455366,0.358974,44.62
1728.2233954641372,3190.346616543689,2012.6691358412666,948.2504524217038,2120.5103997292035,0.384615,16.61
1499.9795002611463,2594.471988119254,1530.010388872973,524.1421556310887,3851.3959671155376,0.410256,91.11
2884.882982478686,1687.9166619297387,503.5055213654519,2572.01358030833,2351.681253917795,0.435897,57.23
3607.800177194495,768.134640372394,3601.7125739166177,855.2460851081704,1167.106523408323,0.461538,31.75
1466.570281691963,1832.8226685936804,2578.6259687279057,2008.047810372995,2113.933270613458,0.487179,29.55
2994.169550680942,1529.012355774235,2101.836901288619,3008.1596361097263,366.8215561464762,0.512821,42.45
3614.283884101448,2321.005157060937,607.4564451972242,1040.4576661853616,2416.7968474550303,0.538462,42.62
2600.041884126873,980.1223083239545,2553.2795210197455,2288.408220428658,1578.1480661007688,0.564103,33.57
2261.771652515274,2463.952459448381,1606.3840971638454,2184.37879254085,1483.5129983316494,0.589744,89.92
2545.7832578774323,2516.5793504397047,434.07798038387415,2026.0699323267054,2477.489478972285,0.615385,45.98
432.1492792616557,1801.6050993855852,2577.118391891097,1876.7912429600165,3312.3359865016464,0.641026,99.21
549.4552382257477,2643.342818062705,2964.5077205384005,794.143840579748,3048.550382593399,0.666667,90.44
2670.5103182115704,1476.0527188231604,2361.3870788998533,2820.703140241682,671.3467438237344,0.692308,64.02
940.8100449400868,3145.5452417801653,2740.7554713243703,1080.249683614017,2092.63955834136,0.717949,101.83
2695.230775219096,2651.399643112023,1244.9379638199862,1586.5828948856006,1821.848722963294,0.743590,121.98
2841.316186973197,515.3145977316823,2303.3874327928334,1655.582937369981,2684.3988451323053,0.769231,101.33
2806.3490571000807,2559.937986539579,1271.6933564905746,2626.446885027444,735.5727148423211,0.794872,110.87
2204.0495581492987,1569.4427224339206,479.6339562847634,2481.2954049319924,3265.5783582000236,0.820513,128.32
1843.5770536550192,2477.3337359904963,2139.313534570654,2303.504491063884,1236.2711847199455,0.846154,99.48
1997.76734562532,1818.4868472376165,1884.0316738965964,1514.4581460347085,2785.2559872057586,0.871795,126.18
2258.064547300386,1338.2878146467222,2746.1611391598467,1378.7685340539892,2278.717964839055,0.897436,110.18
2777.6118063015533,2027.9868898803838,2827.993228576674,892.8741343491706,1473.5339408922175,0.923077,100.84
1672.5571825962436,1411.2851770239852,2207.9029162448583,1165.6748166847674,3542.579907450145,0.948718,84.46
3434.0026844698473,736.2575248533685,2372.325062710778,2214.641961114568,1242.7727668514392,0.974359,113.82
2184.678580349618,2193.278701459135,1465.6095426741565,935.5672622412887,3220.8659132758025,1.000000,160.01
1002.3599438218846,2506.978787708343,2655.4849472832493,1288.781441550344,2546.3948796361783,0.000000,0.00
751.7058844621255,1046.177413402255,3012.404653538181,891.6871169840151,4298.024931613422,0.025641,43.58
760.5923989022972,2283.499778874081,991.4640020726457,1142.2798497605947,4822.163970390381,0.051282,15.02
459.75087601283633,2317.0261340354477,2659.154651342553,1595.5654159387357,2968.5029226704264,0.076923,0.00
1153.8032000814035,2614.4142997204654,1764.172658524093,2796.058583163451,1671.551258510586,0.102564,9.01
546.5905079410066,3324.7893703685972,2352.0134461626667,3215.069200457117,561.537475070612,0.128205,24.12
1610.0038211290253,1919.1359177089535,1788.6351531644614,2601.405514839165,2080.8195931583964,0.153846,61.92
1780.888833665461,2112.4587080127226,910.0098679849901,2327.411956862186,2869.23063347464,0.179487,53.30
3216.8585033026047,1325.2445389904533,1559.2782445726273,1948.2481583525223,1950.3705547817933,0.205128,17.95
3370.2556376331345,2252.870508471735,680.2587437524093,2421.303585814781,1275.3115243279408,0.230769,53.70
862.4181466280439,968.8894316243902,4801.9409686620675,1951.4946737770108,1415.2567793084868,0.256410,56.65
4056.8796810365,1218.4342120757258,1851.0593020661945,1323.7013577169273,1549.9254471046518,0.282051,45.57
666.5317721446937,2207.4503734134505,3982.851891894095,1478.231575839056,1664.9343867087066,0.307692,62.61
1444.504816141587,1031.230931913132,2871.672537795882,3901.9314901559455,750.6602239934535,0.333333,54.68
839.8471787634109,1942.8087780406165,2649.90288855205,1874.7018223735047,2692.739332270417,0.358974,9.08
2177.3516627028457,1526.7986982799036,1706.3506069821183,2447.8224044831068,2141.676627552026,0.384615,13.24
1447.5286050940103,2811.5734097283967,2327.006782971479,1864.566335173584,1549.3248670325297,0.410256,23.58
3566.7370962514474,2214.1104348868475,505.4142272944846,1416.5151094679009,2297.2231320993205,0.435897,92.76
1994.759786997466,1090.8924948437973,781.5142372764711,3341.2191703994745,2791.6143104827916,0.461538,93.82
747.145928516497,2040.290103843703,3186.581656765531,3376.2800585873038,649.7022522869669,0.487179,46.43
2095.1171180967526,2365.144957247938,1332.3733824695682,2456.5412001068466,1750.8233420788947,0.512821,84.07
577.6051761135602,930.8593751018087,3521.4093096764395,4010.9379531769127,959.1881859312791,0.538462,66.63
2052.1717560997263,1337.04594845342,2487.0089954001387,1677.7034684374682,2446.069831609246,0.564103,37.42
1792.2421336904702,1126.3842998913176,2193.300066639962,2024.687881683488,2863.3856180947614,0.589744,92.26
3054.1551944251705,1829.6047903904187,2175.9102913338584,1898.1963984782183,1042.1333253723353,0.615385,116.20
1868.6804685132117,1945.1522347247646,1767.015687982065,1921.4254221063225,2497.726186673635,0.641026,72.30
2541.919219250632,2549.055976797302,1135.1435730980277,1405.4393464642308,2368.441884389809,0.666667,93.60
855.9640372047313,2441.8086616572764,2378.414789616864,2413.779047960061,1910.033463561069,0.692308,68.28
1549.5816369149504,1359.1126347884588,2993.5341570714577,985.4770234838057,3112.2945477413273,0.717949,114.37
3010.9228248910176,668.1585323810085,830.0932247394807,3269.0716972766018,2221.7537207118908,0.743590,129.83
1964.9770120962937,2265.6107420818253,2739.5380968579507,1980.6195509477632,1049.2545980161672,0.769231,98.29
1573.0526121229916,723.3172545842866,2522.7860648473174,2604.8562280144192,2575.9878404309848,0.794872,92.06
1762.3012619213305,2022.0164153431058,2067.414977883639,1346.592648853384,2801.674695998541,0.820513,78.46
2306.1878798757402,2121.622915817069,1496.628902708914,1408.1968567136405,2667.363444884637,0.846154,102.06
1415.326972127578,2217.6973762391817,1605.9338393851585,2499.0174513014845,2262.024360946596,0.871795,109.95
3965.496742578783,669.5460878371565,2642.4551500747248,1708.6974247390147,1013.8045947703216,0.897436,134.14
2107.2370013611344,2827.367932253871,1943.848656998084,2174.2350898294853,947.3113195574252,0.923077,121.84
2214.9728937543905,452.0227788706936,2842.7711795783944,2952.1682629625375,1538.0648848339833,0.948718,158.00
894.5999008715957,679.5369172982278,2226.676845267887,4117.329983025303,2081.8563535369863,0.974359,125.82
2524.8002375367446,3546.0720356376564,1004.5111775866745,2202.8081296981154,721.8084195408082,1.000000,144.05
698.0205131968918,4194.884462346999,1865.8299942757842,1709.9866701076016,1531.2783600727255,0.000000,23.41
1734.0368896206558,2136.107899272508,2829.1665583351482,2658.931324448226,641.7573283234625,0.025641,24.74
1353.545813876863,3313.7924845686002,1630.5293379626173,3090.4335425985187,611.6988209934007,0.051282,0.00
1374.2967992037702,2216.338385007464,898.249663925444,1693.0864212199554,3818.028730643367,0.076923,36.42
3270.150204284829,1617.6053027013104,678.0271812944159,1144.9251090796938,3289.29220263975,0.102564,51.54
2653.041038756343,1161.371721191762,1819.8078336587707,2615.156583657355,1750.6228227357692,0.128205,0.00
1951.5083963655622,1620.1092044954673,1849.300358256672,1553.5153721879244,3025.566668694374,0.153846,8.78
2347.431071938671,1186.9651932320455,2435.3255444699244,2322.7895905386586,1707.4885998207,0.179487,7.17
3816.0443750247955,3080.18035234956,622.3277140423879,1516.1469501952781,965.3006083879783,0.205128,0.00
914.2760842318445,1597.7362913955524,2762.4280403573675,3633.823590584765,1091.7359934304711,0.230769,4.16
2199.282063518975,1677.34300520848,2618.923699799457,1156.1398771246857,2348.311354348402,0.256410,25.34
1099.6770481652031,3555.274589181112,3159.943904008138,1566.2844949299201,618.819963715628,0.282051,26.98
2088.7091786325987,856.140335211073,946.8821764357573,3243.2594044760913,2865.008905244479,0.307692,22.61
2048.7299363171683,1962.550298605114,1935.3127790339483,2131.4470543541383,1921.9599316896304,0.333333,32.63
1565.3682346149346,2931.3230721706595,2349.271627517477,2487.7181996917534,666.3188660051753,0.358974,21.81
2117.9954096821707,2170.059706929624,2939.14736710848,1186.5611260419187,1586.2363902378077,0.384615,79.32
2759.0026104189456,2593.592918938785,1867.3169781042502,2076.843090587305,703.2444019507162,0.410256,68.51
2817.723977641447,2909.1852459557745,2326.1158655525733,1428.7192400523118,518.2556707978923,0.435897,96.19
3610.334918438627,1383.6990072555363,2719.882356725675,1450.2843079610675,835.7994096190932,0.461538,65.42
751.9622658910206,1505.370930782278,881.0546047295857,3144.2681178650028,3717.3440807321117,0.487179,75.27
1688.7226707682837,1097.0864659711126,4346.013842105355,2127.923675947121,740.2533452081274,0.512821,62.56
2748.34670789018,1281.044568157269,2184.1729816299116,2945.9370363635303,840.4987059591078,0.538462,100.50
2715.252834423893,532.5652114726481,1752.1312397883498,3449.6795469610147,1550.3711673540934,0.564103,101.49
1872.96490492948,2519.2666012073664,1324.7392067404369,2174.414454752215,2108.6148323705024,0.589744,93.69
2349.571744874053,2942.946722093613,807.0776249613622,1535.6121655656673,2364.791742505303,0.615385,82.24
3990.145209697148,745.0607192445208,3970.162927771788,582.6038260263894,712.0273172601527,0.641026,107.06
2480.9302327310434,1020.5125550135311,2153.337544527573,1558.546350748764,2786.6733169790878,0.666667,110.39
3191.0970654749885,1642.5696151302202,1820.5807294923438,2799.488617732075,546.2639721703714,0.692308,125.77
1621.5742697939063,1548.15333782548,1011.5422340470315,3744.838750777294,2073.891407556288,0.717949,86.86
1800.250548858501,2776.134827112107,1536.5681625288507,797.6299397295344,3089.4165217710074,0.743590,118.37
2459.7654974675843,2842.9313576596087,785.4870722149034,2364.995440977423,1546.820631680483,0.769231,85.70
2691.1047792159666,2900.5715924801384,1831.1604487122959,1559.1165560894744,1018.0466235021257,0.794872,128.33
2489.3583737796816,1777.4853344875714,2271.5240201300317,936.9581825787516,2524.6740890239644,0.820513,136.41
1850.6310873047266,937.0355242474179,789.4594193091941,2832.083770882582,3590.790198256078,0.846154,94.17
2430.9032550849934,1873.429615245942,571.8110131328631,2779.229645039441,2344.62647149676,0.871795,86.25
1871.6723386019964,547.3858383151382,984.5269239996713,3372.3330362737534,3224.0818628094416,0.897436,98.54
2112.54426552988,2739.2886107003696,2800.2654107743742,715.8752891700523,1632.0264238253246,0.923077,113.41
2287.052952131823,1929.7092195854527,2105.8023466849104,1337.1566411849626,2340.278840412853,0.948718,133.07
3189.2918298898944,2027.259993356105,1341.3678461145753,446.4199902649716,2995.6603403744543,0.974359,148.20
2661.95665923666,628.8473994375003,976.4916510052769,2447.3524055766156,3285.3518847439477,1.000000,151.31
2559.183245872662,1118.8046020463848,641.9551895596134,2672.625906421212,3007.431056100127,0.000000,0.00
2988.9149800517835,1106.7598874711823,2300.8818519729994,376.75556011926244,3226.687720384771,0.025641,20.08
2564.6648948477964,2765.030822493575,2290.5040589249597,720.1796583278676,1659.6205654058024,0.051282,3.57
3087.2455919973568,1450.1133918292248,2347.022831382206,1726.7857775770435,1388.8324072141695,0.076923,52.73
1318.4981659170762,2611.874993401074,440.8028123824198,2066.0991037506283,3562.724924548803,0.102564,55.69
949.11260448378,2098.4985172813235,719.4723276607483,2638.6127556863885,3594.30379488776,0.128205,24.88
2109.0766433724857,1329.8085501955566,1737.0989214847625,1972.699905808253,2851.315979138941,0.153846,0.38
1724.5072189536277,2443.4020953669683,2673.9165304635667,2612.5095488217335,545.6646063941035,0.179487,42.94
3269.9338159032395,523.0682355606355,3161.644947284133,2362.5116570240525,682.84134422794,0.205128,40.84
2394.3302485343593,2763.537090036014,1730.4220614318813,2197.7558016383164,913.9547983594307,0.230769,55.07
1834.9855006504922,601.1823054132353,2313.5565647424696,2580.6140182116137,2669.661610982189,0.256410,64.91
2005.9030755244748,3953.7386456330223,602.5290532148349,2869.768696081815,568.0605295458524,0.282051,48.84
4554.318695614495,1782.616546250612,980.5325170525002,1044.5408150311002,1637.9914260512928,0.307692,32.42
2173.6516771088045,2818.7782520765627,1833.6993230340647,2839.200131610376,334.6706161701913,0.333333,42.82
2579.9102465070555,3869.709113000682,918.4832038809003,1821.2741081046195,810.6233285067433,0.358974,76.44
987.5391497653706,2404.166341579792,2201.8500724771543,2173.492289286326,2232.9521468913567,0.384615,38.34
2997.4515990742125,2085.251563702265,2433.2470581871585,1281.539918631484,1202.509860404881,0.410256,39.40
1735.3034003723535,1109.6315836045683,1147.5767051600087,3132.2167064978894,2875.2716043651785,0.435897,94.83
985.9157285644006,2034.928848720206,3569.5297879067966,1357.0930365320546,2052.532598276544,0.461538,55.30
1044.9065459433248,3570.3633557025037,764.951326615708,811.0536901030307,3808.7250816354335,0.487179,48.73
1849.0555735796675,1811.137123439001,2445.311892787661,2845.0652999695767,1049.4301102240945,0.512821,106.67
2762.105925135544,1919.2356285764683,2442.0230455987517,378.01689005725376,2498.6185106319795,0.538462,38.70
3182.027895542643,1839.880418733022,443.4614621265687,1963.945001923268,2570.6852216744987,0.564103,49.16
1343.9847897673762,2680.1969378373183,1309.8165346152011,3372.2675938789866,1293.7341439011184,0.589744,103.82
3174.8022770023103,2720.2113560765156,1475.4082045777984,1511.2459094885724,1118.3322528548042,0.615385,40.94
1172.17654917226,2892.5055717422097,1006.6257292282326,2637.334698036594,2291.357451820704,0.641026,92.12
1237.2462101959509,3069.08850154031,1590.8706644591123,2190.5243020425487,1912.2703217620788,0.666667,112.41
1242.5065073452165,3707.52488272109,1727.2755199088301,818.0901209540338,2504.6029690708306,0.692308,67.66
1055.7034423999974,1874.7142017828492,3112.371592649295,1487.9031204757803,2469.3076426920775,0.717949,94.38
3009.258610572288,1424.856235350512,1718.6536297530656,2571.141588759031,1276.0899355651031,0.743590,80.66
2610.5220769722773,2246.1335819695573,718.916207786488,882.0281540379441,3542.3999792337336,0.769231,75.44
1294.039238271475,2579.1623188747817,2607.4479956838286,3030.1858033874073,489.1646437825072,0.794872,92.85
1169.0580684366705,1212.3141675695747,3852.0435243839274,1195.7477137796009,2570.8365258302274,0.820513,103.20
2383.5392590696842,3651.12884555134,1358.401190043323,1442.7605015959612,1164.170203739692,0.846154,129.33
1820.5447390157035,1775.4671914199225,2455.8039722836356,1827.117907099369,2121.066190181371,0.871795,146.81
3554.2720535311028,1263.9223648781494,3049.4648914859317,1122.1986567298923,1010.142033374923,0.897436,119.37
2642.682463020321,2496.1934008251937,1612.2328990976087,1594.829083526095,1654.0621535307823,0.923077,145.99
2273.8746586478487,2487.120036583181,2236.835811397972,1314.3607413837378,1687.8087519872602,0.948718,123.12
3461.314100108645,2411.516739225599,2419.303936895546,436.59224974611726,1271.2729740240914,0.974359,85.93
489.47017279959783,2995.628661327568,2163.366066252442,2826.314222766488,1525.2208768539047,1.000000,100.52
1338.3292253440572,3180.445300801776,1933.4989853268112,2127.890537530537,1419.8359509968182,0.000000,0.00
1430.2128153136775,2394.686442695681,2387.6208566523487,1707.5768549424424,2079.90303039585,0.025641,40.80
3557.8628266509795,2992.3422509111474,1616.2539473018705,1240.79683462028,592.7441405157227,0.051282,13.38
1755.6607843123918,3191.973996376842,533.9644650970906,2896.8597177978895,1621.5410364157867,0.076923,12.05
512.7262413541001,801.9994743614428,3241.900469647263,3224.361877951201,2219.011936685994,0.102564,15.21
2959.263197587094,621.7648158030235,3475.507378102012,2029.9054270969132,913.5591814109564,0.128205,25.89
2563.704668121573,1442.295016912321,2475.3450055684157,993.290950827297,2525.364358570393,0.153846,0.00
1759.429094285137,952.9393576843498,2119.0642209319453,2659.264439821042,2509.302887277527,0.179487,14.93
2467.4623938526374,1469.0377104580166,2387.825461377924,923.8944720746673,2751.7799622367534,0.205128,14.78
1041.0961868550798,2466.969781500745,2470.9905175792856,1511.5521443079804,2509.39136975691,0.230769,0.00
825.6999428097857,2744.098504297867,773.3397183109748,2272.935983261737,3383.925851319634,0.256410,46.11
1020.9391216292671,1402.7635330655871,1442.3524472250087,4689.934598165467,1444.0102999146695,0.282051,22.35
2144.6454973574737,2453.640660000948,2534.000979055119,548.1328920141024,2319.5799715723556,0.307692,32.01
2675.0239589682037,2389.6344211783594,1207.0075344869995,1572.033090407168,2156.3009949592706,0.333333,70.07
3597.5027016508407,429.3591453269864,1327.5452736276277,3042.9436383492116,1602.6492410453318,0.358974,19.54
1828.5571258836185,2460.0686424633736,1574.8997304901422,1824.0148041657544,2312.4596969971103,0.384615,19.68
915.668493030714,529.1807184933608,2923.9146790455043,3365.124402213466,2266.1117072169554,0.410256,61.80
1377.3462238303737,3378.131166419943,534.8653872070455,1225.7322329370888,3483.9249896055503,0.435897,77.00
944.6911518667305,998.4793011802783,2465.171013005882,3934.243379203244,1657.415154743865,0.461538,38.26
3099.341743690089,515.150456125919,1464.1509438703392,2714.892441246688,2206.4644150669633,0.487179,96.55
758.3698657659043,1713.3167501616574,2585.8351473858897,3012.526528218568,1929.9517084679815,0.512821,101.50
1257.7578370631225,1425.0826809414227,2832.1318750253836,3226.4631594408343,1258.5644475292365,0.538462,83.67
517.4735907057188,1890.4156790781299,2498.287883580229,1957.4181868340424,3136.4046598018795,0.564103,102.70
1671.5832634184098,2103.3720721895693,3170.9783720457795,1806.299826946396,1247.7664653998454,0.589744,101.29
1731.3236130981497,2442.27079906769,2251.3000980944075,642.6524458005578,2932.4530439391965,0.615385,39.91
2363.833977585283,2383.0747573220465,1008.5281649264576,2006.515761786049,2238.0473383801627,0.641026,71.28
2219.7970008523043,4089.8082713115573,728.978206446283,537.7591787157994,2423.657342674055,0.666667,91.90
1913.2093093532542,3510.362943708097,743.3649638561471,1182.9165165321533,2650.1462665503486,0.692308,117.00
659.4490967389523,2034.5111833083142,2297.5835650728836,3019.8729708306914,1988.5831840491567,0.717949,102.85
2981.726372655459,1320.8159686086192,1148.4577068234844,3965.6365200084642,583.3634319039727,0.743590,117.05
779.5094656873607,2562.968484567477,2524.057763996225,2312.900666260524,1820.563619488414,0.769231,127.78
1652.1337234275018,2357.563342188601,2129.5215032073065,1879.131618012982,1981.64981316361,0.794872,97.23
2671.242749863178,487.8800392050252,1197.6751602650995,2667.875109379543,2975.326941287154,0.820513,91.10
2724.051470778099,2212.4947274892093,1535.5496369901625,1553.473972323935,1974.4301924185925,0.846154,132.32
2623.5001181210187,2750.214051212815,2259.9964549048877,2019.783482085781,346.5058936754975,0.871795,81.20
2936.291611233319,2782.795874276169,1061.2699648937917,1550.179266979943,1669.4632826167767,0.897436,79.79
1283.7853841972174,3376.7455515579686,1966.82401423873,1803.5463492632482,1569.0987007428364,0.923077,142.55
2186.964736549945,1857.7894675413363,2011.5995124851063,2181.348485944685,1762.2977974789264,0.948718,114.27
446.9654584031497,3075.468556714021,432.4814503557778,3219.362823606922,2825.721710920129,0.974359,82.29
2357.2745029853004,974.1701766483383,2607.6925563680993,1435.60987887111,2625.2528851271513,1.000000,110.27
2197.0785638899147,1664.3048051976662,1750.0804618544407,2196.165184918724,2192.3709841392547,0.000000,7.42
2342.2471403145173,1073.3271314299354,1585.0365575922694,3807.023636492188,1192.3655341710905,0.025641,32.78
2667.2792120446743,415.0618780120816,2383.3617675243045,1839.6209907850687,2694.67615163387,0.051282,22.76
3964.568541384713,2725.4230449703573,725.7991010648037,965.6516535966385,1618.5576589834857,0.076923,45.42
1861.8371299459131,2222.2796237108505,2445.6987543547143,2399.1495222616563,1071.0349697268678,0.102564,0.00
1680.2694850412327,2515.6104756423615,1474.6321381644827,2019.0034745803184,2310.4844265716038,0.128205,54.63
754.7291242195354,2005.240072412536,3352.8408280760636,1674.1915149954327,2212.9984602964328,0.153846,34.24
768.4359271824023,1793.7850349696475,2264.7435234368254,3046.0509362619255,2126.9845781492004,0.179487,42.94
2200.4817419297456,2173.774556586429,2176.201175522546,1034.022720945118,2415.519805016162,0.205128,33.05
1894.6670053041394,1224.8251531082858,1554.519228307436,1364.8445604300578,3961.1440528500807,0.230769,6.38
2983.9801707635684,2050.5242824276625,3163.904345402237,370.8431059061672,1430.7480955003646,0.256410,13.63
975.6508723458402,1729.6257404244943,1706.4139182610834,2936.3234205927197,2651.986048375863,0.282051,9.05
1342.2637715270066,1405.3360152991388,1016.9825881986899,3599.277595039685,2636.1400299354796,0.307692,69.00
3283.394942332412,1873.1852312859332,2314.939671404441,2031.3221872539516,497.15796772326195,0.333333,61.07
1675.0871918302234,478.23109164864036,1896.2342850538773,3160.0225341382966,2790.4248973289614,0.358974,84.81
797.1304903229305,3001.912095987158,3090.0716222830397,1239.2044076230204,1871.6813837838508,0.384615,30.94
2974.524561722404,720.975021954495,2996.963973825728,1736.041916196908,1571.494526300467,0.410256,73.46
3150.3916566930934,2073.137385392392,856.0702539256431,458.2849337826231,3462.11577020625,0.435897,43.89
1068.9454831580429,2202.3163806960256,3168.3239281680994,900.6201021786494,2659.7941057991825,0.461538,84.66
2670.4300837462797,2668.1656114426355,1301.0548988122462,941.8039391061459,2418.545466892694,0.487179,94.21
1174.0615813987993,1395.6767313189043,1481.8724795819628,2270.708223046004,3677.680984654331,0.512821,52.29
1532.794720003861,2798.932977346509,1805.691094706974,1916.3990313274114,1946.1821766152434,0.538462,50.94
1850.849971897446,1429.5937851245828,1616.2763786562805,3907.7136112513645,1195.5662530703248,0.564103,49.29
3520.954740274303,726.8612466315489,1889.0671248153194,3024.995820482494,838.1210677963354,0.589744,109.01
594.8871691802157,1876.1103024430856,1696.207393803828,2655.741861277244,3177.053273295627,0.615385,90.09
443.90418531553473,3311.9738664477272,1279.8823700002342,3313.6899194166003,1650.5496588199044,0.641026,90.21
2274.7948941734744,1379.0531230490578,2208.8197754568014,2421.4648175248453,1715.8673897958213,0.666667,87.14
974.7548945053618,4209.597254199234,1764.9553227955682,1172.3801181695835,1878.3124103302525,0.692308,63.15
1079.672580400439,2335.4172270161803,1860.2717937477094,2293.409799731976,2431.228599103695,0.717949,84.31
2075.2810814677664,901.1158609134803,3914.7383849689736,1422.0078349365242,1686.8568377132542,0.743590,121.67
1704.8638468241543,1649.9637592142058,2429.3797805584722,1859.4469011194021,2356.345712283767,0.769231,90.50
2879.061043091837,903.4501504348169,2028.263973779972,1970.9305075358668,2218.294325157507,0.794872,114.96
2448.962649275194,1703.73790486625,2353.3823942079234,791.7950621093305,2702.1219895413014,0.820513,66.02
2170.9673631577693,1635.1155469254247,742.0445264503742,2391.8057511681823,3060.0668122982484,0.846154,68.44
3451.8717122333746,1219.5094298902095,1597.438744177948,660.3889335836774,3070.7911801147893,0.871795,141.72
2279.4972460676922,496.3920582131636,1113.7377680117802,3866.913380706319,2243.4595470010454,0.897436,101.79
2282.8484376599135,2384.796467913952,1892.4289398481196,2272.2446220825977,1167.6815324954184,0.923077,104.01
1371.669184780915,2670.2835617251944,2965.993122516461,1667.5052060417945,1324.5489249356333,0.948718,96.40
2562.119035061682,1128.0825811238021,1854.1944177945625,1098.2823380779314,3357.3216279420226,0.974359,115.67
1602.819987715659,1425.6352969086875,1135.5256229149923,3111.0221054833323,2724.9969869773295,1.000000,106.95
1200.7477765230562,2409.578498623026,1900.6284770506657,2064.9048057231585,2424.140442080094,0.000000,25.51
961.3933569941285,1896.6428807674515,2074.144670045852,2228.1460694179805,2839.6730227745875,0.025641,31.74
2376.5067550215895,2687.65895741285,475.4473894182316,2693.7961215641535,1766.5907765831746,0.051282,5.15
2526.7274781701885,664.8623150864454,3094.211778336522,1004.3059230988187,2709.892505308026,0.076923,12.82
2569.438418202594,4453.383380133155,656.5736081789621,1663.3608035531058,657.2437899321832,0.102564,32.27
1546.6564782386636,2849.302656273085,2725.610143771928,489.4911198699527,2388.93960184637,0.128205,0.00
2058.5463429735946,2438.7733905735204,2779.117913439069,1748.4169384493089,975.145414564508,0.153846,0.00
2469.6529934416567,1420.8973600532354,1549.9805075897712,2959.3412183215282,1600.1279205938083,0.179487,42.23
2674.1477916868444,990.253811806126,1356.2068060931456,3535.9529781245656,1443.4386122893184,0.205128,28.54
2506.652762557619,2248.8922441160607,805.1720419713595,2165.4944079104457,2273.788543444514,0.230769,56.33
1230.3845472940047,2463.0924392481766,2641.4243969953377,642.6187634508723,3022.479853011609,0.256410,43.48
2858.3026132356604,1729.9782002979503,3628.3882333452502,1184.80596452934,598.5249885917988,0.282051,10.52
2295.847111823772,2596.883800002972,2566.4730725114414,384.2197548399123,2156.576260821903,0.307692,42.51
1268.8097854646448,1452.5341849945355,1107.2928763477523,2563.902041613534,3607.4611115795337,0.333333,17.08
2478.628161591547,959.9544238477185,1474.2659326731043,2506.0881474085627,2581.0633344790667,0.358974,27.65
1973.6129051978992,1802.591478575839,2959.0046175118073,2297.087657322898,967.7033413915572,0.384615,27.99
1190.714231134616,2535.9922372489127,2164.181464658381,1905.9202928069933,2203.1917741510965,0.410256,18.44
2629.1734380809357,2471.027425574297,2545.809850906622,526.5044454917328,1827.4848399464124,0.435897,21.72
3097.791412235985,552.3045243455705,664.6695868565057,2271.58484566806,3413.6496308938795,0.461538,57.34
1589.518440603242,2326.6150548452765,1658.8891678094708,3425.2357597708146,999.7415769711948,0.487179,38.61
2889.080416438458,478.72121850623716,847.4746337383177,3364.1755638235495,2420.5481674934363,0.512821,90.76
1697.7026725350274,570.2164907786951,2682.144418260495,2266.9466357234087,2782.989782702373,0.538462,31.18
2523.394984659076,1980.6722536595491,1653.2231972187963,3396.1193001033853,446.5902643591934,0.564103,57.63
3008.7060902258004,617.0939529063295,2839.6902165666133,2853.9853903503713,680.5243499508867,0.589744,103.92
632.8540365573061,3893.7055475414136,739.259222252294,2081.1443296469492,2653.0368640020365,0.615385,77.27
3046.953552220996,1252.1332606110693,1395.1193137454545,3726.844381903219,578.949491519262,0.641026,57.32
3152.083714483236,2867.9462494813856,1133.6647960264004,451.53304983081875,2394.7721901781592,0.666667,103.17
2911.2329892526354,1879.1187233527387,2670.574092102418,1403.3750384448113,1135.6991568473957,0.692308,126.91
1588.859905977482,1341.1680314751368,1956.5547716057633,1975.9156766121516,3137.5016143294665,0.717949,96.36
2212.7068790877383,374.5566151982446,2139.935465618034,2699.559838256514,2573.241201839469,0.743590,108.20
668.0336899109788,2779.8208198942366,2778.1657236782985,1744.2237665653975,2029.7559999510886,0.769231,57.54
1812.2915520167398,2727.8056065797014,1416.3669241508974,1909.099959429761,2134.4359578229023,0.794872,136.43
660.0515579672575,2731.6666440692848,1025.270075297592,4344.631325414045,1238.3803972518197,0.820513,134.83
2824.8178852269502,2525.470991795967,1589.192827462191,980.3814118944158,2080.1368836204756,0.846154,114.83
948.4984441738036,2888.737948817029,1633.6915490108238,994.4047880939627,3534.6672699043797,0.871795,123.85
1173.1854222460768,1874.2354305809808,1020.6248966207744,881.126120915547,5050.828129636621,0.897436,128.22
1640.4768258737151,2185.1263227226455,1428.8577286946993,3563.856240011636,1181.6828826973044,0.923077,121.91
3606.1937386106647,550.6553732161708,1721.1252308624437,1777.7552531208778,2344.2704041898432,0.948718,128.69
3204.2034419743486,2243.844614386754,1192.6089456466814,894.1991278288959,2465.143870163321,0.974359,149.52
979.3759554154836,2373.8496938277826,1071.6168074682282,2786.5026234022816,2788.654919886224,1.000000,149.93
2601.318704598395,903.0314177530719,1475.8442718688439,4070.7514980747465,949.0541077049444,0.000000,42.95
659.1117205955052,1305.181341079744,3563.7382987647543,2392.8364092632996,2079.132230296697,0.025641,23.04
857.0372444967613,824.3399172474517,2230.353000960697,3317.2849037572632,2770.9849335378276,0.051282,31.26
2652.8097005307473,1283.968750809377,1856.4148169196574,2021.8144939665583,2184.99223777366,0.076923,35.39
2796.307033120582,653.5608724400493,2205.6320522868905,2602.673954986476,1741.826087166003,0.102564,33.76
2661.9184787783697,1852.286597576501,2936.788981438472,901.48653135826,1647.5194108483981,0.128205,53.91
1839.4964080719246,2572.6674319972917,1454.9249261511386,1529.3552387676725,2603.5559950119714,0.153846,55.47
2104.6483507595963,474.10977960851085,1271.2392170416247,2695.6598309693068,3454.342821620961,0.179487,45.99
2575.299672152906,1427.4484333111118,2002.4845449039046,2677.4780181948554,1317.2893314372216,0.205128,28.99
753.9100104010101,2552.223564238906,1462.1336727909807,4390.643495850015,841.0892567190891,0.230769,0.00
2330.6140743677333,2482.544268218072,735.1873879277497,2797.075302775803,1654.5789667106426,0.256410,0.00
1510.8036066666418,460.46874011335933,3264.535997844704,2679.141650225257,2085.0500051500367,0.282051,76.91
1732.8207420075453,2442.7995236815104,2117.530717325834,1927.4086092672635,1779.4404077178472,0.307692,34.11
3393.8218914727217,2625.5638281513047,1229.4892548352273,1302.2585358429565,1448.8664896977896,0.333333,46.83
1041.9143315952613,822.1667597949348,1994.6266447973924,3086.881023200484,3054.4112406119275,0.358974,85.07
2408.120215610881,2535.9612659436525,1825.8348191442583,1071.0690337178132,2159.014665583396,0.384615,19.15
1333.2100651590122,2283.496471620274,4657.0891094819635,608.8385509474316,1117.3658027913198,0.410256,53.42
4294.465753636024,2606.445722601652,578.2366171774194,1055.7136804793056,1465.1382261056006,0.435897,80.96
1579.6451309897525,2709.0005270911142,1748.372630395042,1917.308220093243,2045.6734914308472,0.461538,92.72
2409.6983354834924,2161.4370315738324,933.9718560227242,2088.845505466798,2406.0472714531547,0.487179,74.21
3026.817860179492,2736.491943812322,1328.9230672571518,2229.2229786580065,678.5441500930286,0.512821,51.75
886.3620974406689,2341.0553116240844,2875.15105243192,1403.3727966408146,2494.058741862512,0.538462,51.02
704.521863558104,3164.4699892489202,2921.143965949924,452.79519863526355,2757.0689826077873,0.564103,90.94
1175.1145203552735,1272.0544907013373,3130.850477369177,1101.0813203777636,3320.899191196449,0.589744,87.62
1495.308930326981,2255.298226059197,2404.779159418414,3256.7958688172193,587.8178153781887,0.615385,69.62
3205.667644149238,3735.8418673569286,949.5761183487041,1438.1990623203917,670.7153078247372,0.641026,54.49
1570.6999305906102,1521.1117683496113,2142.385800300452,1760.7955116519884,3005.006989107338,0.666667,84.00
1153.3536224569634,3579.9741577400446,1021.418166707761,2554.482209477716,1690.7718436175148,0.692308,61.14
769.6069615698965,928.2734227979781,1205.709857434026,4335.3043758938875,2761.105382304212,0.717949,80.39
3332.981635338322,1217.6896152547283,3354.752592885419,496.9989682452213,1597.5771882763092,0.743590,126.95
1100.3853325166378,2424.2677106442065,2549.2295822526403,1815.1271544723872,2110.990220114127,0.769231,121.58
2510.0707531490702,2653.1485251756158,1688.6165973532666,2732.5516150406957,415.61250928135127,0.794872,74.05
533.3091306182699,2901.6038766333813,3357.9478494477603,1583.4332574074785,1623.7058858931082,0.820513,68.88
1617.8251448670314,1474.307110589505,2914.393425809452,2073.9943376082942,1919.4799811257178,0.846154,146.64
465.76793769565165,3769.369740332689,3016.4350137735037,611.9123235758268,2136.514984622327,0.871795,143.54
2011.1484716944003,2041.097165200416,2294.5587425779945,782.9420705181343,2870.2535500090553,0.897436,134.32
355.1353763394633,2858.457245710393,2592.3463601035996,2809.656711927626,1384.4043059189182,0.923077,142.76
1428.8484536686258,2475.453257933462,2860.1843082412965,1569.235303682517,1666.2786764740988,0.948718,138.24
564.687304619107,1048.7009736973923,3005.4038772949402,1031.2337286274526,4349.974115761107,0.974359,85.73
2666.4236321181984,1298.1132262458134,2534.0130578758235,1143.6421344976382,2357.807949262528,1.000000,104.33
1609.204835171412,3138.844213111888,1634.9246882253112,706.564945147546,2910.4613183438423,0.000000,0.00
1828.840710922062,778.1925573914586,804.8918018037006,2772.7697169846874,3815.3052128980908,0.025641,2.59
3072.1020225392795,1769.8460213433448,1645.6860225296361,3005.143894751994,507.22203883574616,0.051282,0.00
2036.3656680286915,1384.3952067432806,2918.044022022251,2305.761305461995,1355.4337977437824,0.076923,11.89
1054.65350187988,2585.307508563224,2773.1692975226197,751.8725596847279,2834.997132349549,0.102564,11.30
2127.476822998566,2071.6908951336836,1770.3149414701247,1961.1359523273184,2069.3813880703055,0.128205,0.00
1396.8801829966203,2898.13374116489,2266.5416034402597,2283.898273202753,1154.5461991954771,0.153846,18.84
3147.745941422343,2681.612601844303,922.957676379962,945.3007291553636,2302.383051198029,0.179487,0.03
2854.869410572433,1526.7100383245358,2952.9440234154954,1454.3168452420127,1211.1596824455219,0.205128,28.47
511.37543394131563,3142.481041150746,2903.32554324848,1489.439150011508,1953.3788316479508,0.230769,49.11
1776.40861667333,1958.0380480999975,911.0862467559737,3094.102044058936,2260.3650444117625,0.256410,23.19
746.3140896788371,3195.185827229114,766.5198395404734,1970.7662106515918,3321.214032899984,0.282051,17.70
1520.309812243115,1650.3603774359372,3102.4980518191824,2795.5495770380676,931.2821814636987,0.307692,52.09
4449.3415994984925,1218.4079667834596,1968.2583298084676,1399.7226507216933,964.2694531878877,0.333333,84.35
2006.2404299908094,1756.8670554030152,1672.6992455097845,3439.2314817941688,1124.961787302223,0.358974,25.25
3967.0196756194036,1043.1586183298466,810.4168501260209,2869.1346131419255,1310.2702427828026,0.384615,60.17
3556.927476669061,1258.546461644587,881.3383915494808,3407.489444799902,895.6982253369694,0.410256,80.79
2059.338151638112,2001.8355285638115,1660.2407072872154,2141.8487929079633,2136.7368196028974,0.435897,82.84
2570.8470968749225,3160.812258672724,1476.1705059238268,1714.2104498510116,1077.9596886775153,0.461538,23.36
1177.407947407203,1698.813030156892,2517.285766757531,2032.7988009248588,2573.6944547535154,0.487179,77.39
1721.9379287620272,2002.5450026667677,1628.4599437387928,4069.615442519408,577.4416823130038,0.512821,91.03
1982.8777687867396,3878.061579133951,1275.196861161751,1065.1293659708115,1798.734424946746,0.538462,78.85
1257.768413689802,2252.1299202770233,1798.1960883236202,2745.5914515380314,1946.314126171524,0.564103,84.36
1258.6721097310992,3695.4485913827034,469.2796564244395,2736.150575717718,1840.4490667440416,0.589744,47.99
603.0901255735818,1427.3533462326254,2308.154155312342,2692.4579307116464,2968.9444421698054,0.615385,74.81
2768.779192262769,1841.97058928721,1231.69092236936,1434.4319009799226,2723.1273951007392,0.641026,114.78
2891.5803722577602,3188.261375406272,1536.8292772401321,989.7542877360834,1393.5746873597527,0.666667,53.09
1829.4118226409737,1219.1285229612697,3051.295275016569,991.3513170339443,2908.8130623472434,0.692308,84.17
2296.9460067867767,1436.2026286530054,2551.447161485908,2299.44165858861,1415.9625444857,0.717949,57.47
2515.903700265451,432.0431394339055,2655.16690812465,2310.604355727329,2086.2818964486646,0.743590,97.17
4432.847171509778,1804.37563608612,790.5689619665677,771.4685502428531,2200.739680194682,0.769231,134.32
830.2447899683042,2650.751628245597,2408.3754597745997,691.2380969730416,3419.3900250384568,0.794872,86.01
3705.120697087422,1901.2126799829784,2648.0779255233833,807.0233261721368,938.5653712340792,0.820513,86.51
2506.2447706289868,1872.3477280291158,2736.950299373446,914.9116658785074,1969.5455360899432,0.846154,96.70
2781.547421836753,1307.5264984155378,734.0300731926188,2136.167550696967,3040.728455858124,0.871795,86.38
2189.916735118807,573.8740322089257,2229.3268114722055,2267.283313802579,2739.5991073974833,0.897436,83.90
2291.2289669558195,1961.0232170628517,1320.2389833085467,1543.7972994720344,2883.711533200748,0.923077,86.71
2483.5862874322215,2858.7492735525493,1253.1554173458221,773.1626151606085,2631.3464065087974,0.948718,136.86
2652.668019712679,1935.5990241265793,1286.9093928024058,2506.1076811621547,1618.7158821961823,0.974359,160.93
1916.087458587471,1160.5400583273417,2348.9125337154837,2474.58484061744,2099.8751087522623,1.000000,119.26
771.2067852081012,2660.024048042771,849.2468998387367,3051.8506702867494,2667.6715966236425,0.000000,6.13
3422.4601094419368,2420.370586506809,955.3801279714384,2008.7562998864898,1193.0328761933258,0.025641,0.00
2713.715883292324,1151.4231185228837,3241.6491336806093,438.5360544890401,2454.675810015144,0.051282,0.00
1925.89454580492,1609.4005906388368,1938.672383754499,2403.022505329171,2123.009974472575,0.076923,16.86
2496.8689443888366,3083.4062273849445,1902.7950508226913,1256.7745147040764,1260.1552626994528,0.102564,42.61
2007.6321757303629,1329.179155507022,2297.6601883884828,3385.0488268929175,980.4796534812147,0.128205,0.41
1418.6028636653848,1717.4934822920186,1319.1783111214247,3042.1635541690716,2502.5617887521007,0.153846,0.00
3104.519745279956,1987.7202562599327,1369.8587668543782,2054.030605784163,1483.8706258215686,0.179487,44.30
1245.008956220367,1998.2001413484847,2772.3095167210745,2541.7491548929843,1442.7322308170887,0.205128,49.08
2782.3049468007034,2205.7145354982886,1553.9071125382416,2799.119317663132,658.9540874996334,0.230769,8.47
2544.698995761592,1445.0757498087817,2583.4957305101307,1803.524460215448,1623.2050637040475,0.256410,38.72
3922.280640078388,566.9902586764996,3937.541647904445,936.5034124424509,636.6840408982166,0.282051,18.99
2002.6115784755154,2035.8229135900847,2289.2696125562816,1566.970620995261,2105.3252743828575,0.307692,18.70
560.7271647355692,4064.259187275337,2570.9646080791226,2092.97811033784,711.070929572129,0.333333,69.71
1682.5785106849557,2151.0528216714306,2423.1311411956813,1943.638331306485,1799.5991951414487,0.358974,42.62
1694.2565790025449,2785.946208785158,2576.5161338031958,2252.829415382826,690.4516630262755,0.384615,78.86
2598.7548120733263,1883.946176595989,2250.9413608610084,2383.721094412468,882.6365560572071,0.410256,36.18
3029.3328196163698,3055.6137268702532,837.5253033046284,360.8062995463545,2716.7218506623935,0.435897,46.05
2578.870153963629,2536.1343452642604,1672.9026550497756,403.98592973157946,2808.106915990755,0.461538,44.74
2374.0145508887426,2594.826090280088,3283.5832786265787,555.8145183869942,1191.7615618175955,0.487179,55.86
2833.5162627689056,1587.4403290963676,2935.0531301057836,1184.790295248391,1459.1999827805525,0.512821,38.04
2202.559483577955,2505.768591935846,2158.7187954013516,1740.163112879609,1392.7900162052397,0.538462,109.55
2229.5972991347903,1220.7374457900385,2084.038112013596,2970.3448779268847,1495.2822651346912,0.564103,71.89
2285.3472948358776,3326.4655229305963,1802.813130066421,1832.1900199514505,753.184032215655,0.589744,42.06
667.5194754473376,2054.9965610816157,2024.6099886622328,2286.8435113690102,2966.0304634398026,0.615385,95.53
2144.102160944447,2552.3535444204454,614.1662389254933,1223.1375096425957,3466.240546067018,0.641026,101.74
801.9754526664932,1750.724201838257,1278.7769699254995,1318.279207356208,4850.244168213541,0.666667,105.02
3194.8167632003256,1006.1426512484975,540.4467863818609,1659.004504681938,3599.589294487378,0.692308,88.91
1256.6120768157032,2736.086079290163,1180.435470153668,1136.793399157192,3690.0729745832746,0.717949,78.00
2265.4963746831245,1798.1405179986289,2189.5105888321773,2344.877889681749,1401.974628804322,0.743590,119.46
1311.5152806992344,2875.0462099709325,2192.423571707271,1046.0160718995235,2574.9988657230383,0.769231,91.55
3123.203857485902,484.60214611127384,3709.307984643428,991.7678024185553,1691.1182093408413,0.794872,101.85
2513.1020493661053,2175.1552733870835,1970.3140050850675,911.0179143601713,2430.4107578015723,0.820513,136.58
2621.766938491126,2355.6668304927507,2328.75809362985,466.92042834807415,2226.887709038198,0.846154,93.27
931.4490850127971,2020.014778545033,2819.5128055584814,1065.0837077238452,3163.9396231598434,0.871795,76.86
1992.6971659837245,1312.9409089546855,1435.8638193067031,2819.41453573857,2439.083570016316,0.897436,142.40
3268.909522938015,965.1485558387611,2380.2696779490466,2734.1175217944383,651.5547214797401,0.923077,79.78
2392.188324126528,525.7101933493418,2874.7509896975243,2428.4056546350203,1778.944838191585,0.948718,138.35
1931.728319295372,2280.4226535346766,2412.676458814899,2755.2445881726994,619.9279801823532,0.974359,139.27
2144.594126086078,2840.977389997185,2573.936006716645,1497.2268963147778,943.2655808853158,1.000000,163.51
834.9522235347546,1630.6386606416422,2179.312898587085,1950.8491420661671,3404.2470751703504,0.000000,18.48
3528.499435653802,1113.7282397862264,2129.302241092961,2443.791317538793,784.6787659282179,0.025641,16.50
1049.223933270269,3670.3736772940683,1706.451687685068,3011.361127478797,562.5895742717995,0.051282,21.44
571.0620710967482,2418.745893931603,3347.256950052613,1360.0890600490293,2302.8460248700067,0.076923,12.95
2751.938873013889,3164.2768085470807,882.5041693608567,746.0889891916142,2455.191159886559,0.102564,25.57
1739.6344683082807,937.5804082228265,2106.368248671167,1177.956681979339,4038.4601928183884,0.128205,36.06
1054.084578548101,2616.2703409723463,1757.7078271321543,2778.9130868931634,1793.0241664542352,0.153846,0.00
1799.3859745888026,1413.5502153438072,2277.902097815276,2602.6431770345403,1906.5185352175727,0.179487,41.84
2280.749774363388,2088.466328234329,1773.3795643966885,1457.9399498498033,2399.464383155791,0.205128,34.03
1256.4794192573804,2407.1761381692213,2661.2199860096507,720.1907704771486,2954.933686086598,0.230769,17.71
2002.4767623142754,2934.457240059932,1224.7436030449453,1867.2491828922427,1971.0732116886043,0.256410,50.19
810.4470345037109,2474.6268864438916,2848.606875342752,2052.8984250576973,1813.4207786519487,0.282051,11.12
2103.7964870911765,2095.456595933017,1737.406890962413,1726.1125608039008,2337.2274652094934,0.307692,14.45
2535.7127910102713,1391.0511465517927,2333.7403163948215,2256.3679646978144,1483.1277813453012,0.333333,23.23
2594.384271053876,1953.8283037274236,421.92360960477146,2188.9809187093333,2840.8828969045962,0.358974,39.69
1425.623097816028,974.2291318115189,2574.186279980754,1445.116829628121,3580.844660763578,0.384615,20.68
2857.7345234559125,1369.775048375192,2936.6247185196376,1125.7699321706802,1710.095777478578,0.410256,29.24
1566.2759852937047,2471.058972322769,912.6488564736535,2952.2396377028917,2097.7765482069813,0.435897,75.60
2312.865179103461,2636.831510686345,2247.1184504925927,2149.3519447581193,653.8329149594806,0.461538,47.39
2409.5260519289272,1236.0904362739675,3134.6146186620667,374.5650325171046,2845.2038606179344,0.487179,41.06
2644.218257561549,1323.6583536391884,1168.8463131696487,1182.2615342191061,3681.0155414105075,0.512821,64.02
1753.4355053135057,2175.1981569408813,2279.6726991909213,2441.4933633099117,1350.2002752447804,0.538462,40.06
611.6770025869009,2176.007284361472,2840.834064689535,1272.8254524049878,3098.656195957104,0.564103,43.62
1984.3385996425916,2185.348806515738,1867.663695169232,1420.663878004196,2541.9850206682427,0.589744,68.19
2602.7163243348,1299.2369447104757,1426.9916854955277,2203.7092830192196,2467.3457624399766,0.615385,105.70
1802.70692663852,2420.1142726475678,2575.0975290508773,2295.1459653166867,906.9353063463486,0.641026,110.15
1265.3978413421971,3660.6081870296593,770.1108692656637,681.837747987137,3622.0453543753424,0.666667,79.87
4617.938362791809,1677.3423682839623,923.6526933898355,2007.9168555060896,773.1497200283042,0.692308,123.24
761.2948974644116,1534.4362017577587,4714.986214396805,944.4252098213483,2044.8574765596766,0.717949,96.39
1608.0487961627855,2500.371157121521,510.67775505965056,4056.4944346584666,1324.407856997577,0.743590,104.66
2015.5525295523055,1077.3995162298534,1081.4473753747689,1825.148254277699,4000.4523245653736,0.769231,115.99
2685.1463133330067,1941.8271070877354,3237.2163159081597,1191.7331965880257,944.0770670830725,0.794872,89.89
2134.926514680722,1069.5021847566165,1900.4420361489697,625.5805349883533,4269.548729425339,0.820513,107.91
2409.370433923795,2021.2761790405696,1337.4422350387538,741.1842277831262,3490.726924213755,0.846154,103.67
685.0078074171469,1246.128546069619,3012.153447504846,3611.8191737194397,1444.8910252889495,0.871795,123.87
2462.8580066837167,1828.164299805113,3394.1991200553016,1594.5326714892237,720.2459019666439,0.897436,90.18
1273.0911615798695,2522.681802213598,1373.8869515779852,1992.065680656209,2838.2744039723375,0.923077,89.83
1791.6104887610354,1792.7617205303457,3998.393019743985,1313.790880943569,1103.4438900210644,0.948718,114.73
2185.889366757491,1056.1491767522311,697.6882479294959,2554.170417398498,3506.1027911622837,0.974359,138.18
751.6562486698261,3071.964008811182,1151.5737944915516,2031.5047379739487,2993.301210053492,1.000000,147.63
476.3606167134567,997.4143744279227,3525.4068506422636,2541.440633867109,2459.3775243492473,0.000000,37.72
2094.3340586703575,2205.569539606332,1436.0749967518186,1705.3901616558362,2558.6312433156554,0.025641,7.81
726.4358587103328,2882.629039359517,1364.8345393714928,2458.792236914106,2567.30832564455,0.051282,28.46
895.6114835865128,2893.1286772528792,1811.0863632273567,1172.0059243115186,3228.1675516217333,0.076923,0.00
1062.280142592864,1868.8183333535628,2595.9489524402065,1604.82239692462,2868.1301746887457,0.102564,9.73
1115.529586426299,2917.1662940487345,1426.5695890768627,2556.861121734848,1983.8734087132552,0.128205,14.26
1618.6743979081036,2468.521372103437,1766.3869660561058,1766.6340730368868,2379.783190895467,0.153846,15.53
3054.5571212944997,531.4602653224075,3941.3792703256545,994.1423785465273,1478.4609645109126,0.179487,28.07
2078.897244391074,1184.0119137151362,2610.0651791461214,594.5923824644042,3532.4332802832637,0.205128,68.23
486.18007622991064,2854.354562344927,774.5214423962188,2941.2465792440225,2943.6973397849224,0.230769,9.36
2625.6325292171127,1392.4801273384223,3741.61214722123,1215.011394453784,1025.2638017694508,0.256410,0.00
1552.305262377023,2282.104890673637,1442.8505951032798,2317.2324763400593,2405.5067755059995,0.282051,62.09
883.4894480514365,1119.6184539891242,3313.2317746374633,2885.715270513789,1797.9450528081852,0.307692,2.22
3129.8837234952202,1055.9294900389405,2039.165779679639,2920.0087805033604,855.0122262828394,0.333333,35.86
1314.2762942048748,2828.6357292989596,1306.5301616473048,2156.6818018584577,2393.8760129904026,0.358974,8.23
2232.8692352115477,792.3093885576399,2259.806358274347,2678.376542318789,2036.6384756376772,0.384615,84.33
2581.4306421357182,1097.3480611720365,2497.0988121156206,1350.771155949289,2473.3513286273364,0.410256,56.38
1312.4642240255007,3397.5068146531357,2097.498773512369,1531.9961001762097,1660.5340876327832,0.435897,65.46
2768.677451311813,1556.0695500317006,1387.327000901554,1755.2980131073678,2532.6279846475636,0.461538,42.98
3396.23366122761,1086.2225967769305,2207.8688234261085,726.8206767223236,2582.854241847027,0.487179,75.78
1497.2519593772777,2538.0792559966317,1007.8620911152096,3469.864078969142,1486.9426145417392,0.512821,51.38
1031.8856327205901,2796.1970463760385,2529.610959136728,1253.5415542122844,2388.7648075543584,0.538462,94.03
1631.0046616049235,1342.2642629760644,1944.2126064259378,2710.198393707866,2372.3200752852076,0.564103,77.06
2574.170282776716,1143.8448811897472,631.4195270110623,2642.3910396676415,3008.174269354833,0.589744,114.97
2853.5884847707002,905.5193736761505,1746.0435102477072,2510.7584115584664,1984.0902197469745,0.615385,94.30
1392.0669413992891,927.9826693282647,3256.786449394202,2342.3230021935387,2080.840937684705,0.641026,65.35
1977.8715888048037,2669.759808806732,811.3717233056776,3754.4157028067366,786.581176276049,0.666667,74.17
1005.5263428826803,1037.3524050823178,1335.194285081321,3897.2365490248358,2724.690417928846,0.692308,93.46
680.1107326074097,3523.1975335472976,736.0648583845885,2400.8643610229065,2659.7625144377976,0.717949,82.43
2319.509747472287,1118.634924052678,1160.7137639543491,2092.164712877115,3308.976851643571,0.743590,126.10
1791.0521882790383,2845.843386333557,1713.2369056201533,2100.605972157956,1549.2615476092944,0.769231,124.03
2171.358520029936,2319.8611085745574,1988.987190327173,2951.4971071136633,568.296073954671,0.794872,97.59
2877.7225829784343,2282.025753498643,909.3352059623938,2177.8739525482392,1753.0425050122897,0.820513,125.40
2848.1975435516224,1590.8202881570041,998.3657374302409,1325.1621760072437,3237.4542548538884,0.846154,98.77
2502.04292761288,2634.733409445891,3315.3518017541114,464.3718545989067,1083.5000065882114,0.871795,107.12
2539.099498749178,2450.030738749503,1383.7710956651827,1114.7111550502352,2512.3875117859,0.897436,110.01
2003.4862539678306,2534.9733110690177,1666.4822235818153,1841.7204725036797,1953.337738877656,0.923077,80.11
856.8079987106548,3359.4793896102037,3459.2335799462385,1775.0288194518791,549.4502122810252,0.948718,145.26
2464.418960726206,3240.9987217883217,607.6508167715564,1307.9044191323342,2379.027081581581,0.974359,155.42
821.3113772532143,3053.7510602965795,2982.526255718467,1255.4887433809095,1886.9225633508279,1.000000,144.97
1551.130355384941,2856.353504093177,2128.768591628587,2119.487825147031,1344.2597237462664,0.000000,21.90
1743.847717350117,2448.960034037012,741.2611073970595,4088.975830887632,976.9553103281794,0.025641,0.00
2189.419184772011,3398.0984453144606,2357.1157233927493,1325.5926447671932,729.7740017535865,0.051282,49.57
738.3185726118271,2363.9051610298184,2960.1758269107354,1908.568253335165,2029.032186112455,0.076923,0.00
1373.2947825116737,2684.471638741404,3064.010432498585,2110.9523604807678,767.2707857675704,0.102564,42.95
1871.8967443242489,2314.4885439013347,2757.4782925218183,2092.944560203697,963.1918590489009,0.128205,27.59
1766.5250794721003,1832.9042716207182,2138.825514465119,2310.008257859044,1951.7368765830176,0.153846,22.05
1066.0260318230373,2747.5018537787287,2852.720491954334,683.0494715844961,2650.702150859403,0.179487,6.80
2121.399586793417,1891.8727656101444,2339.7021243116515,1076.3442226234506,2570.6813006613365,0.205128,67.40
2171.2200510530974,2719.9252544644296,1435.144445946857,635.6914041904048,3038.0188443452103,0.230769,41.83
886.8888973937655,2560.265098561843,2813.504949144014,498.56539806890544,3240.7756568314717,0.256410,1.12
1717.4223304295053,3507.5010209797674,648.1556072876407,3167.375586864946,959.5454544381394,0.282051,68.89
1601.7975231795244,1207.6785742655056,4690.881299771598,1311.551814449713,1188.0907883336579,0.307692,45.16
1162.804377866513,2998.09007746897,931.7888043212669,823.6103223649168,4083.706417978333,0.333333,79.81
1432.4769576668762,1831.709435245751,2835.327802302307,2267.2172989648952,1633.2685058201691,0.358974,46.51
3426.179704986511,1534.5257052227955,1234.6360583400278,2691.715208033189,1112.9433234174774,0.384615,25.06
2546.1862227549764,753.3298170878999,1906.6861907072232,2479.084356522518,2314.713412927383,0.410256,28.95
1928.8002221835866,3302.147591205005,774.3437023981248,2251.5479773404,1743.1605068728832,0.435897,83.85
1503.7902916513738,2394.831270769485,2565.854955464113,2435.2757833539436,1100.2476987610855,0.461538,48.68
1465.068097898424,2096.2150587460646,2236.395111408555,2650.199494066275,1552.1222378806824,0.487179,80.22
1640.6439552560078,2299.2835307934174,1879.05278582286,1916.315441493995,2264.704286633721,0.512821,48.53
1272.5453445715848,2823.2517156814306,2548.235207070406,838.3501332024724,2517.6175994741066,0.538462,30.08
2004.1984061130543,1716.0803838471659,3146.0911819172684,1485.082971938172,1648.5470561843397,0.564103,48.92
1870.5330525434083,1559.382503882145,2641.663581820162,1492.5919018432742,2435.82895991101,0.589744,88.08
1764.639201766378,2794.8540119592594,545.3421948412865,2062.8485148635446,2832.3160765695307,0.615385,59.02
2231.929603609494,2881.2174016575495,994.61709589542,2933.7196403867215,958.5162584508159,0.641026,85.61
3248.8379079661777,2110.684129761879,604.8257838061927,2673.4844076941117,1362.1677707716387,0.666667,105.43
635.0567736513913,1872.595626543198,3724.6860554245654,1166.2960400543718,2601.365504326472,0.692308,71.85
1500.9345538699147,1139.251473892884,3291.5897384877053,2417.3607875173084,1650.8634462321859,0.717949,99.02
903.2550881038195,3103.9611569704834,3342.100748216797,935.4280795901716,1715.2549271187295,0.743590,120.15
1844.2729190860273,2653.2807181690937,2433.4191924182846,2339.615594644779,729.4115756818161,0.769231,63.10
3042.8698138375107,1593.2137205746146,2489.979781763475,1211.597526834509,1662.3391569898909,0.794872,90.49
2197.189048899056,1627.6720123951811,2523.210802019439,1818.5520991885721,1833.3760374977503,0.820513,127.95
1563.3059428468985,2148.851181706072,615.1761500087127,3357.256468023543,2315.4102574147737,0.846154,71.07
587.9281966204348,464.53162817668954,3393.741924000387,1520.0629708298977,4033.7352803725908,0.871795,103.45
2134.6565370247317,2863.2263608605103,2825.3737995456813,1288.9876684851254,887.7556340839493,0.897436,120.11
546.7178345973837,2379.7287129484703,758.6349680209061,3072.771678869107,3242.146805564134,0.923077,81.79
607.4946018948144,1468.5988949552532,3874.5702698525643,635.3297148116802,3414.006518485687,0.948718,142.73
1688.886253173914,2742.680156126545,2164.8165143004435,824.6856242455432,2578.9314521535543,0.974359,126.81
2179.4340744761485,1475.196351984874,2019.5846834311599,3238.888235762297,1086.89665434552,1.000000,121.46
1707.799641341433,570.0745798039911,2104.934547161651,3097.2789470296725,2519.9122846632513,0.000000,5.51
1850.261734216659,1490.1821890273154,3253.5267856777036,1827.6511366206676,1578.378154457653,0.025641,6.35
914.1859216987729,3060.622340868928,1269.6536824181965,2733.6134163965653,2021.9246386175382,0.051282,0.00
2871.848923499833,2390.285930131639,2966.5189163354257,827.1383910587244,944.2078389743776,0.076923,0.00
2884.301916004385,1027.5643554818982,3210.4961543420613,1414.388584076404,1463.248990095251,0.102564,36.62
1435.045900486742,3423.8405777662306,2591.5800278624015,886.3064134247534,1663.2270804598738,0.128205,0.29
2558.6207767574306,813.0778151527547,2162.944580641254,1537.8433662778316,2927.5134611707285,0.153846,48.69
2371.3770796697936,671.5247203807775,3386.357991432309,1530.9115356864893,2039.8286728306302,0.179487,0.00
2653.6189226469137,2942.6826331285774,2459.571697619288,524.0836439800871,1420.0431026251329,0.205128,34.38
1945.0631758187594,3369.3173189900085,1907.3725643474904,1999.1264997933768,779.1204410503664,0.230769,19.53
2686.388631104995,1482.8992482467283,2052.442957209208,1430.1712270243095,2348.09793641476,0.256410,17.43
2501.726716486885,1897.6918823838068,1395.5625614912385,1301.6733094793171,2903.3455301587524,0.282051,48.45
1635.007484696546,1974.5625805671498,3641.466003381827,540.7067484643751,2208.257182890102,0.307692,79.81
2753.5033491921267,2629.0076086815293,1096.4286781708051,1355.019136261857,2166.0412276936822,0.333333,54.05
1129.1537885408939,2388.9444391260263,1780.295523506305,2791.2288233559043,1910.377425470871,0.358974,83.26
1557.5337003381223,2100.147807587379,1896.7250881449115,2298.489417814163,2147.103986115423,0.384615,26.43
2785.8799093622656,3107.971590073148,1884.4415979890916,652.915678314933,1568.7912242605632,0.410256,82.83
749.7918942838426,911.2952694937767,3238.292806786016,1702.442657006623,3398.1773724297423,0.435897,25.26
1295.806086166001,1067.5868917023172,3128.6691624255927,2253.5011905721244,2254.4366691339646,0.461538,44.55
803.8426483105454,3881.48416068043,2306.0780284614225,751.1720800200227,2257.4230825275786,0.487179,74.66
2465.133572591779,2799.569613556456,652.8875926596048,838.7978110840486,3243.6114101081116,0.512821,56.14
2437.0885191772845,763.8895358287095,3168.1696726897812,1259.202799599877,2371.6494727043487,0.538462,43.49
1936.1059099641432,1916.66778688922,2556.5902247267068,1041.2449626629527,2549.3911157569787,0.564103,108.27
2639.5956669875036,2329.7161552034063,2668.293989210573,432.9527393544081,1929.441449244109,0.589744,52.73
2284.8042966705416,3310.0327180533245,3431.3953759332317,463.75451899793063,510.0130903449717,0.615385,67.50
2728.6833558327794,1823.201615839456,1275.2977007349898,1552.1349532811275,2620.6823743116456,0.641026,67.68
2621.312747976442,1849.2229732494084,2413.451328742775,1436.841353848778,1679.1715961825962,0.666667,48.55
2546.188142400474,2327.834215525424,888.7357420906482,2254.3305066894836,1982.9113932939715,0.692308,56.15
1610.927414190191,3994.9272165743578,1794.4018388873856,1705.8571864434803,893.8863439045862,0.717949,70.86
1026.2477705171314,2751.8377096174936,3301.1158147691835,883.8502113021082,2036.9484937940824,0.743590,67.30
4270.936940838019,2257.1197545728555,1451.4147798516567,953.8858142478798,1066.6427104895884,0.769231,81.80
2504.9300416414353,3109.5756320955074,406.98263823188563,1339.3723502877633,2639.1393377434074,0.794872,84.60
1718.2452533113913,2536.1752318164895,3700.8411683601425,582.8121483275168,1461.92619818446,0.820513,66.54
945.6745571137589,1529.476530791134,1741.5506686506917,710.2970828012134,5073.001160643202,0.846154,81.47
1871.316759179026,1905.0184707054796,1163.1687203886197,2299.2859188457674,2761.210130881108,0.871795,92.15
2451.7596373626866,1783.5946360540834,2364.063367207629,1352.3143950120407,2048.2679643635597,0.897436,84.76
1919.4540791702007,2996.803294291999,585.6121675641568,545.5109328069175,3952.619526166725,0.923077,95.37
2122.1458877287414,2475.6792583073347,3255.239021205037,1244.5217546345004,902.414078124387,0.948718,110.87
2925.314734839637,2934.041274840628,379.1200106526692,2977.25529937756,784.2686802895047,0.974359,143.02
1937.715084515632,1167.6189968549072,4068.909042176916,808.1572381110548,2017.5996383414906,1.000000,100.59
756.0326203947255,3219.8524776284503,2677.06024196308,2345.3130046455003,1001.7416553682425,0.000000,23.55
2348.6749760650314,723.8853533250245,3724.953610616454,2658.1367548766184,544.349305116873,0.025641,9.00
1874.444227961099,2233.029328297596,612.8691778955038,2139.9420622288512,3139.7152036169505,0.051282,15.77
1004.2772146646375,2893.786585049399,598.6386468352538,2854.487130741365,2648.810422709344,0.076923,19.05
1947.6297421676734,1932.035295557086,2005.0754648761167,2799.2920723325274,1315.9674250665985,0.102564,0.00
871.5442872042024,3370.87863377448,3396.6288213847115,591.1195340626914,1769.8287235739128,0.128205,13.30
2421.843117608279,652.0960686921985,3414.918688480115,2478.8170400170843,1032.3250852023225,0.153846,31.36
567.8591467296727,2394.1212648041005,1513.2354318735065,2513.2490591426945,3011.535097450026,0.179487,54.74
2726.156146844179,1861.496745327199,1569.4220999167542,1051.5663538295767,2791.3586540822926,0.205128,33.07
1206.2047869272476,2724.245335456447,3456.8696084162657,1351.6263582278646,1261.053910972177,0.230769,4.80
1402.594980416816,2144.367044668691,679.8664860813005,2591.747298016298,3181.4241908168947,0.256410,56.50
819.0049040777207,814.0337028330923,4132.042815512829,1043.823399402641,3191.095178173716,0.282051,4.42
2175.5131389780013,1803.33668389687,2692.437089171498,1343.0870243935085,1985.6260635601232,0.307692,81.90
843.4591186928682,708.7519985014283,4871.941022120027,2547.962639945777,1027.8852207399007,0.333333,26.13
1825.1621573328068,530.3706091597661,1432.4237415116768,3145.518709607018,3066.5247823887335,0.358974,63.83
2817.831103950453,1719.1971022237562,2790.2482748428374,355.921467894834,2316.8020510881197,0.384615,63.53
1884.897333479199,1954.0297085410132,2012.999475603871,2479.1230811366777,1668.9504012392401,0.410256,33.51
1225.2399704707873,2425.007011251397,2601.7786509375514,2163.187138987383,1584.787228352882,0.435897,45.96
2790.7161653184803,2422.808457392296,2643.5947819123808,1055.806633663257,1087.0739617135853,0.461538,73.85
3456.330340877064,1409.6616906621693,984.4980620446407,1618.9883334629483,2530.5215729531774,0.487179,59.59
425.0634618232462,3371.46536601508,3203.596457274525,2375.320199357806,624.5545155293429,0.512821,68.43
1287.8132763586298,2897.0575441728183,2746.0549952105953,566.669250926323,2502.4049333316343,0.538462,65.28
1002.0652981525693,931.8165801383955,3692.745199847399,3121.8199047330413,1251.5530171285957,0.564103,106.44
1923.7748594129125,2063.40566979605,1308.4164313966173,2234.8894519653236,2469.513587429096,0.589744,47.84
3525.2184075537325,754.8946229972114,2391.976030077159,709.2971478700067,2618.613791501889,0.615385,46.35
2517.8080458980235,2913.1676997977033,835.0634532441957,2377.079364747444,1356.8814363126332,0.641026,74.42
2465.9178071078595,1884.2368647050098,2600.168714111374,1203.8830081814842,1845.793605894273,0.666667,69.28
1894.3897785078627,3096.329619008874,1657.1023530021537,2191.682988372554,1160.4952611085537,0.692308,118.74
808.2581490809472,925.6195729281675,2111.4069785451625,3726.7958745961414,2427.91942484958,0.717949,77.80
1242.2341710427793,3694.714505593053,1121.7219865343104,790.7845275676593,3150.5448092621973,0.743590,65.27
1813.247487936441,2615.9504242394123,1101.4476281684888,1277.1574983393027,3192.1969613163546,0.769231,64.49
2804.949601106899,796.9986003629598,3074.283532976956,2167.951161070341,1155.817104482844,0.794872,66.29
2924.342045604958,2097.495999244958,1304.412117582433,1994.5264078869416,1679.2234296807105,0.820513,139.77
2095.173615767989,846.5771575285767,718.4497418291124,3039.886020963497,3299.9134639108256,0.846154,71.43
1405.8899171627277,1709.712142787498,563.6456441086584,4089.2494240824076,2231.5028718587087,0.871795,80.31
2200.8855318104393,789.9568401929162,2116.451972820656,1365.3155530297827,3527.3901021462066,0.897436,147.24
3446.420910915264,1058.0973445377924,3119.8243394509504,779.5783747246243,1596.0790303713695,0.923077,103.28
1200.3159914677142,1776.762516754894,975.2957154428586,1975.3386299507872,4072.287146383746,0.948718,105.68
2095.7687019258074,2780.5656846465226,633.3223316305322,1527.5336526385115,2962.8096291586253,0.974359,121.75
588.6514768013027,3158.979429056576,2674.4565272561968,1043.8169913114566,2534.095575574467,1.000000,126.95
2077.8870207013806,2145.0667116170985,1917.276030711082,2108.0938043205856,1751.676432649853,0.000000,0.00
964.084882840405,1649.0368927656825,3943.181090942425,657.7445824868477,2785.9525509646405,0.025641,35.39
1522.6104695598544,708.5221915254155,1903.1754435405219,2227.9930330126253,3637.698862361582,0.051282,48.36
840.1296173960674,2931.9216391188643,1478.478085716861,3117.4169163937436,1632.0537413744653,0.076923,0.00
1199.3741575340805,1173.2046626340914,2774.033118631144,2555.2609237609145,2298.127137439769,0.102564,37.46
1722.1325037096203,2875.92878603711,624.5393141524929,1616.6402957684122,3160.7591003323637,0.128205,31.26
2729.6638726858287,1362.442748058619,910.368977656199,4207.036103761056,790.488297838297,0.153846,24.99
1693.1130471098186,2301.3812583842237,2280.2668466248424,2251.4435233090444,1473.7953245720705,0.179487,32.10
1305.1093402904933,2439.0041479648,2909.979799640308,2303.3894186665652,1042.5172934378324,0.205128,1.16
1741.8133710751754,2842.6385911608354,2324.1474432063355,1185.1144783812163,1906.2861161764397,0.230769,71.07
2758.3977979066535,1850.9346102957725,2995.0979968117945,988.3248301788917,1407.2447648068874,0.256410,40.18
2481.54803628106,1352.8729625891392,2751.101477100725,2176.100848648024,1238.3766753810519,0.282051,34.73
2270.923608450624,2099.2396446350976,2683.307040101944,1732.9476462346995,1213.5820605776353,0.307692,62.93
1007.8876055925934,1763.1585025774036,1708.4901310338557,2004.6555622794883,3515.808198516659,0.333333,72.58
2273.5238060305182,2364.6218024240134,590.487150417911,2958.372239102108,1812.995002025449,0.358974,79.04
4100.6273869840725,1663.2973486955043,1303.041625948066,2098.132632598805,834.9010057735529,0.384615,86.63
1910.1302314669742,2264.8260907395056,1436.363635710198,2487.592676723658,1901.0873653596645,0.410256,22.44
3199.8112404677627,1197.4685423252652,2854.7154472835296,1032.9544171206278,1715.050352802813,0.435897,71.89
3974.9271057112105,2257.322742324146,2048.47135360778,1103.6009995041957,615.6777988526694,0.461538,51.02
3273.9978143055396,1244.905996488397,1467.7906878867964,1427.0921169953374,2586.213384323929,0.487179,88.80
3362.7675363666453,1059.5697869039636,721.3095778806601,1825.4381707709852,3030.9149280777456,0.512821,87.92
1717.9724175572,3700.4485252996483,1457.7965501974543,1396.8106893465683,1726.971817599128,0.538462,32.73
1375.9575351388962,2422.982341669491,2457.389125648326,2261.088968059598,1482.58202948369,0.564103,79.71
724.0951370589476,4174.017136376363,2648.958217876576,1053.706880485023,1399.22262820309,0.589744,84.39
2009.1996046961613,1186.0897359709677,2849.0652452341546,2188.7930563950704,1766.8523577036456,0.615385,69.34
2433.278502586692,1502.4631880706036,2505.377532251325,1846.9393784087995,1711.9413986825798,0.641026,115.96
2066.4037969872006,1796.581700570422,769.410978840356,2242.572301770346,3125.031221831675,0.666667,80.45
2670.3525898873468,1957.5284838997245,2663.7273559493833,1703.693118314466,1004.6984519490792,0.692308,104.43
2016.0009890792285,2093.162240211663,3280.9974453556706,1871.3237948749559,738.5155304784818,0.717949,94.92
2632.7554165235483,1412.861517022932,1442.032246758319,1298.0504649830843,3214.300354712117,0.743590,132.95
752.5532015966277,2328.7770908321313,2567.9456292652676,2245.1250107230467,2105.599067582927,0.769231,130.31
3641.016717591165,1395.308826508804,1251.6674729820916,1009.3474347605306,2702.659548157408,0.794872,108.98
1854.591160591473,1698.5424556967575,754.4640520206422,2445.1366787843826,3247.2656529067453,0.820513,65.24
3183.5352379383608,760.2714564345198,1494.327290410834,1265.98494204044,3295.8810731758467,0.846154,71.84
1588.419657766647,708.7110406325685,2383.583275847298,3527.494167636408,1791.7918581170784,0.871795,143.42
2448.084631614683,457.3405952966577,1683.8394522643184,2927.1183837012454,2483.6169371230944,0.897436,129.20
1750.557269584664,2170.378177636516,1206.812773654575,3056.285477679333,1815.9663014449138,0.923077,80.73
3133.573046767447,795.0716025755559,3353.7865793330534,534.6355035371868,2182.9332677867574,0.948718,149.08
1973.3722908867296,968.632334715337,857.3672219019982,3355.4718050253605,2845.1563474705736,0.974359,95.60
541.8670037097361,2243.9689228238517,3203.2549611245718,433.15373528560207,3577.755377056239,1.000000,106.29
3605.9217380011687,996.5503487201179,1630.255865539725,2591.1545423574094,1176.1175053815793,0.000000,11.85
1118.473756710479,3173.0672008521083,2588.121346673708,1322.4961237804114,1797.8415719832926,0.025641,0.00
403.00524191827,2356.0396818105005,2600.4687334622386,2462.3309346766755,2178.155408132314,0.051282,15.51
1544.0669052818969,3155.065159091904,544.6557824135788,2122.7925515937595,2633.419601618862,0.076923,29.08
1865.414062511096,1289.8478579204873,2117.462504582649,2802.191818279424,1925.0837567063436,0.102564,0.00
1802.3753731108484,2372.55936605639,410.5160407263026,2799.608661743219,2614.9405583632406,0.128205,57.76
887.554697348839,4457.498967646574,825.7010201639166,2166.97614317953,1662.2691716611423,0.153846,3.38
1672.846769674782,2062.360487065329,2354.201767140651,635.5772580173419,3275.0137181018963,0.179487,26.43
1821.439136848066,2064.7010750459294,2045.8860003826596,2098.376774678648,1969.5970130446983,0.205128,54.14
1498.3589451752114,2510.5433798974314,596.6045862281709,3145.900973566736,2248.592115132452,0.230769,55.92
3551.1004522763633,1261.978721800591,613.7787794359422,2357.6415167181876,2215.500529768916,0.256410,0.00
2471.520431439274,1093.2202510665638,2002.2228812838932,1687.4148506294205,2745.6215855808477,0.282051,76.29
1716.4441359419868,2347.2810351318085,1665.9712288000164,2248.2030683008,2022.100531825389,0.307692,70.85
1255.0275567520243,5786.330669105941,1047.2181413611258,871.6575823620028,1039.766050418906,0.333333,34.55
1779.0144665803602,699.0289050078065,2236.1894287945315,1186.7624678674977,4099.004731749804,0.358974,82.46
1824.502685190158,2654.8665864224463,430.87034432348554,2890.25168931225,2199.50869475166,0.384615,64.38
2228.8763673050794,1560.9232945420133,2814.311492537367,958.8700962103694,2437.0187494051706,0.410256,35.38
992.4395003701364,1689.1470491279767,2927.9497250955123,1429.418222150866,2961.0455032555074,0.435897,23.53
1776.3038311496316,2209.904049453277,3213.5954327977174,551.5380327831675,2248.658653816208,0.461538,100.73
936.3106634721378,2351.7746897688176,1793.3423977898817,3189.578367238648,1728.993881730516,0.487179,77.32
1561.2174384819327,2810.847693697907,2522.161300822162,1823.805297391943,1281.9682696060547,0.512821,100.80
2643.403071332974,915.9048270790219,988.1135758763354,2624.489078379344,2828.0894473323256,0.538462,52.05
2386.6222763723295,1407.5876796362154,568.1854789607983,2362.25618859122,3275.3483764394377,0.564103,57.53
2207.3848293750652,2816.5620021602394,1249.17668469947,1446.1270654279463,2280.74941833728,0.589744,63.04
1370.1481421701876,587.1711902614331,3542.2158304714962,2253.6222312071814,2246.842605889701,0.615385,65.20
2056.958624509072,806.4722272543793,2452.53003089397,2266.8258862011935,2417.213231141386,0.641026,43.69
1529.2134648935805,2717.7174981389644,784.5388667061867,2289.8434985181602,2678.6866717431085,0.666667,115.88
2583.689756011532,618.2109804353798,3775.067134855033,1470.714456059438,1552.3176726386155,0.692308,105.47
2427.882127055993,2738.449265166069,670.9817482390035,1279.5711401055116,2883.1157194334232,0.717949,67.70
2126.262579485018,2295.545660959881,1964.008321321642,2230.8628167139773,1383.3206215194823,0.743590,71.18
2688.5458515150954,2526.960667311169,1983.79664669107,2446.0741218586327,354.62271262403465,0.769231,126.44
428.1306218004158,2004.750622542458,2432.130016688635,2411.6448130783206,2723.343925890172,0.794872,71.07
1433.5206090045156,1794.4140437511196,1449.5406153283654,2804.1837312933494,2518.3410006226513,0.820513,142.16
2867.271901646935,956.2994390610011,2634.478841579888,1191.1170703800638,2350.832747332113,0.846154,121.37
1369.0640543076652,1550.0581162284916,3577.0560070664196,2407.8171360412985,1096.0046863561251,0.871795,148.82
2265.1084515383013,2864.8896521147,3591.414609316544,694.2032560696294,584.3840309608245,0.897436,121.77
3076.1040961539916,1406.7447040100012,1149.810151328389,1172.9160412683977,3194.4250072392206,0.923077,85.23
2908.8050078281067,801.0833550335047,2584.0941619736336,1032.6813519938253,2673.336123170931,0.948718,137.62
1688.1411024112772,890.1403586861554,2196.4171624403234,2444.6600656984365,2780.641310763807,0.974359,130.60
2453.128745893187,2370.0227146471257,1238.748814042339,1992.6357796120274,1945.4639458053198,1.000000,162.16
770.080738217715,614.5927369662841,2714.320115665041,2570.3207322480653,3330.6856769028946,0.000000,0.00
2162.585543916834,2188.0345253357377,1616.8259885238874,1905.4426617882632,2127.1112804352765,0.025641,22.03
2268.8689745607667,1980.546491881536,839.432769348152,2239.4850385514956,2671.66672565805,0.051282,0.00
552.5229680086582,1260.2819430501959,2201.2376748339393,2727.468329587427,3258.4890845197806,0.076923,0.00
2398.1463567162223,1504.007878278594,2709.9868326871933,1247.239192117223,2140.6197402007674,0.102564,28.37
2565.4386297928077,2598.5746480281964,2046.7451564492528,374.6350125794135,2414.6065531503277,0.128205,0.00
1133.6121791253104,1958.1851570088593,1239.7669553850335,1509.8837863453712,4158.551922135426,0.153846,14.30
3076.7352081067725,1098.7558503179955,1280.4258213924802,2400.1132035281876,2143.969916654565,0.179487,48.32
3194.841573080417,1600.2506710321236,1726.3242920652829,1642.016656667753,1836.5668071544244,0.205128,0.00
2587.1688157704257,4348.056516759805,696.9590404003923,1635.2643901245735,732.5512369448035,0.230769,25.03
986.5880150129177,2228.808704364151,1333.3639319664971,2929.7240534525345,2521.5152952039,0.256410,74.13
560.2527737388457,2826.336460897473,2982.3558840021706,1282.0336597346734,2349.0212216268383,0.282051,14.41
1134.277293569257,2751.2539039526523,2639.439828773154,1847.1682693176429,1627.860704387293,0.307692,16.41
784.5913787682123,3077.9328755684273,3060.842015537025,1986.7987658963054,1089.8349642300295,0.333333,5.37
2123.2649359266084,2292.0442540580048,1128.8885798666875,1852.9951881496972,2602.8070419990036,0.358974,56.94
2312.0340355345206,1525.2534947216939,1719.7048207672078,3185.586804630555,1257.420844346022,0.384615,57.19
765.2873384661881,1468.935729656391,1443.548896900208,3179.828258859351,3142.3997761178603,0.410256,20.73
1714.6160687307097,1823.6872380409748,2376.272718422362,1519.6542642541986,2565.7697105517555,0.435897,28.46
1607.2920459602183,1629.803862866704,1886.468450060648,2232.3380700287976,2644.097571083632,0.461538,60.67
1659.6885230492865,596.8177894770156,1117.1877004738637,3322.385583840831,3303.9204031590043,0.487179,72.33
2669.94991368799,1647.0625904182004,1519.9044908540686,3055.364021388808,1107.7189836509333,0.512821,53.93
1707.143839618723,1757.39076436695,2074.2164065662732,3256.7878812510125,1204.461108197042,0.538462,64.07
1040.4480093208538,2077.5537890197193,2625.383016735082,1615.8996020782388,2640.715582846107,0.564103,102.71
1406.6727073260097,1354.1915754549723,683.5282682386936,3060.6111170332565,3494.996331947068,0.589744,115.33
1762.2787217599655,1908.7030566453982,2780.2091689153945,1718.497868016972,1830.3111846622692,0.615385,99.70
4596.061773020063,1813.1720520817619,1166.5260264345713,1136.3271894079853,1287.912959055619,0.641026,52.57
4761.862214826152,2334.478884580623,629.2002770653057,1202.3302251050372,1072.128398422882,0.666667,119.61
2183.12976750898,1392.53996713018,1379.2004160944293,2257.406129991333,2787.723719275079,0.692308,56.24
731.922161546945,1911.1384495031325,1003.6511317186482,2697.5536819396493,3655.734575291625,0.717949,114.82
2297.537976129671,1116.2526472277495,2720.611381047662,1123.2167119207497,2742.381283674167,0.743590,75.27
1888.0913523767583,2559.232732494172,2281.924329905921,2715.801620960432,554.9499642627178,0.769231,57.57
683.936463019188,1676.4080678050564,3077.138127964014,2236.0350742621176,2326.482266949624,0.794872,63.05
2749.1013854541,1023.815265409638,3029.721344334314,2059.115621153531,1138.2463836484178,0.820513,90.59
2732.935355794715,587.388145232443,527.0295220754376,2605.293078518034,3547.35389837937,0.846154,105.60
2894.392290343362,1149.9385062845465,2424.695663413523,715.7091645206805,2815.2643754378882,0.871795,71.21
3070.2591350349226,792.0244519462299,2155.7184117232573,2695.3062047823496,1286.6917965132411,0.897436,96.24
2955.335258780407,3327.321143990109,800.9336404207844,501.9325075785394,2414.4774492301613,0.923077,79.27
880.5807388143124,2696.5435915096245,2114.479165315826,2675.4736591103915,1632.9228452498473,0.948718,82.62
1294.174458946787,3148.157741934164,3580.60856803977,1292.386373469357,684.6728576099235,0.974359,92.24
1971.0612507683393,1417.794354516348,1074.4670653809526,4688.6848378609375,847.9924914734219,1.000000,142.38
2753.582559724247,1531.7945872187538,1883.4321582801938,1885.2191773925733,1945.9715173842324,0.000000,1.73
490.82306851668403,3590.5430301468773,2420.808925152796,1129.4683838369835,2368.356592346661,0.025641,0.00
1502.4151068854699,1250.7770857857806,2371.176021603729,2621.5049777612417,2254.126807963778,0.051282,10.70
797.411003940313,2608.9790720318633,1777.8756684527077,2257.2105018567695,2558.523753718347,0.076923,39.58
2469.3987686075748,2807.5774159523303,643.7167827550688,2779.8117441984136,1299.4952884866118,0.102564,3.66
2739.117373134572,2753.662281207173,2407.707759790087,935.4015596307253,1164.1110262374425,0.128205,17.55
1879.2155794733037,3149.898702454143,872.5355212013227,2432.530151305546,1665.8200455656838,0.153846,17.19
1253.7808110530764,2567.9562887828565,2347.6562395703713,2502.5938506509874,1328.0128099427066,0.179487,46.60
2047.6317439100708,2628.3918638341097,2649.0532232225924,2034.2266560271376,640.696513006089,0.205128,49.15
2033.559236902382,2968.8547907599573,571.3592964685145,1959.4339707014535,2466.792705167692,0.230769,55.63
1971.3195681207985,2258.055626488297,2319.7896551879735,1881.6273170424229,1569.2078331605087,0.256410,0.00
1359.874903340043,1135.8099865798295,1336.318127865097,4743.019618618905,1424.9773635961258,0.282051,14.94
2520.226471109773,2799.2679516271255,365.1634192218921,1475.6698813305488,2839.6722767106603,0.307692,14.00
1764.4820746879286,838.0998184919396,2009.1953170198863,4430.531575658219,957.6912141420273,0.333333,64.27
1342.9408235339233,2459.7181339134086,916.243240342067,2082.543497151553,3198.5543050590486,0.358974,26.00
2366.7048427618674,1350.9698135589585,1687.020029796907,2082.0103813948926,2513.294932487375,0.384615,77.12
1991.4519617581846,2433.1958056126464,2586.2628888586887,1731.322251350427,1257.7670924200524,0.410256,36.27
1327.3326712489861,1672.6265236739534,1626.4328259885842,1571.379398389709,3802.2285806987666,0.435897,24.76
2183.8192901426482,2195.7744489736406,1425.3124254079148,2508.0680507221687,1687.025784753627,0.461538,61.89
1613.4092697964247,2090.6188042519793,1882.611779170092,2110.949148545429,2302.4109982360756,0.487179,24.21
883.8042922339591,3548.8201071731673,2026.2075932404193,1329.2632045821815,2211.904802770272,0.512821,71.89
2971.557304041829,1132.4951456705173,2530.8766035562785,637.2252880507592,2727.8456586806165,0.538462,83.81
1367.707646209408,2047.3283484295835,4483.555516822596,1415.3498031359438,686.0586854024684,0.564103,67.22
1025.492180438955,3084.9896108615008,2895.5854038713987,1313.7204795289642,1680.2123252991828,0.589744,73.32
1232.8064534223843,550.4370173642747,1652.4874218147543,4602.0966553211765,1962.1724520774098,0.615385,96.13
2492.3080742192706,3319.4475236302223,696.1432631682542,1247.7904925596786,2244.310646422574,0.641026,55.82
3384.80072470613,412.5778029493817,680.6870783100134,2200.7671984505446,3321.167195583931,0.666667,122.86
840.0311608368936,2081.54057622827,1497.9505937882748,3015.1087792219555,2565.3688899246054,0.692308,71.63
1203.8148852628083,2297.380399236095,1262.3273686466366,2922.186080053629,2314.29126680083,0.717949,63.47
2153.069040668618,1520.5590814879413,2251.766855952875,2364.5129605226875,1710.0920613678766,0.743590,89.65
1123.3602149524884,2501.5717957161523,2453.473798595819,1256.5748073754662,2665.019383360074,0.769231,117.25
2463.567654936349,2663.7028188879235,1184.7491917188127,2307.867076606764,1380.1132578501506,0.794872,82.30
2550.9419419542983,687.0735951081982,1617.6893895686267,2542.9458849459115,2601.3491884229657,0.820513,96.69
2656.6456818602123,1913.677825256194,583.4530071578569,3538.2175228569467,1308.0059628687895,0.846154,91.43
1478.705463383364,2389.5492282059836,1089.1180945622268,2454.1344534022446,2588.492760446182,0.871795,110.06
918.3551780350579,601.2242920180718,637.006682811573,3267.7906256961865,4575.623221439111,0.897436,83.27
3161.1047955783097,3097.2815566773706,1832.6311672988516,1046.4132860584866,862.569194386982,0.923077,136.79
1995.592754502985,1125.5220316620166,2564.0880275444083,1610.5971529509463,2704.2000333396436,0.948718,101.05
1136.3982438347794,1184.561219745022,3138.807208640834,2213.9853973224663,2326.247930456899,0.974359,132.45
1771.9527136357099,2861.5135092187625,1264.5004547398266,3149.138501860829,952.8948205448721,1.000000,96.03
651.229652236336,2167.9790694893795,2097.7213113565294,2549.9160500187368,2533.1539168990184,0.000000,4.72
611.753935855094,3332.617983702394,3298.4296139831217,2009.2223051936026,747.9761612657882,0.025641,29.90
2796.9966860079758,615.9912223721268,2703.5011519111554,2552.473303013591,1331.0376366951525,0.051282,3.68
2587.934189264235,2157.0393419279,2493.7138930774213,957.8020223738299,1803.510553356615,0.076923,0.00
4237.655028563723,3059.7552451296256,922.199613977888,811.781594502615,968.6085178261479,0.102564,0.00
1123.2561834809155,1620.27078461655,3903.278002892926,1491.0846072169766,1862.110421792633,0.128205,55.40
790.3265633239887,1377.1419525540214,3640.18663272955,2913.2587671147617,1279.0860842776792,0.153846,0.00
2473.3491723783973,831.8806064194645,2234.7802043962315,1588.2661355508797,2871.7238812550263,0.179487,0.00
1374.1288995957877,1305.7702383582375,1044.4055744267591,4250.048060081999,2025.6472275372157,0.205128,19.55
2295.9085498910526,1690.005050955479,634.2813055669221,3056.3719461065034,2323.433147480041,0.230769,29.65
3496.883806570069,773.7136970774009,1146.1561494394475,2670.028770918429,1913.2175759946538,0.256410,59.58
1171.2338585514349,2975.4215308423554,2113.70099001206,2053.056848841005,1686.586771753145,0.282051,75.93
2991.551924679926,546.4969436769518,1744.5190312593347,4130.779463314933,586.6526370688556,0.307692,74.19
1399.6297677246414,878.1927862348841,2707.3963885661174,2737.1795008202266,2277.601556654131,0.333333,32.47
2305.463220472255,1528.5090092064363,1725.5780181546759,2161.5878326332963,2278.8619195333376,0.358974,37.05
1265.1518633925298,2353.802845431749,2010.8213227865026,2074.1792456563476,2296.0447227328705,0.384615,56.65
940.5288432356452,3486.462621420784,670.8123784633674,852.3550242563709,4049.841132623832,0.410256,67.84
2132.2363918746596,2458.9234936936896,2106.871293927176,1770.471138905766,1531.4976815987075,0.435897,19.30
877.9587905347507,3362.277364412986,677.9270413243752,2409.3360837138202,2672.5007200140676,0.461538,65.74
2420.8578377677636,2300.686199575145,742.3096144301203,3845.6284727905086,690.5178754364606,0.487179,52.42
2190.369989500661,2076.8746209324786,1374.842668968944,2233.450790645746,2124.4619299521673,0.512821,93.05
3089.5103067328027,3079.9428340283275,939.4354245925679,406.8162458867294,2484.2951887595727,0.538462,49.38
4494.5651566642255,552.3158957540974,1114.2833066508013,708.4704078446484,3130.3652330862265,0.564103,72.05
2199.631744603781,2542.045340736119,755.5061851565948,1580.2213226462927,2922.595406857212,0.589744,38.44
2882.561830775078,2344.8410272071847,2401.208685150872,1124.8059158898307,1246.5825409770348,0.615385,115.31
1384.6524161944033,2535.5012611333136,3316.3070521383966,1841.4675870501458,922.0716834837393,0.641026,83.97
1544.0881754067311,2489.560907632715,2640.341468706833,1948.5228103329694,1377.48663792075,0.666667,91.28
2706.4217470402928,499.97631978851933,1017.8629825730925,3264.141876216282,2511.597074381814,0.692308,98.98
1866.595218165987,1593.1165832307424,2579.358792346919,2902.5045668777752,1058.4248393785774,0.717949,53.20
2738.4417118716356,1075.5330446450582,1548.597914152545,2012.9056347941112,2624.5216945366483,0.743590,79.30
2568.538354140652,2583.3335509855356,1644.5217769265707,1655.6633426500387,1547.942975297204,0.769231,125.86
1877.5129668452307,1098.8118566032454,2780.6594225034514,1184.7262889127146,3058.2894651353567,0.794872,66.18
1831.501485171304,2257.829505725289,1184.8134578102122,2171.0780674415223,2554.777483851673,0.820513,143.02
2829.9322087731157,2424.401039343307,926.1705590922437,878.6392037643307,2940.8569890270037,0.846154,125.33
2105.287628352011,2459.520049338588,1405.6081311045818,2123.853051216469,1905.7311399883524,0.871795,137.63
712.8608677419935,3429.8195852200083,488.45682380933397,1998.9796786436127,3369.8830445850513,0.897436,83.77
3678.0270922796026,3188.348597046743,898.0327277543977,648.390481107434,1587.2011018118224,0.923077,116.33
2274.4907367524993,2519.5619249784795,1165.8769982996848,787.671179331688,3252.3991606376485,0.948718,109.96
941.9948359631248,1856.3412358003625,2259.2209069709647,2616.380552493524,2326.062468772024,0.974359,90.93
3369.1389116574187,2211.1422577516933,1517.5017434330405,1599.8033993893243,1302.4136877685228,1.000000,116.26
1246.2668993261398,3454.5869150502504,2712.6986081439873,740.9158791944437,1845.5316982851796,0.000000,0.00
3345.499945262758,2172.903668883213,2809.89970292432,922.5557628478261,749.1409200818821,0.025641,13.10
894.4087810912715,2643.1364725459493,3188.3968741430754,715.5035248889341,2558.5543473307703,0.051282,25.32
587.8445783673175,3504.409276719722,2785.2446641849187,1678.6974457889312,1443.8040349391108,0.076923,39.96
3278.5341876521406,1296.089644276477,1104.1647921311499,1837.6673369359646,2483.5440390042686,0.102564,29.26
3560.3227325049647,1173.9262420692723,942.8198540028627,1702.2720911048866,2620.6590803180143,0.128205,7.34
2630.704412471079,3116.1878276385933,2511.003992502742,725.8814757288144,1016.2222916587705,0.153846,52.24
1689.8036448763921,3454.6076601277346,1977.1350166182572,1531.7369541958851,1346.7167241817292,0.179487,29.74
2434.9054703840025,2630.741622457422,2434.498213888287,1391.7362353510869,1108.1184579192013,0.205128,32.52
1808.7827821528294,3061.2221016809435,1425.6367166638531,1271.0528333423301,2433.305566160044,0.230769,17.54
1831.0930005977652,2114.6187306733123,2037.71530728215,2065.521068471591,1951.0518929751815,0.256410,43.64
2959.6392963502567,3053.0035974512234,654.0189406104518,2853.4868116567573,479.8513539313096,0.282051,41.92
1841.2641833666542,2281.0675890476828,2625.3521352001485,819.475697116847,2432.8403952686676,0.307692,60.07
811.1095564525351,2979.463415270325,881.6435963014665,4784.524105103426,543.259326872247,0.333333,80.32
2623.290155766584,469.5532613255518,1956.6000576282265,2767.948707137802,2182.607818141835,0.358974,76.28
1345.4717876933146,2636.1761052486745,1752.129631956662,2754.978487703126,1511.243987398222,0.384615,38.64
3182.1280409507194,2629.028746710839,1652.1689410344907,1151.5373720770747,1385.1368992268758,0.410256,47.28
545.1625728300548,1451.6858045180634,1794.676276721589,4486.283963901916,1722.1913820283764,0.435897,77.31
2441.821889407449,799.9042439109701,2812.6846546693005,1036.2290749573756,2909.360137054904,0.461538,67.34
2121.510558103633,1084.2426471502274,3852.767855214559,978.3670410225786,1963.1118985090036,0.487179,32.83
2463.279988188336,2544.1139959056777,1760.9491316636381,842.7851845398596,2388.8716997024876,0.512821,88.32
3593.7787197433518,1048.3116320391994,1201.3306083575972,2961.2109799510895,1195.3680599087618,0.538462,96.64
2702.007397154145,1514.1590433010092,987.6656030242709,1835.400781167589,2960.7671753529858,0.564103,79.59
1967.039332596108,2446.1677673228714,1409.9307355706942,2176.353376560658,2000.5087879496675,0.589744,102.61
3035.3606735315298,1764.2077835731923,1668.630197663349,2843.4330245312453,688.3683207006844,0.615385,55.88
2367.8911739123528,2130.4808441770765,495.93166689221397,2780.538653797673,2225.157661220684,0.641026,42.77
1412.7940692850584,2580.940505012834,887.889219826087,1545.7670549150444,3572.6091509609755,0.666667,105.00
1254.4752679624635,2188.883075956708,2066.043107301039,1266.3106334685074,3224.287915311282,0.692308,81.81
468.6626130904845,3176.9659896840394,1295.732057403867,3255.4100554774104,1803.229284344198,0.717949,85.76
1646.0226280895897,2737.2759886054596,1531.995468933,2704.711669136544,1379.9942452354064,0.743590,109.90
2986.5036822596244,913.2735922226531,1696.950108829948,1713.0733616145728,2690.199255073202,0.769231,66.63
1059.2288658638677,2571.795956395368,2000.7444257252419,3255.8408639494714,1112.3898880660506,0.794872,135.68
1221.970453537553,2830.3348875401857,2613.751110047345,2728.9004832328333,605.0430656420833,0.820513,84.16
3772.14799578276,1013.2831851306572,2940.1001697432575,1746.5019223757204,527.966726967605,0.846154,144.79
2474.481412865948,1596.8379979402239,1184.397864592574,2387.114312667901,2357.168411933354,0.871795,133.48
1749.7696552869236,1357.8273224713666,2476.699588230739,2200.9545658997868,2214.748868111182,0.897436,98.95
710.9437015408541,3717.975510636855,2358.6017639469123,600.821744465901,2611.657279409479,0.923077,141.66
2259.2541651250713,3028.7882396592327,1947.2374365377623,2002.08966685033,762.6304918276054,0.948718,116.09
1831.1370947899109,2554.6815253072414,451.71627085289737,2929.5018187568794,2232.963290293073,0.974359,114.38
1771.6382239256411,2115.2158943289573,2220.6538896042207,2050.8461970900776,1841.6457950511035,1.000000,116.52
2794.1745067710945,2542.6773985942573,1069.0811023108554,2363.041794143146,1231.025198180646,0.000000,36.97
2697.059566994564,2009.4313014093213,2123.8098970646897,1554.8757664721838,1614.8234680592418,0.025641,0.00
4016.9695529117835,1552.0171569412823,1873.7899373030893,1732.70697928309,824.5163735607545,0.051282,0.00
3172.668555766646,1245.5440097664357,2499.890075137746,505.9096860210597,2575.9876733081114,0.076923,2.17
1270.8609447944104,3426.5412233959883,2354.009228194588,1451.6552342007574,1496.9333694142556,0.102564,0.00
962.8664943154004,1588.813198206003,1238.1507350882703,2959.7722246193366,3250.397347770991,0.128205,0.00
782.746274486635,2589.7979566096024,2545.838755409095,2514.719175461025,1566.8978380336432,0.153846,39.03
2466.6391911955748,1016.0227562805114,2700.348906435132,2331.277943173045,1485.7112029157367,0.179487,61.61
2267.4509315683536,1450.0357693634453,1745.2519159169537,1732.9534784248008,2804.3079047264473,0.205128,30.16
3072.5406558931677,2451.837898907831,1880.40268985453,429.7204754456713,2165.4982798988012,0.230769,55.00
2566.7415798002935,1653.6175379194362,1594.1876216082517,2380.8984688633655,1804.554791808653,0.256410,69.77
868.6391016470513,566.9786177114254,3046.0557127374095,2521.923250104604,2996.4033177995093,0.282051,32.84
1609.1680689313132,2762.127270133816,2239.750246906478,1987.3200569304227,1401.6343570979707,0.307692,3.39
3285.736224560849,629.5837897548352,3538.681292175225,788.1919830659479,1757.8067104431425,0.333333,71.45
1240.2719979241367,2477.8855539756646,1659.1175280949774,2974.187026922199,1648.5378930830227,0.358974,23.72
947.7209065786463,1793.0782385145353,2318.758448140347,2092.5035969193677,2847.9388098471045,0.384615,30.98
1595.8076004838445,2413.691890277553,2897.810167543032,1612.1822485518587,1480.508093143711,0.410256,91.55
1892.5708083777104,1051.4708531482042,1912.0505881480135,2545.178149854152,2598.72960047192,0.435897,51.42
1789.1250423836411,2807.7792115069424,944.649163797456,2004.380424123914,2454.0661581880463,0.461538,90.11
2993.5736404579416,1488.2561039196546,3041.233394224724,1927.1340368291756,549.8028245685043,0.487179,96.26
2234.750143784743,1789.3322788296166,2667.1543640419645,1231.282143468113,2077.4810698755628,0.512821,86.83
3262.423771456578,899.8444971769851,2501.1405967458336,2007.843338940463,1328.7477956801401,0.538462,42.94
2417.0747702759586,2042.6929703103362,2173.4908410798967,884.8229823141526,2481.9184360196564,0.564103,58.76
522.7283887698957,3713.180149826149,1871.9597563488321,1401.0347301800914,2491.096974875033,0.589744,81.35
1905.4543828352712,2377.472239855164,1878.212335690683,1719.3657829875565,2119.4952586313248,0.615385,42.03
2457.337689242455,425.68329115134327,2253.3544084142814,1936.580534769028,2927.044076422894,0.641026,84.90
3684.1594377704214,1941.4395712176781,857.3166076885387,892.9097415162863,2624.1746418070747,0.666667,68.38
2589.459868178935,2601.273304600614,1898.0753756960871,2175.5823728126907,735.6090787116724,0.692308,82.66
3815.2655102870717,1383.4833903094852,733.7110771408965,530.151536086219,3537.388486176327,0.717949,81.93
1331.1946828329542,2322.393137549546,935.2660585979816,2805.0145676522466,2606.131553367272,0.743590,75.44
3154.8143539227235,2951.070243960994,642.356138335367,582.6674779870259,2669.0917857938903,0.769231,97.42
1138.4012064842505,2704.24825094392,1796.155866331518,3623.6839277567556,737.5107484835546,0.794872,123.00
589.5889345504809,1970.9906819562689,1438.7457947869864,3084.223604718537,2916.450983987726,0.820513,93.30
2184.307874441841,1626.0952424359546,747.336216078532,2778.320635795949,2663.9400312477246,0.846154,75.19
1950.5922646910294,1683.9546512465129,2377.0632241263174,2031.653254590541,1956.7366053455987,0.871795,77.68
2089.8636381869155,2357.121115622128,2223.1537330274305,500.53669424527305,2829.324818918252,0.897436,93.60
1594.5277779800022,4467.993970765065,862.1821622907242,2013.9443139177113,1061.3517750464964,0.923077,131.53
2236.6276146430064,2613.6824091574917,399.7215805322466,2597.887764351883,2152.0806313153716,0.948718,132.81
2206.340020602048,2973.6810485372653,2072.2859873401912,2383.156937106683,364.5360064138116,0.974359,151.65
2137.4219345821352,3051.3162947322626,679.8869956056574,1499.338493969321,2632.0362811106233,1.000000,91.88
3187.1772838723828,1325.5584222424122,959.7828942491205,1127.3972157883136,3400.084183847772,0.000000,35.74
2658.473321464729,842.7072695873092,768.1413561526779,3070.492201974519,2660.1858508207656,0.025641,22.88
827.4068628096585,3688.3478392450797,1926.0388936672573,2300.137645503988,1258.0687587740163,0.051282,33.41
587.8536962327191,2795.454883598999,1193.694883667343,2303.186746261792,3119.809790239147,0.076923,0.00
2049.2867645145047,1486.3475579003498,1990.504326505956,2157.9351941256887,2315.9261569534992,0.102564,0.00
697.5615896350507,2435.240175447865,3016.205480884757,1726.2807126025161,2124.7120414298115,0.128205,35.20
2412.2412744149597,2566.9856003054383,2905.683525897733,1331.6191253164827,783.4704740653857,0.153846,20.76
3667.84503255066,2471.940037644198,1027.2528652080523,1007.3791190994622,1825.5829454976285,0.179487,25.35
2266.260675841464,1587.0453879424745,3265.3551886049718,1641.1363126151643,1240.2024349959265,0.205128,37.47
1478.7733325460924,1912.272715793786,2241.1064297238872,3744.7477806130073,623.0997413232278,0.230769,43.03
1065.581413236728,1754.9957738778785,1779.8414850393317,2630.477915787976,2769.1034120580857,0.256410,10.05
1578.8455778474925,3321.1436059992607,1759.5195625035046,781.1666157408748,2559.324637908867,0.282051,21.46
2484.6335258319587,2341.220846955308,631.5222091317673,1983.4571690413252,2559.166249039642,0.307692,63.84
1591.5353776324564,2282.0205648567094,2427.8649716657433,2519.026891646469,1179.5521941986215,0.333333,24.64
3173.005118818401,3249.878981926973,709.6740160158149,1184.0075428532143,1683.434340385596,0.358974,29.73
2479.2594653068286,2155.049933840261,1595.643989844206,3065.6483419463416,704.3982690623626,0.384615,55.18
2984.837699646289,1026.9939681791122,2265.8130610570697,2331.5175100770043,1390.8377610405244,0.410256,51.40
2873.044517489237,2922.743008474375,2322.463785572349,1356.6370133546418,525.1116751093964,0.435897,84.14
690.9539818321405,1981.7635346656778,2595.62290519068,2679.133091162418,2052.5264871490836,0.461538,90.01
1472.7604748981978,3277.4185099004435,1262.6677339604753,1634.9713244317527,2352.181956809131,0.487179,94.77
2430.4155515747566,1978.37231104841,2206.2523787346045,704.6134227987393,2680.3463358434888,0.512821,68.83
1310.7241881501345,637.4790218455843,2185.708174491837,3189.3699155595973,2676.7186999528476,0.538462,88.13
1755.927688499985,2528.6044641787453,1920.8573731020672,1687.617878101583,2106.9925961176214,0.564103,97.83
1869.169896953163,1563.3185790655598,1546.4514456754016,3268.4599833454376,1752.6000949604368,0.589744,73.76
934.8806345126504,2649.0956696670623,2417.6592771873593,2174.8285621783334,1823.5358564545945,0.615385,66.59
3146.2994307496097,2594.418335169068,814.3747753445707,583.1686606374487,2861.7387980993026,0.641026,51.25
577.0106458833895,2871.151589139772,926.8227681918306,3097.3102091719834,2527.7047876130237,0.666667,116.37
2375.7567202198225,1128.2188669726156,1620.9614346507244,1229.2217777081505,3645.8412004486863,0.692308,123.15
1714.0257533323986,1745.7119724471852,2147.68201435512,2577.3715735145406,1815.2086863507554,0.717949,57.13
1523.6469169523039,2921.082352460771,882.5218909349607,3958.0139746995687,714.7348649523947,0.743590,122.84
1712.1940742982065,2929.9505315497818,1535.5142778651305,1202.2607665394548,2620.080349747426,0.769231,83.51
3266.924110059664,959.5847383931984,3506.872412604095,809.4216221205425,1457.1971168224995,0.794872,93.53
2330.2816290157916,1784.4261867585706,918.2290202378981,2800.1686454295304,2166.8945185582097,0.820513,127.76
1486.3382677884872,2201.644236470882,2405.5188115093015,2003.514933433763,1902.983750797566,0.846154,100.35
2670.3861839701613,2390.4342393683883,1140.7733969241763,1616.7386369219564,2181.6675428153176,0.871795,143.82
1306.20576005635,1323.9327689336426,1781.8214257719098,2878.198340873643,2709.8417043644545,0.897436,98.13
2675.4888974791206,2069.592397681414,1195.1142365544283,2604.114376381765,1455.690091903271,0.923077,78.47
3031.7424252201527,2600.3639944857146,2018.5717388620778,884.7324244425093,1464.5894169895444,0.948718,109.04
2596.3231089082506,2519.5784005728365,1933.3339767925888,2314.725795936506,636.0387177898174,0.974359,144.21
3002.596493507788,858.3258267024319,824.9549573053268,1844.2927996266637,3469.829922857789,1.000000,165.18
3106.7711945682317,3570.4421145691726,559.0566217355602,743.947060472465,2019.7830086545716,0.000000,39.70
1939.1946015564517,2237.339955958647,2558.1038257024143,2162.5731567567245,1102.7884600257626,0.025641,13.02
3536.4047988314665,2171.796402587864,1474.0452107089468,1170.85157476343,1646.9020131082934,0.051282,0.00
564.4524082829289,3435.1185540589017,1660.8987103432971,2581.511036530656,1758.0192907842168,0.076923,53.62
2226.109359680806,1740.8258165220514,647.6349925307327,3006.6645997302476,2378.765231536162,0.102564,31.92
3438.321442427146,1240.6710519175701,534.6219737420674,2862.788415844595,1923.5971160686213,0.128205,54.31
1156.033859640507,2425.1561431098726,1690.1762089181882,2658.926621087602,2069.7071672438306,0.153846,10.17
3271.1957586173867,489.49034047573224,3400.623127380605,1723.8748662910857,1114.8159072351898,0.179487,39.56
2810.248132303885,2302.402145253298,1111.5468901367942,1311.844887107084,2463.957945198939,0.205128,67.17
1996.3314866785722,2709.0158523785562,838.4891393581627,2450.3855061332515,2005.7780154514571,0.230769,21.75
3599.043509312587,961.4459776916086,504.8635485998146,2259.9588820934014,2674.688082302587,0.256410,24.27
2707.4145175472368,2429.6751970538803,729.3712733331226,2175.922376261285,1957.6166358044763,0.282051,58.58
2238.436353563295,2287.9694295573454,1875.589255875821,2217.138513520219,1380.8664474833192,0.307692,67.74
2156.8690248997327,1816.7952485223643,1636.1396286098973,2548.027421378847,1842.1686765891586,0.333333,48.01
1208.7007678073612,1031.6613738928693,1593.9891160214756,2821.2462254633347,3344.402516814958,0.358974,87.21
2026.1321314457957,2247.7362311572833,2452.4262640178586,1857.5483819450048,1416.156991434058,0.384615,72.69
3973.605926825242,859.5397482854353,746.3810593669837,1505.7818619660832,2914.6914035562563,0.410256,46.15
1021.8016514732798,2677.8042590879195,3021.231355269648,1704.983387737375,1574.1793464317807,0.435897,71.05
3273.77674144187,560.121456626298,2891.46158309669,1241.6221907457136,2033.018028089427,0.461538,67.68
2081.444895384539,3175.590346048061,823.5963479593516,1613.1846211930551,2306.1837894149926,0.487179,43.27
1608.9564477954264,1883.686850012526,3013.3510458526953,1603.037132817714,1890.9685235216375,0.512821,89.48
460.43052881268164,3832.1737512678915,2425.9336835944596,2372.724319591123,908.7377167338432,0.538462,102.02
1874.383913960561,1677.5694210562294,632.9826021667517,3675.0123193676877,2140.0517434487692,0.564103,109.63
1152.3881567513604,2322.742656050079,2759.1740658189515,2677.4103253371386,1088.2847960424713,0.589744,106.24
1307.1373648577007,2990.5580767551537,1780.7984342519426,714.7356357744543,3206.77048836075,0.615385,92.87
2193.875608828861,1482.1773305417296,2583.7212226918405,2353.679395451189,1386.5464424863799,0.641026,112.45
1614.4466757739194,1479.356302131183,3197.6968663624225,2701.8146293401005,1006.6855263923744,0.666667,47.10
1875.7068531940808,1773.6946089955886,1027.461769004564,2414.137127244997,2908.9996415607693,0.692308,63.04
2401.0548391632615,1989.7897114920534,617.3606562064692,1532.4768622984,3459.317930839814,0.717949,58.23
3097.376875051772,3275.7105803103286,526.3116129654985,1885.5180470653252,1215.0828846070765,0.743590,69.92
751.3634265234971,1956.4609573599155,2745.542672302311,1299.8952435464123,3246.7377002678636,0.769231,69.85
1610.801259210662,1133.3455536601266,2943.454865536241,2921.429492690593,1390.9688289023777,0.794872,78.34
2594.051748515664,1988.6417522953334,1241.8449183447221,2852.148760833733,1323.3128200105466,0.820513,123.44
606.7826256404511,2867.2038218816115,2405.0412471239642,3324.4283792861,796.5439260678738,0.846154,100.45
801.2110142868654,3641.173793955494,2893.6631440410883,675.087906317171,1988.8641413993807,0.871795,70.78
4025.508307172121,573.369847757584,2056.5268743229176,1249.0831117003822,2095.5118590469933,0.897436,96.53
2942.138168734059,936.0420584601094,770.3755722208748,2743.0818934045815,2608.362307180374,0.923077,149.47
2430.847481719996,1905.3497292808925,2877.972846681071,1431.9754334093154,1353.854508908725,0.948718,132.46
1714.6512166312475,3690.2695796710586,763.1601629355496,2831.2430337047244,1000.6760070574202,0.974359,119.94
1109.5543826508817,2796.558213384524,2783.7275270613504,551.0164069315512,2759.143469971692,1.000000,119.54
1671.0223683504678,827.7226347571508,2536.5038850539086,2718.671047742115,2246.0800640963575,0.000000,0.00
3649.191686237711,1713.4292963130551,1962.0712615887119,1012.9024531635794,1662.4053026969407,0.025641,0.00
1818.153737817077,1520.2124159555362,3203.2439660156538,1764.4591782552384,1693.9307019564958,0.051282,0.81
848.4824429946823,2091.251582440695,3506.3128186534304,3043.061341608412,510.8918143027809,0.076923,3.34
2423.299742315707,2970.911067194831,799.8663661190132,601.6480691646655,3204.274755205783,0.102564,13.45
3196.968056270689,3100.4284967829226,799.1562154459613,2004.81114112659,898.6360903738382,0.128205,4.47
2889.721292958869,3118.4551640370887,2727.7111510201903,570.1296162040259,693.9827757798244,0.153846,0.00
1911.2491179045999,2278.929279473022,1517.5952251609842,2520.1811400520737,1772.0452374093184,0.179487,0.00
542.8552263616673,1229.0705290144015,1516.0021853339604,3535.2511777514414,3176.82088153853,0.205128,41.03
1399.2326979248417,718.8515647763362,2408.023660082637,1964.1589645713336,3509.7331126448503,0.230769,30.45
1075.046771958456,2201.3859450229606,2949.808200889711,608.906839251436,3164.8522428774368,0.256410,2.24
3228.8961955359114,3029.4153941551385,1847.6048775115269,1270.7585035309012,623.3250292665209,0.282051,62.19
2649.2336853022703,796.6010759803819,2141.3270608769617,1578.2141646124228,2834.624013227962,0.307692,22.04
1398.4478280506175,1562.1643521745289,2515.400482329988,3244.1704178811506,1279.8169195637156,0.333333,52.41
1679.303033854383,2709.442957852192,988.9349604540348,2197.607370511846,2424.711677327543,0.358974,60.50
1147.5701508005536,2136.354202466375,2924.981651756907,958.7968911514225,2832.2971038247424,0.384615,14.98
1669.894890024761,2286.106539685452,2057.5179934421462,1635.2813081919815,2351.1992686556596,0.410256,43.27
806.1632174339073,2718.1594843300204,2306.021248427583,1507.3632969412329,2662.292752867257,0.435897,67.87
2980.8429401139365,3973.34836440135,990.0414415239746,1088.3018934477893,967.4653605129489,0.461538,20.94
2698.1201982981856,713.1811409964005,631.4704947589684,2927.170099958037,3030.0580659884067,0.487179,57.04
3038.401938751431,1465.7817583940725,1985.3776417348258,1218.0533990953866,2292.385262024284,0.512821,71.12
1528.9424301810052,1587.4649112188515,1525.0597260655304,1620.9707778079357,3737.562154726677,0.538462,42.33
1079.7320862444783,923.2117892664112,838.4178240005348,3540.500137079312,3618.138163409263,0.564103,88.22
2465.9985791806453,1540.2540437444734,2741.4757185614867,1586.8317091147355,1665.4399493986589,0.589744,92.00
674.8269533306704,1425.6303261394223,3605.431871225122,1448.3087035598069,2845.802145744979,0.615385,105.43
2238.392236518881,2654.907765845199,1193.805731142593,2111.2398711662336,1801.6543953270925,0.641026,51.86
594.4684245118812,2498.2968154230966,2284.6858806353875,2288.7474424320135,2333.8014369976227,0.666667,109.66
1802.0207004538183,2255.750407527156,1978.2064813415745,2089.012726428955,1875.0096842484948,0.692308,62.74
3699.4919430414657,1130.6382893476616,1080.9500918568688,2416.05255430567,1672.8671214483325,0.717949,54.74
2272.6731472106994,1186.104421469089,2728.317788062017,1749.4866460664275,2063.417997191766,0.743590,59.74
995.1604239084263,3786.1102759392998,829.4994286392238,1495.8186866770059,2893.411184836045,0.769231,126.57
1710.600384263758,1230.5928333687593,895.8767780646057,3500.544467011292,2662.3855372915864,0.794872,112.44
2387.3004629901457,2724.852650390801,2399.4871057076443,2161.1682903037226,327.1914906076872,0.820513,81.36
2050.8501741167456,2217.9389180225153,3157.252314241136,826.281597572936,1747.6769960466677,0.846154,111.01
2411.010103051238,3454.835276246606,770.4209924039445,1450.7286243716383,1913.0050039265739,0.871795,92.29
1354.8117210527166,2616.0410119596168,1587.0637834431889,2693.711605300973,1748.371878243507,0.897436,89.50
1729.8328516627084,2044.762520996615,4078.270927010965,711.991335977956,1435.142364351757,0.923077,97.05
3839.2692906279144,2327.09157300154,1484.2525379831754,1342.2771755095,1007.1094228778703,0.948718,112.44
2213.8740362439576,716.1812697250095,978.1371858667355,2632.2213871547997,3459.586121009499,0.974359,139.05
2174.1551819384704,4101.409412678093,593.7852065775795,2205.558198444114,925.0920003617425,1.000000,87.78
1148.6020490368694,764.8011161954583,2913.5851125155837,2753.3096493830462,2419.7020728690422,0.000000,10.22
1536.0306301675457,2611.4864324443,995.3469974183134,3903.9887639633653,953.1471760064757,0.025641,0.00
461.28832752943674,1783.051917823001,3142.7625207611095,2155.5297781761815,2457.3674557102713,0.051282,14.21
1913.6618524608157,2562.394248289721,2357.362809026815,1306.2374833843476,1860.3436068383016,0.076923,0.00
1203.9253179721816,931.3403158856197,4196.188598021954,2867.7654267791577,800.7803413410868,0.102564,46.81
3281.1783160322093,1208.4781254548886,2131.35771157704,2487.161905443515,891.8239414923469,0.128205,47.07
2454.611705090826,2589.0445449224035,776.119902211988,626.8778243448336,3553.3460234299505,0.153846,49.32
2330.4912078329135,2669.808155277196,643.0009532781454,2377.3700031776934,1979.3296804340519,0.179487,49.12
736.2951467984137,2689.397541493134,2798.5845505942307,635.4949559040201,3140.2278052102015,0.205128,50.70
2726.6844201686517,801.8010319391973,1769.4129277837799,2171.973211423814,2530.1284086845576,0.230769,39.20
2023.1209870886855,2834.0950118851074,2074.4694428932876,2561.755320995508,506.5592371374118,0.256410,75.49
775.6982766624509,3013.641116096845,2893.105289297422,1474.1484464857037,1843.4068714575787,0.282051,78.68
565.5448277038402,2207.51258718053,1751.2510189688257,2068.1055588492295,3407.586007297575,0.307692,18.36
3449.0300516434927,1358.2726445100143,3539.0231888547305,678.9611977341899,974.7129172575727,0.333333,38.31
2555.175724224139,2216.271338774315,1087.223480132438,3119.2854286993174,1022.0440281697904,0.358974,62.69
1719.500682084296,1703.1967757077548,1242.0779531865705,2793.408796471752,2541.8157925496257,0.384615,30.35
806.8267590568815,2310.2282384962177,526.504215564352,3062.80764770615,3293.6331391763993,0.410256,73.55
1294.0334905000313,1567.673209715236,2345.4526385125914,2552.5655363812643,2240.275124890877,0.435897,58.19
1940.8727020434624,2509.1302776351595,780.76931655958,4096.480544829518,672.7471589322786,0.461538,40.86
1216.3368300476634,3635.8581715351343,856.0589520366638,3368.1580750178596,923.58797136268,0.487179,97.95
1432.4954595984716,1488.2550926164884,3623.4965003067878,1504.3503249884807,1951.4026224897698,0.512821,66.40
1344.518088195446,1815.2388531627682,1114.644570290351,3590.077081577291,2135.5214067741435,0.538462,57.29
467.927382163622,1756.0693791550123,2250.38435453544,2228.660531926291,3296.9583522196367,0.564103,95.83
3326.3307305637595,1837.6911823337725,1050.0272211011595,1878.4977895089226,1907.4530764923852,0.589744,92.23
2104.934122015261,4133.972547670373,1631.0616283653626,749.0765140502496,1380.9551878987525,0.615385,66.42
4625.781378907018,689.9837852472225,1369.404667270778,1967.4083900492403,1347.4217785257424,0.641026,47.10
2286.3131110740546,614.9883322931847,2425.4987039349,1700.086502130166,2973.113350567695,0.666667,112.46
2009.0875058135318,1050.5481104833884,2516.176463527228,2473.9265201072594,1950.261400068594,0.692308,84.86
1263.5958319502906,2519.899724529921,1967.1848899201411,1667.10108268629,2582.2184709133558,0.717949,77.80
1563.0954074777762,2787.846843051489,1206.7174400840343,2013.596014182078,2428.744295204623,0.743590,63.29
2167.7287422680597,2080.7482533498496,1284.9722301285308,2217.1986634637788,2249.3521107897795,0.769231,63.62
2685.52367368763,1614.7926587031789,1450.9614729036377,2679.9783873953647,1568.7438073101896,0.794872,130.69
1789.0431411029062,745.9687306059694,2731.665800186112,3674.0105906985946,1059.311737406417,0.820513,84.62
1516.2668234329142,477.19522664508185,4206.515411741048,2892.476862162161,907.5456760187953,0.846154,72.35
3072.2267901458627,2809.6919990252063,551.9678165149961,1266.5290981187911,2299.584296195144,0.871795,93.72
766.9208801336479,3007.744891959487,2982.655813329393,1464.7001274438335,1777.9782871336386,0.897436,120.98
867.7063630916202,1939.6623750867166,1274.457407196864,2929.7747480105613,2988.399106614238,0.923077,130.81
2897.25289293043,1862.7961809619135,2348.166009264974,963.7073105649824,1928.0776062777002,0.948718,134.16
1725.6868274923802,1797.0212870957823,656.6500722349139,3459.3065821262535,2361.335231050672,0.974359,140.39
1342.594786505728,2898.1327381170354,2239.409445992189,2985.7439240462686,534.1191053387805,1.000000,127.17
1816.2576094401018,2014.9470235176834,3307.538074392221,1155.221426859856,1706.035865790139,0.000000,32.18
586.1884496819094,657.7599127496358,3023.2984860362144,2704.375848229319,3028.37730330292,0.025641,0.00
3005.285948719562,1957.2939243155913,631.5355072689445,1742.9752970923905,2662.909322603511,0.051282,15.57
4263.857219779705,1969.3263934732865,1119.3160327675569,877.9605115749545,1769.5398424044963,0.076923,28.01
2558.8570857918494,2168.457925663336,1822.4106889474347,2704.8511326537623,745.423166943619,0.102564,0.00
3197.8547784674533,1365.2952503824342,2546.4535605865617,393.20673369567197,2497.189676867879,0.128205,11.70
3774.6962112908536,1027.114975863,2532.8969232214617,1403.2841267914232,1262.0077628332608,0.153846,0.00
2162.7918674333414,420.99089733056167,2906.4241642753777,2940.969503844765,1568.8235671159537,0.179487,57.79
1452.567238272912,821.9962091488884,1249.6775494914846,3280.731963020122,3195.027040066593,0.205128,59.22
1265.8329936341156,3148.3582570339377,1948.8857399292197,435.9919361096583,3200.9310732930694,0.230769,69.80
1778.6665295875252,1975.745529956937,2313.712889401739,1894.8160812937933,2037.0589697600049,0.256410,52.89
637.1115712289355,3022.7183555146585,1773.4606166630124,1769.15818983143,2797.5512667619646,0.282051,30.29
1339.0544308037324,2426.979963705849,1428.3530769286374,2289.7693259320827,2515.8432026296987,0.307692,70.97
1803.578272741396,1187.9338018302894,1282.9306983950585,2490.900174785306,3234.6570522479506,0.333333,58.83
1180.9065297788395,3544.9923620301925,519.7936400601149,2080.149302813291,2674.1581653175617,0.358974,59.62
2035.7600267458151,2617.8699955836523,1601.8252894598459,2908.2225203380976,836.322167872589,0.384615,60.67
1794.5418820336204,1491.3820400067295,2377.664279651039,578.1873938449846,3758.2244044636263,0.410256,51.57
1210.3997570403176,1339.179176710507,2492.249377068337,2896.799370054681,2061.3723191261574,0.435897,28.57
1870.5257747092705,852.0598755661898,4082.1369069205366,1745.4833839818161,1449.794058822186,0.461538,81.76
2175.4887609352922,1096.7360968223059,2656.6631465591577,1505.5781869006796,2565.5338087825658,0.487179,62.29
3185.9163096495154,1371.1302542970416,2985.4176372596708,2051.7576486614184,405.77815013235397,0.512821,90.41
1547.155892642772,1693.7163527588887,1479.1611661468062,2735.745932298094,2544.2206561534394,0.538462,79.75
2584.203137705451,2482.8804218039727,1313.8529678717532,704.2223585975863,2914.8411140212374,0.564103,47.72
2465.6385271696026,1264.4372116182415,1904.076023308432,2355.4397437912176,2010.408494112507,0.589744,95.41
2952.6208725952583,528.0046808159033,3416.5128816753163,723.5666349414462,2379.2949299720767,0.615385,107.60
1639.3537216303798,907.2566652729032,2758.121338205884,2940.9156998400067,1754.3525750508252,0.641026,55.21
974.7198416646974,2066.398520444758,1293.8612473237868,2635.3705131214865,3029.64987744527,0.666667,85.25
1732.0591812264597,2937.7581345892727,2604.3073914783495,2165.2490112212568,560.6262814846616,0.692308,107.85
3230.193406298384,774.8291025688374,3244.025120814637,439.72347774994665,2311.2288925681946,0.717949,127.93
3145.897728439988,1436.152592652513,1509.3034130247847,1503.9679249401481,2404.678340942568,0.743590,85.87
3180.4851764043674,1265.982711715588,2845.515588492594,1197.798572006164,1510.217951381287,0.769231,105.79
1564.9699451319073,2102.612648545882,464.27579304648805,2571.6451510832276,3296.4964621924964,0.794872,97.77
2124.9942978591757,1139.5246127115406,1904.4340771911154,1657.7667357945927,3173.280276443576,0.820513,112.67
528.8815108934316,2470.5619381436604,1566.1545118217527,3195.066077746127,2239.3359613950283,0.846154,110.12
1924.150892215752,1966.393206465319,2446.999054341406,2592.935717859951,1069.5211291175706,0.871795,95.22
1221.5642154698987,2721.8905999625795,2123.188740324341,2281.1055166719925,1652.250927571188,0.897436,107.25
1551.9936776187917,3506.5799599737575,2413.3187543379986,739.1143377734668,1788.9932702959868,0.923077,99.79
3288.9475695196143,1373.4699322930119,1210.854880549569,1141.2332044652098,2985.494413172595,0.948718,102.93
2688.7349761240516,377.47457866163677,1883.608750669006,2569.7639505221396,2480.417744023167,0.974359,146.90
2288.166358108937,1053.5039687342683,1737.5294011144517,2452.139839785295,2468.660432257048,1.000000,144.89
2617.3118275372153,2097.6770691069837,2692.2170975818894,796.4502569065647,1796.3437488673471,0.000000,0.00
2312.193572698306,2696.6657572337167,2822.3076466236007,1016.846156420002,1151.9868670243732,0.025641,32.50
2357.0358674581717,368.8862265492427,2442.2733219657275,2494.253972779071,2337.550611247788,0.051282,20.56
2559.1288155033144,2017.085554051335,1096.223397986416,1964.2378533383887,2363.3243791205446,0.076923,34.17
2670.6889727468115,1838.8942664451572,2698.6634909718505,2090.327867020997,701.4254028151831,0.102564,28.61
2726.980268571058,1153.5361355379337,1549.8405603155481,1831.7297079167656,2737.9133276586954,0.128205,26.91
2337.098321270684,3426.240686324782,1563.8545868213082,1781.8174130684283,890.9889925147965,0.153846,0.00
1926.026445564672,2053.4566145423155,1689.855758275792,2437.2112458856996,1893.44993573152,0.179487,14.60
2573.6222966329183,1502.1091821193277,783.8407482523896,2667.2929568917275,2473.134816103636,0.205128,59.54
1733.7299232620226,420.99937395814203,1757.1100772011978,2897.8344527711974,3190.3261728074413,0.230769,66.48
2532.8872028202445,566.6500233009668,3259.9026589792425,3219.344697418909,421.2154174806374,0.256410,14.86
747.5319037744953,3001.4049271412,2035.9259587590911,2655.645908937282,1559.491301387933,0.282051,21.17
515.9568703575438,2218.566300452977,1932.1116099014102,2292.495256633112,3040.8699626549574,0.307692,12.39
881.1757610871718,2068.5361244288238,2030.7978943663963,2791.887056243879,2227.603163873728,0.333333,80.90
1211.2264413485739,3234.890004852302,3268.388476905066,709.858922191341,1575.6361547027184,0.358974,36.07
2421.6685903457433,405.60986198089836,2429.849203024267,3000.0501844123546,1742.8221602367373,0.384615,89.52
2351.1534556818087,616.2107829910618,2683.611791797961,1340.3752082071096,3008.648761322059,0.410256,52.13
2120.9274354429376,2882.520466203965,556.5548996224696,3017.7875636828176,1422.2096350478114,0.435897,70.81
2190.8471687641727,2483.7724230490335,1000.67045909622,594.8481303223165,3729.861818768257,0.461538,66.95
1596.2139117903178,1498.8353878768391,2730.099805244281,3420.7937604703684,754.0571346181941,0.487179,34.03
3192.393921915001,1725.5045350506005,500.98282411434246,2910.8901024925985,1670.2286164274578,0.512821,64.34
2224.5137499196157,547.0208137737353,1512.4843560634004,2119.2562595060485,3596.724820737201,0.538462,94.94
646.1550899164915,613.2204431202313,1750.8186885306175,3573.818609992963,3415.9871684396962,0.564103,76.38
1778.4504314272872,2181.4200439686347,3310.1056349450064,1280.2481456092794,1449.7757440497924,0.589744,43.87
3251.8186129703877,1233.9255514409708,1546.18687295102,920.8412186791242,3047.2277439584964,0.615385,96.91
2236.4805646221075,2197.995870915454,2411.3584446179716,1246.0769932241053,1908.0881266203623,0.641026,86.72
1278.741314899366,3088.4688127578074,1314.8139539174535,3008.2666486364456,1309.7092697889266,0.666667,47.94
3149.6791427114345,2952.4939997760343,775.1717326426277,1314.1936930638553,1808.461431806046,0.692308,80.05
3065.2755316272705,496.70118050410554,3888.0190763023884,1539.955409044163,1010.0488025220717,0.717949,114.22
2788.65397272695,2169.5116285685644,2791.6066588616013,1655.3105692048982,594.9171706379863,0.743590,117.20
3290.944249743401,1453.6447505936926,1438.2787956583988,1311.02979668253,2506.102407321977,0.769231,85.51
2808.790795098631,1371.5052036989805,3406.81009325875,1243.564934214447,1169.3289737291923,0.794872,83.68
2349.6023812726385,3024.281030772017,886.1680927498616,1340.7076577041237,2399.2408375013592,0.820513,98.56
2186.214045219409,2217.4981904307665,2220.800131353069,2946.7129727684232,428.77466022833295,0.846154,146.68
2637.3711534160316,1759.930861282336,670.508483251548,2561.790018344851,2370.3994837052337,0.871795,77.43
1333.8148889823728,645.8997501785952,2281.8448976820955,3459.1532411054404,2279.287222051495,0.897436,80.60
2749.6277111330905,1410.7209619274327,2961.6637854975475,1799.7372901420395,1078.2502512998892,0.923077,120.59
2683.756148642564,641.1207868603367,1922.8086865739763,930.4003363955308,3821.9140415275942,0.948718,125.01
1762.405163236889,2138.1722267732125,2127.199040958452,1734.1717246776307,2238.051844353817,0.974359,153.66
1348.3089663224741,765.2682360265345,3098.0053882518964,2935.580859801417,1852.8365495976784,1.000000,114.41
2031.0304969018493,842.2739717069707,3131.4552299550983,1345.1546713449275,2650.085630091153,0.000000,40.47
1358.8911948429245,1790.0602173080824,2494.01732296763,2789.4455565469602,1567.5857083344029,0.025641,0.00
2750.3413961002425,1673.3251039675,1224.713800340194,2546.5877605169303,1805.0319390751333,0.051282,11.05
2331.6806609055916,661.8972382277659,674.6987474962147,2879.7048320767035,3452.018521293724,0.076923,27.74
2718.653885291045,2595.8434049485004,1291.8928724509008,1124.6767031523486,2268.933134157204,0.102564,0.00
3010.747464713227,913.2764910915217,1526.9280085313765,817.493375306121,3731.554660357753,0.128205,26.21
2191.7108920593496,1752.3268562150465,2000.926068622088,2035.1984477864355,2019.8377353170797,0.153846,18.92
1626.2059165887715,2199.3701506912807,2543.205260914197,658.9019340824038,2972.3167377233463,0.179487,11.85
4524.630167418139,1205.031618527269,2230.298426666489,996.9224527813404,1043.1173346067642,0.205128,6.81
2553.144073474641,3683.7837678899814,1162.8233137467898,623.1806202957544,1977.0682245928335,0.230769,0.00
1525.0344766250425,2833.008325835997,2584.365239289261,1045.0344243346767,2012.5575339150207,0.256410,4.35
958.0410160945456,894.5761186840504,2831.1840537153967,2395.76499395995,2920.4338175460575,0.282051,30.47
2461.102641346527,2043.0625604434722,2299.831257000665,1342.4399501741566,1853.5635910351805,0.307692,68.37
458.8421136075267,2378.0587290877274,3404.5695773704574,3309.2095863276872,449.3199936066007,0.333333,55.26
2356.867343900745,1563.2588493701194,2420.61910056899,1869.0363789060982,1790.2183272540487,0.358974,35.47
1898.0968388232068,575.1714606220838,1922.4487425909074,2945.4726299681583,2658.8103279956435,0.384615,25.93
871.218622984978,425.34038894870855,3012.902698868192,2597.4222575011445,3093.1160316969767,0.410256,46.06
2317.8915868345794,1165.9409185152,2695.826658115616,2134.897272670067,1685.4435638645375,0.435897,76.71
2519.4658160380436,1270.8080295231887,3122.8374279305554,2639.375102670951,447.51362383726075,0.461538,85.11
1409.6355012016115,3276.4410566496867,1839.5634898011308,2091.5655409889096,1382.794411358661,0.487179,70.04
503.14127426634974,1434.5113753084047,2931.659937543211,3507.4047209815185,1623.2826919005167,0.512821,89.27
2017.1364665610902,1530.7370480236893,1549.9618994179098,2454.0348559941085,2448.1297300032015,0.538462,60.09
3163.635875570025,2257.4902694754064,1359.6839658833942,1692.853987470589,1526.3359016005859,0.564103,33.30
3194.183561505658,612.8884194758406,1149.3038436865256,1649.5756595235605,3394.048515808417,0.589744,86.97
1430.4343817699887,3434.248285611374,2176.8141078303415,1960.095038842501,998.4081859457942,0.615385,83.01
981.0028965508487,2362.817974204689,2762.8498028639315,2291.373288783383,1601.9560375971475,0.641026,89.03
1241.2576788114766,2175.780953096198,929.2204551714949,3410.4165741909255,2243.3243387299053,0.666667,98.32
2374.5469632234344,1954.1504543577746,1436.3067032983913,1305.4601180949355,2929.5357610254655,0.692308,88.11
2038.6779364106417,1495.5482089206935,2750.8205321426744,2951.3929037982502,763.5604187277415,0.717949,73.39
910.0620212510539,1062.9338877225484,3057.6825894624744,4431.347437951462,537.9740636124601,0.743590,83.97
1475.5357151896937,1902.7885796170349,1001.9920422150022,3044.5536242833323,2575.130038694935,0.769231,60.84
2725.9003112251535,3243.350625674977,1657.7154048219807,1389.1115927792318,983.9220654986572,0.794872,134.51
1601.569806051801,3043.037131627379,3316.311616213306,803.473314602496,1235.6081315050183,0.820513,73.15
3328.248097146395,1408.526126393651,1415.3070437700599,1876.8318061455684,1971.0869265443257,0.846154,144.82
624.6450258926953,1891.542273694673,2966.6904247333173,1528.936710099353,2988.185565579962,0.871795,118.05
720.8139779399952,3287.3438636753626,1692.393913495215,3424.425704401753,875.0225404876726,0.897436,82.79
1747.5488221546002,3503.656315571338,1472.0450626557426,2148.9800215156006,1127.7697781027182,0.923077,135.44
2396.6787221001077,2643.1087385710407,2054.518982909109,1899.5933814066404,1006.1001750131026,0.948718,118.77
1540.231003101456,1612.5600325824835,672.6405175464943,3455.608617506661,2718.9598292629057,0.974359,84.74
2468.831552592888,2805.5772303667695,1939.523316415733,1097.2811354007579,1688.7867652238529,1.000000,122.01
624.2998210270454,2713.2731528884306,1240.8141959239147,3367.674387387602,2053.938442773008,0.000000,0.00
1586.7900019094807,1636.5700487058375,2315.296530399682,2563.1693849970193,1898.1740339879793,0.025641,37.53
3434.490962372012,658.1416937087007,3271.8878204674766,1735.600531326217,899.8789921255951,0.051282,36.41
3441.7935548310857,1251.098160794371,2452.6281665363235,1258.9533370534025,1595.5267807848168,0.076923,18.60
3636.6194958362134,548.6186835837008,1631.991672805804,3380.5207566352856,802.2493911389952,0.102564,57.08
599.4972561246968,476.7947244452148,2866.4418251109773,2330.8187390631538,3726.4474552559573,0.128205,0.11
1991.2277221218678,1270.4720467975594,4788.871432346281,669.7647682581643,1279.6640304761256,0.153846,1.78
2651.321493999659,934.3845249908542,2609.0328428819957,849.823914922848,2955.437223204643,0.179487,0.00
1108.1841621382923,756.8895703910375,1583.995947996602,3247.1955950014694,3303.7347244725997,0.205128,6.50
4080.2977033733573,489.65005596333043,3036.0670128030665,1103.2619865885642,1290.72324127168,0.230769,33.58
2380.8677084142178,2817.165785470697,2345.3869799627714,1791.464356178135,665.1151699741806,0.256410,23.71
3345.880293177765,1635.304381090502,943.1231122421825,1085.1513338938475,2990.540879595703,0.282051,25.26
3444.040907883151,1997.2778022613945,685.0068482442623,2931.245353730852,942.4290878803416,0.307692,6.82
815.4855808378975,3000.4289172547674,2747.998517186548,995.3101987898102,2440.776785930977,0.333333,41.31
2062.3643109291183,2300.797880241684,1157.7997278059727,2082.1273621481982,2396.9107188750254,0.358974,30.34
2554.223591540273,2130.657776722783,944.2142371113507,2097.1266663235924,2273.7777283019986,0.384615,84.89
3044.165187744264,1235.7505062708278,2346.431536780471,1876.3775909556807,1497.2751782487558,0.410256,38.79
3409.790034875813,1141.3756098487718,1172.5229738504402,1597.6845198488184,2678.626861576157,0.435897,55.25
3327.8517046088627,3531.7815355515904,1125.88026545031,920.5219673345342,1093.964527054703,0.461538,63.77
1061.3860156123342,1738.4545007537165,2540.4078933052456,1967.509717573493,2692.241872755211,0.487179,38.03
726.0288109899024,1542.5959844846932,1833.623222748915,2601.293882057919,3296.4580997185717,0.512821,69.12
1732.2483510315121,1788.2080624388554,1880.6725899307296,1483.402054537861,3115.4689420610407,0.538462,46.43
3052.987513097669,2391.06368037438,1361.795380437882,2411.1361730320746,783.017253057995,0.564103,112.29
1893.3805539248006,2636.222848279712,1256.750531904557,1319.5773589561445,2894.0687069347855,0.589744,46.45
2077.788816867118,2731.466363464859,791.051369649984,2161.6769080167505,2238.016542001288,0.615385,42.65
1548.0050863791748,3275.161050079967,1925.3705290010837,901.6310015791247,2349.832332960649,0.641026,107.08
1569.1397976727542,2128.352287364523,1889.30761517848,1762.3641992741386,2650.836100510104,0.666667,105.92
1343.0482926757015,1867.319833785758,2187.7638633495458,2742.2648439881546,1859.6031662008381,0.692308,127.95
1031.4528344763094,3115.568651396795,3288.2461776658956,1200.794672076844,1363.9376643841556,0.717949,82.90
1856.4115269062017,2741.6013808358816,2405.1957888127336,567.1861720342611,2429.60513141092,0.743590,102.68
2352.198868900503,1441.203974658353,3240.069028923561,579.8683783178188,2386.6597491997627,0.769231,129.60
896.0769272001413,3367.4875948514514,2571.0640897311528,1412.9206535223323,1752.450734694921,0.794872,106.62
3319.5345847503504,441.5516377675034,1805.679761560641,3389.4671076123086,1043.766908309197,0.820513,104.10
3189.096909861574,773.9266032675102,1498.2717922579855,3843.344558311269,695.3601363016602,0.846154,110.49
963.2109428445743,2624.969879693469,2818.5804977657185,514.0669705825454,3079.171709113693,0.871795,102.43
1106.2586759622397,1956.317338076082,2132.7732408838788,1578.360199871562,3226.2905452062387,0.897436,104.13
1771.576726248898,3347.045197205266,817.4143737055537,3406.809147366582,657.154555473699,0.923077,97.26
2027.5015868758999,2893.474370976375,1560.986358599822,589.5231393550154,2928.5145441928876,0.948718,157.83
921.9771610149996,3405.0797891988755,721.1511882624861,3319.881141238564,1631.9107202850746,0.974359,123.82
1594.3283366309454,3274.0553793900554,1193.805668497481,658.1343528037715,3279.676262677746,1.000000,107.29
1892.4650589164517,1670.5376863249408,1267.5835385811572,1705.867139801903,3463.5465763755465,0.000000,11.48
3266.5460188754437,2539.0133867381414,1287.3240813857938,423.0202853139805,2484.0962276866403,0.025641,11.24
3532.3439221536923,715.7304455230997,1671.8328332823862,1619.1021956795353,2460.990603361287,0.051282,48.33
1341.2463745529324,3400.1051804906283,1225.1636218373249,2442.8491154819994,1590.635707637115,0.076923,32.97
3562.6951488393133,2743.112238741993,673.9237765355342,2115.8700736909286,904.398762192231,0.102564,25.23
2159.4402758022024,2050.1432223641877,2219.6315123440518,2205.0545398631252,1365.730449626434,0.128205,32.94
2494.296501490408,1249.8987433859925,2958.0792370546874,1575.139043402964,1722.586474665948,0.153846,63.23
3345.633619083504,881.8702898870476,2168.281478551696,2614.2744929993896,989.9401194783637,0.179487,16.49
1535.7511787768922,2126.5846698020837,466.58396608071126,3565.3592348416087,2305.7209504987045,0.205128,6.36
3351.182445531707,3567.131176790114,1312.0617910884018,577.1843153768941,1192.440271212883,0.230769,54.42
3447.7241949779122,919.5794292071441,972.4486778551105,1920.330925322403,2739.91677263743,0.256410,6.62
2143.856526241113,2489.5620783408626,2941.995360893152,1353.9414176072078,1070.6446169176659,0.282051,19.57
1896.5919866981885,1195.9492711923997,4468.455885101577,599.6144604125525,1839.388396595282,0.307692,25.83
2819.8470072658174,860.5455416965337,1120.5874707483747,2363.9703309901643,2835.0496492991097,0.333333,21.37
2538.709972391647,1073.5174787424046,1986.5987179588155,1670.9507289200221,2730.22310198711,0.358974,10.86
3807.007538654364,476.3573097496286,1436.6481361920755,2184.715510416542,2095.2715049873887,0.384615,41.30
1149.8406575504127,2947.3073485046325,2362.3223161877536,886.1398659614935,2654.389811795708,0.410256,88.53
2624.0700749566377,2232.7419037819323,1672.2488910742247,2406.8059672723616,1064.1331629148453,0.435897,84.15
957.2317230372154,1393.5807399307664,2152.975519823329,3387.0282996741716,2109.183717534517,0.461538,51.51
2292.2370772159625,1905.156904477084,889.5676543234335,2640.1996043233157,2272.8387596602033,0.487179,71.01
1352.6474766775857,3529.319234700655,3951.9623897098536,577.5235552750511,588.547343636853,0.512821,72.45
2637.6875566883095,1797.6146395034762,962.9321531676225,1840.1134925962772,2761.6521580443136,0.538462,55.31
2083.518334297863,1244.6447701403529,2536.359830061093,1904.564474349389,2230.9125911513024,0.564103,42.35
1526.3871983766987,3588.210258954401,791.0595055897223,2124.186898191447,1970.1561388877299,0.589744,67.87
1023.509034049526,3234.8023225192624,970.5524102717948,2827.8521916410305,1943.2840415183866,0.615385,91.06
1034.6555879391503,2057.6806164843824,531.251504940371,4020.023673704305,2356.388616931789,0.641026,70.56
2346.305553442906,3304.1931111517524,2759.588408805292,517.6621476387804,1072.250778961269,0.666667,67.62
547.0300452524544,2654.7084824232247,946.6486771377973,2535.4078643199628,3316.2049308665614,0.692308,90.05
2156.6053489742417,2127.65380647527,2474.753751513244,786.2866449509874,2454.700448086257,0.717949,55.62
2702.3345839017984,2045.2290396425376,1406.4614175886788,1483.5540292307876,2362.420929636197,0.743590,91.37
683.927511282906,2675.0444715986227,3075.2213247952973,2032.6959979106248,1533.1106944125484,0.769231,80.59
1136.7411081478338,1641.3042719925652,3811.107955869085,1918.7784808652962,1492.0681831252207,0.794872,108.05
2771.8206460626598,3291.301267810508,1064.0678707904494,2280.7279654802514,592.0822498561324,0.820513,129.33
2529.2435532433847,2664.423220118004,2678.103791219322,583.5344894732938,1544.6949459459947,0.846154,145.29
1736.1404204400603,1071.8768533408752,794.736361873677,4884.89831380384,1512.3480505415473,0.871795,111.08
2023.4982771223185,2054.976622703537,509.50030655961797,2343.4696318048536,3068.555161809672,0.897436,100.58
2341.3667435382863,2066.0702769110676,2551.7162977894486,1480.1820483962124,1560.664633364986,0.923077,88.33
2102.795543104659,1433.8735145290862,3324.6813923185937,1740.9544735799268,1397.6950764677324,0.948718,149.43
2726.1442605766983,1463.1128287630756,839.3396786522918,2245.7238908778004,2725.679341130134,0.974359,123.22
2603.455000582651,3799.3418167000827,1565.6408717030185,914.1979738391183,1117.364337175131,1.000000,111.67
473.9877022926483,2149.2187255695403,1508.5668265989677,2311.0315152906037,3557.1952302482396,0.000000,0.00
3193.7486528621507,1687.2537826115115,571.5971193347948,1170.4620368875194,3376.938408304023,0.025641,0.00
836.9039690308132,2788.8366302236177,2240.139841044898,2767.2884051320393,1366.831154568631,0.051282,0.37
868.0065251927872,1773.211729311342,1456.6510491199952,2219.436193188082,3682.694503187794,0.076923,39.61
2772.257945879269,988.2125714194062,837.144510141496,2975.7436110602334,2426.641361499596,0.102564,43.09
1177.9709669685103,3179.126867536343,2028.9536544114706,920.9499361886965,2692.998574894979,0.128205,0.00
1325.4677074420517,2440.5101626312194,1344.0771446179838,3329.3686516490643,1560.5763336596801,0.153846,43.88
2622.712407413201,1562.7863758645296,1213.8934747092685,2005.0527459605503,2595.5549960524495,0.179487,45.14
1077.1894108528934,2230.7995713594314,2193.3582956311197,1825.9565260171933,2672.6961961393617,0.205128,2.55
1697.6808946617493,2959.39765554823,2825.51046098345,390.7657023330693,2126.6452864735015,0.230769,3.78
1099.773995616966,2187.1222199688527,1521.3214723949222,1914.0046079928002,3277.77770402646,0.256410,36.52
2026.8938704527363,2377.974751022634,2795.265151207003,1998.9233119485982,800.9429153690297,0.282051,63.97
2291.008649842715,1017.0264804267509,1773.7846261882382,2353.064730366881,2565.115513175414,0.307692,71.68
2548.232532606877,1937.3460556863854,1605.7499397640693,2896.7208773823577,1011.9505945603122,0.333333,76.73
1400.657097513612,1677.8146465486632,1104.3131819059915,3610.7073263508196,2206.5077476809142,0.358974,48.40
2899.7830248314035,1114.9616924966517,3172.832168681241,951.8390921945453,1860.5840217961575,0.384615,90.87
3259.5682721071416,2535.3313165297486,1492.9025181685136,1053.2050424298086,1658.9928507647883,0.410256,93.20
2825.5358421323517,538.5053123482946,2483.6023840032717,3334.1543514641644,818.2021100519164,0.435897,86.83
1682.1898316790591,1995.3937229089297,2160.1783058754727,1715.1826290848603,2447.0555104516798,0.461538,57.00
2110.3855289054436,1022.6275367267125,1707.1563879481218,2507.5510745447027,2652.279471875019,0.487179,70.47
1768.1381003975448,2029.5273177236998,2815.5363672605645,2497.7032402500977,889.0949743680923,0.512821,104.31
1997.2342805822855,3007.3190478635656,633.9331677885889,3371.8369104062135,989.6765933593459,0.538462,75.02
526.669921473275,3523.2554539961197,2787.378698593692,790.1660866655939,2372.52983927132,0.564103,74.19
1362.5967795911167,1946.6852092954884,2649.233671846915,1612.439168589955,2429.0451706765257,0.589744,38.72
1867.3643922986557,888.3311118049148,3013.46916614884,750.195330027989,3480.639999719601,0.615385,114.78
3047.0764215608633,619.4285845886709,812.9708954399545,2378.3266295362146,3142.197468874296,0.641026,103.29
536.5073029748344,1253.5650366064324,2948.9153759736687,1763.995138997361,3497.0171454477036,0.666667,116.11
2655.5566231360135,1198.451233638109,3164.4960369650025,1535.5870034090651,1445.90910285181,0.692308,110.34
955.9904629491564,2610.7939820425686,1615.9019420967552,2630.6317332260724,2186.6818796854463,0.717949,73.04
859.0635540852834,1993.6586015512191,4098.400320018672,1317.0465903185645,1731.8309340262629,0.743590,104.80
964.4558866433134,2707.6625354574007,1047.4459258349373,3809.49484607119,1470.9408059931582,0.769231,104.40
3221.822466343506,2194.369955166781,2225.8115252777116,655.6269541675986,1702.3690990444018,0.794872,74.91
1165.2235693571495,3937.181069781843,867.8266211845523,2160.1126537055634,1869.6560859708914,0.820513,82.92
2487.414205802979,670.6826357088501,1725.976687181198,2747.512677296201,2368.4137940107717,0.846154,68.61
1447.9408681693344,1194.136042441536,2738.769455217699,2924.6377640682117,1694.515870103219,0.871795,82.01
782.2994434062642,1727.7496251570801,3254.85186416965,825.7772454666613,3409.3218218003444,0.897436,135.85
1486.4707532463742,1027.0838504211831,1730.3695725783243,2421.789123198736,3334.286700555382,0.923077,118.85
2998.330863766475,1143.1594384094992,1108.4783977736076,2285.1481042719506,2464.883195778469,0.948718,149.04
1470.6035853018725,1936.7051375859808,1336.7231185959524,2328.894939370913,2927.0732191452807,0.974359,158.81
2892.7028848737277,1193.9634988928613,1008.0961347425817,2594.9046782645796,2310.3328032262507,1.000000,111.35
1121.4375894945258,2909.4103319446886,1909.012252932807,1385.2562236217393,2674.8836020062395,0.000000,2.43
1841.9086127212743,3072.388436038236,1468.007868453561,901.861435244591,2715.8336475423375,0.025641,0.00
1072.7488225240024,2735.4556518869376,876.6056025266306,2811.6390763304057,2503.5508467320233,0.051282,33.30
1404.9946379093228,2810.077790879727,2482.2749816432115,2277.184585829152,1025.4680037385856,0.076923,6.82
2667.9200529289224,1854.258235504731,1215.1354062511737,3082.747929993602,1179.9383753215718,0.102564,4.73
1409.918274339744,1581.2140740133518,2418.4895948820836,2029.0370597440785,2561.3409970207426,0.128205,56.39
1953.218501917824,2676.7659156854966,844.1159901143591,1645.8653754467182,2880.034216835603,0.153846,48.26
679.376017361989,1660.4323245213764,3289.520409751245,2471.7784075714244,1898.892840793964,0.179487,44.76
3198.0943145406127,3111.0466414096604,1514.8949862801558,525.859680105683,1650.1043776638883,0.205128,36.57
1980.699767442513,1169.8589419366397,1975.6513597953465,1412.266732664453,3461.523198161048,0.230769,58.50
1522.0430163831356,2391.687516065898,1104.248632996284,1334.9636551113394,3647.057179443344,0.256410,49.96
1964.901478281017,1848.591654413177,2577.5209381432787,1920.67846847208,1688.3074606904468,0.282051,74.12
2505.1284517986155,975.4721307677121,2711.199377774885,2630.2471078351773,1177.9529318236098,0.307692,41.74
2951.31336266629,2564.3789481949916,2733.0590129582897,481.01132229766745,1270.2373538827621,0.333333,55.92
2934.9349123750035,1189.0072347020598,718.0887866651299,2747.5018675421265,2410.4671987156808,0.358974,76.96
1985.2762092879225,960.0557162775386,3002.9277221574466,2557.6134140455574,1494.1269382315343,0.384615,51.69
2761.320442194721,1813.800672682635,3247.2260008053217,1718.1912754279967,459.4616088893267,0.410256,93.36
1330.9896130368043,3094.039775247415,2454.7042456737813,2393.245283319631,727.021082722368,0.435897,74.29
2601.05395675045,999.1599820718266,2776.189028223641,2243.325208774933,1380.2718241791497,0.461538,79.90
1371.2041340295416,1014.7065750707831,1514.2501324461514,3842.874976598032,2256.964181855493,0.487179,82.74
3046.964216233091,2355.0484075140466,2727.363023283402,1263.7239453296497,606.9004076398095,0.512821,92.50
2223.70350612546,3356.5154356288467,1615.8256494129555,1188.196414896379,1615.7589939363584,0.538462,84.49
2721.0565241713634,1324.9622508374418,1211.8957981652434,2527.9208983530916,2214.1645284728597,0.564103,104.53
1474.0081981442313,2252.072891722624,1248.3432038830335,2744.2678526267337,2281.3078536233775,0.589744,82.94
836.7755866864877,435.74122884382814,2809.882434977371,2784.1066423802267,3133.4941071120866,0.615385,103.63
1470.628697662622,1969.573200654042,1474.3965486482139,929.7609157428853,4155.640637292236,0.641026,56.33
1995.257729807387,1253.3233832874355,1499.2279424277353,2262.20553797315,2989.9854065042928,0.666667,85.90
1548.615656583702,1358.95666671081,2782.5729586892353,1467.752388939213,2842.102329077039,0.692308,83.84
1376.8649605946757,2501.5543030261615,571.8309067139295,4129.696715528728,1420.0531141365063,0.717949,126.82
1974.64825208392,2609.249263743192,944.2891116949041,2044.2186262168743,2427.5947462611093,0.743590,80.04
1905.7124420112063,1704.1339719746818,3114.8339823389592,562.5714956730719,2712.748108002081,0.769231,66.57
2035.8920882376644,1677.9890459923026,753.9948448185572,1489.522017265809,4042.6020036856685,0.794872,122.32
1184.6138387456922,1582.7094546194544,2174.669684810327,2615.5820570228284,2442.424964801698,0.820513,70.67
2795.9366568147434,856.1861221683113,552.1722291028407,3710.0924450787597,2085.6125468353457,0.846154,125.87
1928.6909443158456,1168.6945933501,1513.0570679134028,2356.6607883617726,3032.8966060588796,0.871795,120.17
2653.9571852873614,654.111168571668,3380.605605241561,2023.6505501885722,1287.6754907108366,0.897436,124.40
1942.801672269792,1781.942279471061,1492.8115799895056,2457.9591911608995,2324.485277108742,0.923077,129.83
2082.6057736211424,1894.1186679112366,2747.952955499527,2430.744967242827,844.5776357252681,0.948718,115.07
517.6823448409223,2586.4702452578435,1934.2700478215295,2958.2617234007585,2003.3156386789449,0.974359,128.85
2633.9913638910066,1807.064843444897,1160.3945365971608,1960.7114320099738,2437.837824056963,1.000000,147.88
2783.877732395891,534.1118053562752,2381.135176355678,2364.353725651403,1936.521560240754,0.000000,3.09
3246.6180940418853,1371.2185286794922,922.648251524347,2828.102252992199,1631.4128727620753,0.025641,2.60
698.8615110873209,1646.143693672682,1533.068443965214,4384.1426881349635,1737.7836631398186,0.051282,39.77
3299.5740330525286,2896.2393514779324,992.4418443247001,2328.403392418594,483.3413787262444,0.076923,14.28
1849.3429215553995,738.6413067340982,3972.3977722877225,2850.7869092720784,588.8310901507006,0.102564,10.89
1877.276135049147,527.3485304686717,663.1902033174356,3375.4304872721864,3556.7546438925588,0.128205,54.99
3092.9542914477047,399.18400644649387,2617.0751956036556,1174.4744791715043,2716.3120273306404,0.153846,13.04
2417.5763620010894,2043.2256741903575,1457.5037045483266,2214.966939243563,1866.7273200166649,0.179487,62.30
873.2806687131884,2716.458904507837,3234.8180241467053,492.0305678080918,2683.4118348241773,0.205128,0.00
2411.261546209104,2951.0692113626055,2554.02614851549,953.8315209301363,1129.8115729826636,0.230769,20.69
2774.6399720396603,1211.9276140860961,2434.435176284042,1951.81950237899,1627.1777352112128,0.256410,24.34
3047.7347212777577,1650.3943953725968,566.3934511882165,2100.7914050396753,2634.6860271217543,0.282051,51.06
1699.2836357939714,1318.6045600677683,2420.479729122915,1476.390423181835,3085.2416518335103,0.307692,19.36
695.7555628259095,2913.8949756256793,2571.9276809439643,2366.1523838202493,1452.2693967841979,0.333333,20.32
1336.4631025803833,3857.4105014785796,1766.953880929994,1757.9830031573463,1281.1895118536968,0.358974,69.88
3546.0556092849506,527.5156758874659,2008.299898180543,3481.859268045823,436.2695486012159,0.384615,33.53
1995.4546918801914,3182.891901592874,961.8719133705092,2463.0497530920256,1396.7317400643988,0.410256,30.83
1184.2159856458534,688.757760610237,1748.4772344107334,3961.2153822841133,2417.333637049063,0.435897,67.46
2325.7054276123818,2241.1312434442834,1224.459030413337,1550.9350905180245,2657.7692080119723,0.461538,65.68
2886.8172400995018,858.9798711894713,2915.9346513662476,1646.6103922500317,1691.6578450947477,0.487179,36.61
1464.269328393143,1753.7686789686632,1376.2623122130892,2668.56463425732,2737.1350461677835,0.512821,71.72
1543.1777207301466,1965.5166787360363,2860.969180902373,1432.1131122584734,2198.2233073729712,0.538462,40.44
2403.5278237202924,2115.9793342654943,2312.8625785420354,1152.2328653024888,2015.3973981696895,0.564103,42.80
1033.3965595163402,3543.4254073066604,1613.0129598559993,2443.6697722727586,1366.4953010482395,0.589744,41.95
2405.4101846054846,1167.9452707653998,2072.3635207030184,2437.8943948366004,1916.3866290894955,0.615385,84.13
2266.9064054132846,1890.6778874865597,1328.0302553263311,902.9970749379576,3611.388376835868,0.641026,96.44
3148.2301394503,2769.7010037131818,667.5816751261793,832.1976831754852,2582.2894985348544,0.666667,78.69
917.2594577309168,2708.2643274457796,1434.8672734737506,1470.5195535406883,3469.0893878088636,0.692308,97.75
2941.5675759280816,1965.3090684064139,2283.6025985890187,2198.0107504193843,611.5100066571008,0.717949,74.27
3474.3835196966706,2113.21141079918,2329.441920393791,849.6056245895373,1233.3575245208215,0.743590,67.50
1978.8658618616655,2350.9913300449507,416.80642775559556,2662.918818776187,2590.4175615616014,0.769231,91.28
3001.1133033584633,1740.3341160621585,1031.4331139206952,2764.4412893272706,1462.6781773314112,0.794872,107.08
2113.480629285535,3093.4114264581444,1594.2267463380451,2146.5799004525575,1052.3012974657188,0.820513,86.52
1386.3516152566979,1324.4639980588597,2494.272418188772,2478.805639595929,2316.1063288997425,0.846154,75.46
2532.350838451173,1801.802854544167,3509.9870466934603,1010.7006038132038,1145.1586564979948,0.871795,116.44
2166.6269376233276,1871.4024216606695,2108.252066107576,2153.8333548871396,1699.885219721285,0.897436,86.81
2052.6479183630818,1472.484696843928,984.3855959144031,1942.2766043629563,3548.2051845156298,0.923077,145.04
2757.0733877301145,1824.5201401430904,403.2190985577581,2099.8480897662707,2915.3392838027667,0.948718,98.83
1153.6922872238981,4454.437940491452,950.9091953490396,2760.647777583896,680.3127993517155,0.974359,128.09
3734.692528704285,726.0043132485531,1617.815038238827,2002.378524553772,1919.1095952545625,1.000000,127.34
2391.0393137426595,2929.445242282468,2157.1518800650933,947.8171314065569,1574.5464325032226,0.000000,23.03
1402.449178414451,2252.8804578632635,2976.3923328966725,2965.0926944459798,403.1853363796327,0.025641,20.87
2082.8067070791903,1197.8198555899944,1822.1037942590797,2490.340563850245,2406.9290792214924,0.051282,0.00
2519.1931476693667,2511.9017839607886,1232.6308613430513,2619.3928294346233,1116.881377592171,0.076923,47.18
1588.9357024885576,2655.594740709858,2353.403612427503,708.4936797076003,2693.5722646664817,0.102564,11.96
2349.079692798072,1987.102876388452,1172.987170685846,3273.0512077060735,1217.7790524215563,0.128205,6.80
2569.8676377520264,1092.5047644241804,647.4448399369932,5076.185584466972,613.9971734198281,0.153846,39.15
816.1053192025971,2843.0607804781284,1578.3972194167393,2403.018356126863,2359.4183247756728,0.179487,1.03
1735.5464194742985,1643.7325502601595,3345.1423168884007,1722.3934465201821,1553.1852668569595,0.205128,12.17
1380.7161347778067,1849.8024753796542,2061.5404140359155,2477.107855473725,2230.833120332898,0.230769,53.26
2622.037166461601,764.8764464440999,2471.3793356088036,1596.878258998685,2544.8287924868105,0.256410,19.94
2417.1080604620147,1725.5086855328627,2676.7898232966045,2183.1645864119464,997.4288442965699,0.282051,24.81
1314.6275336975148,1553.652866613562,2788.518387362882,2402.052030067891,1941.1491822581506,0.307692,38.27
1220.983363774816,2803.3887885747295,3124.321166623285,2011.9769863347085,839.329694692462,0.333333,16.64
1961.3727645222714,2881.753693804801,1612.8400029714305,2481.0901266702135,1062.9434120312844,0.358974,51.90
648.2204314924429,3292.8890885926685,1661.0218939461204,3802.9464249311195,594.9221610376497,0.384615,58.33
983.7775204360248,3302.7014883382863,931.8270266159807,3963.964424312258,817.7295402974512,0.410256,29.67
800.1812683181615,3286.7222387962947,1650.3275413776244,3057.5498306025397,1205.2191209053808,0.435897,85.05
2357.643772091569,2803.0812324196445,2908.347162109685,1347.10920883809,583.8186245410124,0.461538,71.66
2153.7016345449865,1100.243089260135,2229.8716508911293,2601.235095330235,1914.9485299735138,0.487179,74.71
612.8853617879896,1406.6132418434481,2699.503500411901,2538.4800875924507,2742.5178083642118,0.512821,55.00
2418.7463466842273,2773.201884745239,987.3020441489326,2405.6609557347742,1415.0887686868273,0.538462,67.22
1897.3221955089439,2022.8319065586873,518.4076140308138,3088.4320475601726,2473.006236341383,0.564103,51.89
2929.4904963540635,988.8583520127141,1850.4426551526121,2669.4649924480077,1561.7435040326022,0.589744,108.80
1269.5762438036973,2671.745385081281,2641.2443801094432,1687.2402290920136,1730.1937619135647,0.615385,106.99
2791.977625805366,1973.40897872565,1371.4675018147848,2567.7137797683513,1295.4321138858481,0.641026,111.29
2313.1404308897954,2184.933229455218,1592.6250589106282,2232.6213695984616,1676.6799111458945,0.666667,98.01
2691.378869116043,3088.425971703663,1553.1773496542046,1531.1560081453538,1135.8618013807336,0.692308,123.92
2202.7020516108805,3213.8544096854043,2339.8670684011836,1055.6678430128475,1187.908627289683,0.717949,79.80
2181.665015874923,2123.7482020400107,1017.4053924384684,2450.721880596759,2226.4595090498397,0.743590,128.58
2948.817738126874,3246.4896739957126,1200.3321597473976,2108.443879817558,495.91654831245756,0.769231,107.48
2540.0843060357192,801.6939673026066,576.8104229530998,2859.9399368567856,3221.4713668517898,0.794872,99.95
518.8166917161042,2516.230479723542,2700.727215379399,1078.8614112367654,3185.364201944189,0.820513,136.66
1635.603662246964,1756.1168399507926,1784.1424278226991,1902.4160905695078,2921.7209794100363,0.846154,89.51
2931.5934260226477,765.2806613242773,1867.2010735191536,3279.914523679753,1156.010315454169,0.871795,106.63
1091.5281563565059,1528.400394823154,2493.371627457545,2897.1866812182016,1989.5131401445924,0.897436,105.01
2448.225307891819,1304.0985937067421,2087.056382952899,2179.3146307378274,1981.305084710711,0.923077,85.29
1258.558319072837,1043.1224734888676,1260.744822410706,2826.2838481497884,3611.2905368778006,0.948718,149.81
805.7853263814317,1917.2255304331775,2500.9633218205463,1825.0806969982507,2950.945124366594,0.974359,136.16
1353.0917219245805,3419.0722825257794,2026.7502598388392,2718.1094304991684,482.97630521163325,1.000000,95.10
